panel,group,series_id,name,date,value,source
oecd_gdp_per_hour,CAN,GDPHRS,CAN,2010-06-01,64.76723017642828,OECD DSD_PDB@DF_PDB GDPHRS XDC_H LR
oecd_gdp_per_hour,CAN,GDPHRS,CAN,2011-06-01,65.8875498522623,OECD DSD_PDB@DF_PDB GDPHRS XDC_H LR
oecd_gdp_per_hour,CAN,GDPHRS,CAN,2012-06-01,65.82777760384272,OECD DSD_PDB@DF_PDB GDPHRS XDC_H LR
oecd_gdp_per_hour,CAN,GDPHRS,CAN,2013-06-01,66.73478658789553,OECD DSD_PDB@DF_PDB GDPHRS XDC_H LR
oecd_gdp_per_hour,CAN,GDPHRS,CAN,2014-06-01,68.63337884746598,OECD DSD_PDB@DF_PDB GDPHRS XDC_H LR
oecd_gdp_per_hour,CAN,GDPHRS,CAN,2015-06-01,68.42722666615802,OECD DSD_PDB@DF_PDB GDPHRS XDC_H LR
oecd_gdp_per_hour,CAN,GDPHRS,CAN,2016-06-01,68.80339949730894,OECD DSD_PDB@DF_PDB GDPHRS XDC_H LR
oecd_gdp_per_hour,CAN,GDPHRS,CAN,2017-06-01,69.77485282477761,OECD DSD_PDB@DF_PDB GDPHRS XDC_H LR
oecd_gdp_per_hour,CAN,GDPHRS,CAN,2018-06-01,69.96578185360708,OECD DSD_PDB@DF_PDB GDPHRS XDC_H LR
oecd_gdp_per_hour,CAN,GDPHRS,CAN,2019-06-01,70.18726254064825,OECD DSD_PDB@DF_PDB GDPHRS XDC_H LR
oecd_gdp_per_hour,CAN,GDPHRS,CAN,2020-06-01,75.60275740212813,OECD DSD_PDB@DF_PDB GDPHRS XDC_H LR
oecd_gdp_per_hour,CAN,GDPHRS,CAN,2021-06-01,72.553610370479,OECD DSD_PDB@DF_PDB GDPHRS XDC_H LR
oecd_gdp_per_hour,CAN,GDPHRS,CAN,2022-06-01,72.39575046865961,OECD DSD_PDB@DF_PDB GDPHRS XDC_H LR
oecd_gdp_per_hour,CAN,GDPHRS,CAN,2023-06-01,71.37434156492698,OECD DSD_PDB@DF_PDB GDPHRS XDC_H LR
oecd_gdp_per_hour,CAN,GDPHRS,CAN,2024-06-01,71.37542919328763,OECD DSD_PDB@DF_PDB GDPHRS XDC_H LR
oecd_gdp_per_hour,CAN,GDPHRS,CAN,2025-06-01,72.07767525132377,OECD DSD_PDB@DF_PDB GDPHRS XDC_H LR
oecd_gdp_per_hour,DEU,GDPHRS,DEU,2010-06-01,52.666853632146704,OECD DSD_PDB@DF_PDB GDPHRS XDC_H LR
oecd_gdp_per_hour,DEU,GDPHRS,DEU,2011-06-01,53.95821342438287,OECD DSD_PDB@DF_PDB GDPHRS XDC_H LR
oecd_gdp_per_hour,DEU,GDPHRS,DEU,2012-06-01,54.37768740692824,OECD DSD_PDB@DF_PDB GDPHRS XDC_H LR
oecd_gdp_per_hour,DEU,GDPHRS,DEU,2013-06-01,54.58876855297219,OECD DSD_PDB@DF_PDB GDPHRS XDC_H LR
oecd_gdp_per_hour,DEU,GDPHRS,DEU,2014-06-01,55.11705046040865,OECD DSD_PDB@DF_PDB GDPHRS XDC_H LR
oecd_gdp_per_hour,DEU,GDPHRS,DEU,2015-06-01,55.475977408750566,OECD DSD_PDB@DF_PDB GDPHRS XDC_H LR
oecd_gdp_per_hour,DEU,GDPHRS,DEU,2016-06-01,56.227189447200566,OECD DSD_PDB@DF_PDB GDPHRS XDC_H LR
oecd_gdp_per_hour,DEU,GDPHRS,DEU,2017-06-01,57.3250062439102,OECD DSD_PDB@DF_PDB GDPHRS XDC_H LR
oecd_gdp_per_hour,DEU,GDPHRS,DEU,2018-06-01,57.526692603160825,OECD DSD_PDB@DF_PDB GDPHRS XDC_H LR
oecd_gdp_per_hour,DEU,GDPHRS,DEU,2019-06-01,57.923613386952034,OECD DSD_PDB@DF_PDB GDPHRS XDC_H LR
oecd_gdp_per_hour,DEU,GDPHRS,DEU,2020-06-01,58.421578209146816,OECD DSD_PDB@DF_PDB GDPHRS XDC_H LR
oecd_gdp_per_hour,DEU,GDPHRS,DEU,2021-06-01,59.354989234505815,OECD DSD_PDB@DF_PDB GDPHRS XDC_H LR
oecd_gdp_per_hour,DEU,GDPHRS,DEU,2022-06-01,59.35664761170624,OECD DSD_PDB@DF_PDB GDPHRS XDC_H LR
oecd_gdp_per_hour,DEU,GDPHRS,DEU,2023-06-01,58.74347021756253,OECD DSD_PDB@DF_PDB GDPHRS XDC_H LR
oecd_gdp_per_hour,DEU,GDPHRS,DEU,2024-06-01,58.24931387944275,OECD DSD_PDB@DF_PDB GDPHRS XDC_H LR
oecd_gdp_per_hour,DEU,GDPHRS,DEU,2025-06-01,58.86179901170926,OECD DSD_PDB@DF_PDB GDPHRS XDC_H LR
oecd_gdp_per_hour,EA20,GDPHRS,EA20,2010-06-01,44.98305116676658,OECD DSD_PDB@DF_PDB GDPHRS XDC_H LR
oecd_gdp_per_hour,EA20,GDPHRS,EA20,2011-06-01,45.71140056661959,OECD DSD_PDB@DF_PDB GDPHRS XDC_H LR
oecd_gdp_per_hour,EA20,GDPHRS,EA20,2012-06-01,45.95570876377548,OECD DSD_PDB@DF_PDB GDPHRS XDC_H LR
oecd_gdp_per_hour,EA20,GDPHRS,EA20,2013-06-01,46.41521153549704,OECD DSD_PDB@DF_PDB GDPHRS XDC_H LR
oecd_gdp_per_hour,EA20,GDPHRS,EA20,2014-06-01,46.77834259322887,OECD DSD_PDB@DF_PDB GDPHRS XDC_H LR
oecd_gdp_per_hour,EA20,GDPHRS,EA20,2015-06-01,47.35560909304535,OECD DSD_PDB@DF_PDB GDPHRS XDC_H LR
oecd_gdp_per_hour,EA20,GDPHRS,EA20,2016-06-01,47.45317225592028,OECD DSD_PDB@DF_PDB GDPHRS XDC_H LR
oecd_gdp_per_hour,EA20,GDPHRS,EA20,2017-06-01,48.18206619668915,OECD DSD_PDB@DF_PDB GDPHRS XDC_H LR
oecd_gdp_per_hour,EA20,GDPHRS,EA20,2018-06-01,48.23544211302093,OECD DSD_PDB@DF_PDB GDPHRS XDC_H LR
oecd_gdp_per_hour,EA20,GDPHRS,EA20,2019-06-01,48.54245612399286,OECD DSD_PDB@DF_PDB GDPHRS XDC_H LR
oecd_gdp_per_hour,EA20,GDPHRS,EA20,2020-06-01,49.58955249323997,OECD DSD_PDB@DF_PDB GDPHRS XDC_H LR
oecd_gdp_per_hour,EA20,GDPHRS,EA20,2021-06-01,49.72548594254864,OECD DSD_PDB@DF_PDB GDPHRS XDC_H LR
oecd_gdp_per_hour,EA20,GDPHRS,EA20,2022-06-01,49.65278288567169,OECD DSD_PDB@DF_PDB GDPHRS XDC_H LR
oecd_gdp_per_hour,EA20,GDPHRS,EA20,2023-06-01,49.03534050983264,OECD DSD_PDB@DF_PDB GDPHRS XDC_H LR
oecd_gdp_per_hour,EA20,GDPHRS,EA20,2024-06-01,48.95273659956957,OECD DSD_PDB@DF_PDB GDPHRS XDC_H LR
oecd_gdp_per_hour,EA20,GDPHRS,EA20,2025-06-01,49.438120466097104,OECD DSD_PDB@DF_PDB GDPHRS XDC_H LR
oecd_gdp_per_hour,FRA,GDPHRS,FRA,2010-06-01,53.929021575392255,OECD DSD_PDB@DF_PDB GDPHRS XDC_H LR
oecd_gdp_per_hour,FRA,GDPHRS,FRA,2011-06-01,54.62050263854422,OECD DSD_PDB@DF_PDB GDPHRS XDC_H LR
oecd_gdp_per_hour,FRA,GDPHRS,FRA,2012-06-01,54.73327350955879,OECD DSD_PDB@DF_PDB GDPHRS XDC_H LR
oecd_gdp_per_hour,FRA,GDPHRS,FRA,2013-06-01,55.607119006954655,OECD DSD_PDB@DF_PDB GDPHRS XDC_H LR
oecd_gdp_per_hour,FRA,GDPHRS,FRA,2014-06-01,56.18455011633975,OECD DSD_PDB@DF_PDB GDPHRS XDC_H LR
oecd_gdp_per_hour,FRA,GDPHRS,FRA,2015-06-01,56.64391634857032,OECD DSD_PDB@DF_PDB GDPHRS XDC_H LR
oecd_gdp_per_hour,FRA,GDPHRS,FRA,2016-06-01,56.61756321071513,OECD DSD_PDB@DF_PDB GDPHRS XDC_H LR
oecd_gdp_per_hour,FRA,GDPHRS,FRA,2017-06-01,57.72508981737087,OECD DSD_PDB@DF_PDB GDPHRS XDC_H LR
oecd_gdp_per_hour,FRA,GDPHRS,FRA,2018-06-01,57.8136902644309,OECD DSD_PDB@DF_PDB GDPHRS XDC_H LR
oecd_gdp_per_hour,FRA,GDPHRS,FRA,2019-06-01,58.0871769612896,OECD DSD_PDB@DF_PDB GDPHRS XDC_H LR
oecd_gdp_per_hour,FRA,GDPHRS,FRA,2020-06-01,58.18828051451689,OECD DSD_PDB@DF_PDB GDPHRS XDC_H LR
oecd_gdp_per_hour,FRA,GDPHRS,FRA,2021-06-01,57.39721270142656,OECD DSD_PDB@DF_PDB GDPHRS XDC_H LR
oecd_gdp_per_hour,FRA,GDPHRS,FRA,2022-06-01,56.51368632701345,OECD DSD_PDB@DF_PDB GDPHRS XDC_H LR
oecd_gdp_per_hour,FRA,GDPHRS,FRA,2023-06-01,56.72687591106094,OECD DSD_PDB@DF_PDB GDPHRS XDC_H LR
oecd_gdp_per_hour,FRA,GDPHRS,FRA,2024-06-01,56.7439069049836,OECD DSD_PDB@DF_PDB GDPHRS XDC_H LR
oecd_gdp_per_hour,FRA,GDPHRS,FRA,2025-06-01,57.594401608132806,OECD DSD_PDB@DF_PDB GDPHRS XDC_H LR
oecd_gdp_per_hour,GBR,GDPHRS,GBR,2010-06-01,45.12592300765303,OECD DSD_PDB@DF_PDB GDPHRS XDC_H LR
oecd_gdp_per_hour,GBR,GDPHRS,GBR,2011-06-01,45.03867224438914,OECD DSD_PDB@DF_PDB GDPHRS XDC_H LR
oecd_gdp_per_hour,GBR,GDPHRS,GBR,2012-06-01,44.770873906036336,OECD DSD_PDB@DF_PDB GDPHRS XDC_H LR
oecd_gdp_per_hour,GBR,GDPHRS,GBR,2013-06-01,44.941229088166594,OECD DSD_PDB@DF_PDB GDPHRS XDC_H LR
oecd_gdp_per_hour,GBR,GDPHRS,GBR,2014-06-01,45.03443329270538,OECD DSD_PDB@DF_PDB GDPHRS XDC_H LR
oecd_gdp_per_hour,GBR,GDPHRS,GBR,2015-06-01,45.7221166901514,OECD DSD_PDB@DF_PDB GDPHRS XDC_H LR
oecd_gdp_per_hour,GBR,GDPHRS,GBR,2016-06-01,45.570907068100496,OECD DSD_PDB@DF_PDB GDPHRS XDC_H LR
oecd_gdp_per_hour,GBR,GDPHRS,GBR,2017-06-01,46.65693059365348,OECD DSD_PDB@DF_PDB GDPHRS XDC_H LR
oecd_gdp_per_hour,GBR,GDPHRS,GBR,2018-06-01,46.80656739562788,OECD DSD_PDB@DF_PDB GDPHRS XDC_H LR
oecd_gdp_per_hour,GBR,GDPHRS,GBR,2019-06-01,46.68327404801195,OECD DSD_PDB@DF_PDB GDPHRS XDC_H LR
oecd_gdp_per_hour,GBR,GDPHRS,GBR,2020-06-01,47.83532554637768,OECD DSD_PDB@DF_PDB GDPHRS XDC_H LR
oecd_gdp_per_hour,GBR,GDPHRS,GBR,2021-06-01,47.29308892273692,OECD DSD_PDB@DF_PDB GDPHRS XDC_H LR
oecd_gdp_per_hour,GBR,GDPHRS,GBR,2022-06-01,48.04011765566055,OECD DSD_PDB@DF_PDB GDPHRS XDC_H LR
oecd_gdp_per_hour,GBR,GDPHRS,GBR,2023-06-01,47.83114293216779,OECD DSD_PDB@DF_PDB GDPHRS XDC_H LR
oecd_gdp_per_hour,GBR,GDPHRS,GBR,2024-06-01,47.53503990336249,OECD DSD_PDB@DF_PDB GDPHRS XDC_H LR
oecd_gdp_per_hour,GBR,GDPHRS,GBR,2025-06-01,47.53676192761396,OECD DSD_PDB@DF_PDB GDPHRS XDC_H LR
oecd_gdp_per_hour,JPN,GDPHRS,JPN,2010-06-01,4659.586687729525,OECD DSD_PDB@DF_PDB GDPHRS XDC_H LR
oecd_gdp_per_hour,JPN,GDPHRS,JPN,2011-06-01,4678.406728590106,OECD DSD_PDB@DF_PDB GDPHRS XDC_H LR
oecd_gdp_per_hour,JPN,GDPHRS,JPN,2012-06-01,4742.383444667642,OECD DSD_PDB@DF_PDB GDPHRS XDC_H LR
oecd_gdp_per_hour,JPN,GDPHRS,JPN,2013-06-01,4847.990892152136,OECD DSD_PDB@DF_PDB GDPHRS XDC_H LR
oecd_gdp_per_hour,JPN,GDPHRS,JPN,2014-06-01,4886.110480147397,OECD DSD_PDB@DF_PDB GDPHRS XDC_H LR
oecd_gdp_per_hour,JPN,GDPHRS,JPN,2015-06-01,4996.351457181981,OECD DSD_PDB@DF_PDB GDPHRS XDC_H LR
oecd_gdp_per_hour,JPN,GDPHRS,JPN,2016-06-01,5004.848251604564,OECD DSD_PDB@DF_PDB GDPHRS XDC_H LR
oecd_gdp_per_hour,JPN,GDPHRS,JPN,2017-06-01,5055.216031854726,OECD DSD_PDB@DF_PDB GDPHRS XDC_H LR
oecd_gdp_per_hour,JPN,GDPHRS,JPN,2018-06-01,5092.021272353985,OECD DSD_PDB@DF_PDB GDPHRS XDC_H LR
oecd_gdp_per_hour,JPN,GDPHRS,JPN,2019-06-01,5142.470280418858,OECD DSD_PDB@DF_PDB GDPHRS XDC_H LR
oecd_gdp_per_hour,JPN,GDPHRS,JPN,2020-06-01,5092.017846158808,OECD DSD_PDB@DF_PDB GDPHRS XDC_H LR
oecd_gdp_per_hour,JPN,GDPHRS,JPN,2021-06-01,5227.950396904839,OECD DSD_PDB@DF_PDB GDPHRS XDC_H LR
oecd_gdp_per_hour,JPN,GDPHRS,JPN,2022-06-01,5282.080877516532,OECD DSD_PDB@DF_PDB GDPHRS XDC_H LR
oecd_gdp_per_hour,JPN,GDPHRS,JPN,2023-06-01,5280.0958906962605,OECD DSD_PDB@DF_PDB GDPHRS XDC_H LR
oecd_gdp_per_hour,JPN,GDPHRS,JPN,2024-06-01,5213.780106255888,OECD DSD_PDB@DF_PDB GDPHRS XDC_H LR
oecd_gdp_per_hour,JPN,GDPHRS,JPN,2025-06-01,5341.623004450369,OECD DSD_PDB@DF_PDB GDPHRS XDC_H LR
oecd_gdp_per_hour,USA,GDPHRS,USA,2010-06-01,71.1906111351642,OECD DSD_PDB@DF_PDB GDPHRS XDC_H LR
oecd_gdp_per_hour,USA,GDPHRS,USA,2011-06-01,71.11001979434774,OECD DSD_PDB@DF_PDB GDPHRS XDC_H LR
oecd_gdp_per_hour,USA,GDPHRS,USA,2012-06-01,71.46617232541249,OECD DSD_PDB@DF_PDB GDPHRS XDC_H LR
oecd_gdp_per_hour,USA,GDPHRS,USA,2013-06-01,71.79887931400513,OECD DSD_PDB@DF_PDB GDPHRS XDC_H LR
oecd_gdp_per_hour,USA,GDPHRS,USA,2014-06-01,72.35346735812777,OECD DSD_PDB@DF_PDB GDPHRS XDC_H LR
oecd_gdp_per_hour,USA,GDPHRS,USA,2015-06-01,73.19851169166591,OECD DSD_PDB@DF_PDB GDPHRS XDC_H LR
oecd_gdp_per_hour,USA,GDPHRS,USA,2016-06-01,73.6846854784062,OECD DSD_PDB@DF_PDB GDPHRS XDC_H LR
oecd_gdp_per_hour,USA,GDPHRS,USA,2017-06-01,74.46483796197043,OECD DSD_PDB@DF_PDB GDPHRS XDC_H LR
oecd_gdp_per_hour,USA,GDPHRS,USA,2018-06-01,75.27728632091625,OECD DSD_PDB@DF_PDB GDPHRS XDC_H LR
oecd_gdp_per_hour,USA,GDPHRS,USA,2019-06-01,76.57222195017918,OECD DSD_PDB@DF_PDB GDPHRS XDC_H LR
oecd_gdp_per_hour,USA,GDPHRS,USA,2020-06-01,80.05585297032337,OECD DSD_PDB@DF_PDB GDPHRS XDC_H LR
oecd_gdp_per_hour,USA,GDPHRS,USA,2021-06-01,81.52020497270419,OECD DSD_PDB@DF_PDB GDPHRS XDC_H LR
oecd_gdp_per_hour,USA,GDPHRS,USA,2022-06-01,81.10142875669932,OECD DSD_PDB@DF_PDB GDPHRS XDC_H LR
oecd_gdp_per_hour,USA,GDPHRS,USA,2023-06-01,82.26885599486027,OECD DSD_PDB@DF_PDB GDPHRS XDC_H LR
oecd_gdp_per_hour,USA,GDPHRS,USA,2024-06-01,84.1147144673672,OECD DSD_PDB@DF_PDB GDPHRS XDC_H LR
oecd_gdp_per_hour,USA,GDPHRS,USA,2025-06-01,85.60236428340167,OECD DSD_PDB@DF_PDB GDPHRS XDC_H LR
ppi,exposed,PCU518210518210,Data processing & hosting,2007-01-01,103.3,BLS PCU518210518210
ppi,exposed,PCU518210518210,Data processing & hosting,2007-02-01,103.4,BLS PCU518210518210
ppi,exposed,PCU518210518210,Data processing & hosting,2007-03-01,103.4,BLS PCU518210518210
ppi,exposed,PCU518210518210,Data processing & hosting,2007-04-01,103.3,BLS PCU518210518210
ppi,exposed,PCU518210518210,Data processing & hosting,2007-05-01,103.6,BLS PCU518210518210
ppi,exposed,PCU518210518210,Data processing & hosting,2007-06-01,103.6,BLS PCU518210518210
ppi,exposed,PCU518210518210,Data processing & hosting,2007-07-01,103.6,BLS PCU518210518210
ppi,exposed,PCU518210518210,Data processing & hosting,2007-08-01,103.7,BLS PCU518210518210
ppi,exposed,PCU518210518210,Data processing & hosting,2007-09-01,103.7,BLS PCU518210518210
ppi,exposed,PCU518210518210,Data processing & hosting,2007-10-01,103.6,BLS PCU518210518210
ppi,exposed,PCU518210518210,Data processing & hosting,2007-11-01,103.7,BLS PCU518210518210
ppi,exposed,PCU518210518210,Data processing & hosting,2007-12-01,103.6,BLS PCU518210518210
ppi,exposed,PCU518210518210,Data processing & hosting,2008-01-01,103.7,BLS PCU518210518210
ppi,exposed,PCU518210518210,Data processing & hosting,2008-02-01,103.8,BLS PCU518210518210
ppi,exposed,PCU518210518210,Data processing & hosting,2008-03-01,103.7,BLS PCU518210518210
ppi,exposed,PCU518210518210,Data processing & hosting,2008-04-01,103.7,BLS PCU518210518210
ppi,exposed,PCU518210518210,Data processing & hosting,2008-05-01,104.1,BLS PCU518210518210
ppi,exposed,PCU518210518210,Data processing & hosting,2008-06-01,104.1,BLS PCU518210518210
ppi,exposed,PCU518210518210,Data processing & hosting,2008-07-01,104.2,BLS PCU518210518210
ppi,exposed,PCU518210518210,Data processing & hosting,2008-08-01,104.3,BLS PCU518210518210
ppi,exposed,PCU518210518210,Data processing & hosting,2008-09-01,104.4,BLS PCU518210518210
ppi,exposed,PCU518210518210,Data processing & hosting,2008-10-01,104.6,BLS PCU518210518210
ppi,exposed,PCU518210518210,Data processing & hosting,2008-11-01,104.6,BLS PCU518210518210
ppi,exposed,PCU518210518210,Data processing & hosting,2008-12-01,104.6,BLS PCU518210518210
ppi,exposed,PCU518210518210,Data processing & hosting,2009-01-01,104.3,BLS PCU518210518210
ppi,exposed,PCU518210518210,Data processing & hosting,2009-02-01,104.2,BLS PCU518210518210
ppi,exposed,PCU518210518210,Data processing & hosting,2009-03-01,104.2,BLS PCU518210518210
ppi,exposed,PCU518210518210,Data processing & hosting,2009-04-01,104.2,BLS PCU518210518210
ppi,exposed,PCU518210518210,Data processing & hosting,2009-05-01,104.2,BLS PCU518210518210
ppi,exposed,PCU518210518210,Data processing & hosting,2009-06-01,104.2,BLS PCU518210518210
ppi,exposed,PCU518210518210,Data processing & hosting,2009-07-01,104.2,BLS PCU518210518210
ppi,exposed,PCU518210518210,Data processing & hosting,2009-08-01,104.2,BLS PCU518210518210
ppi,exposed,PCU518210518210,Data processing & hosting,2009-09-01,104.2,BLS PCU518210518210
ppi,exposed,PCU518210518210,Data processing & hosting,2009-10-01,104.3,BLS PCU518210518210
ppi,exposed,PCU518210518210,Data processing & hosting,2009-11-01,103.9,BLS PCU518210518210
ppi,exposed,PCU518210518210,Data processing & hosting,2009-12-01,103.9,BLS PCU518210518210
ppi,exposed,PCU518210518210,Data processing & hosting,2010-01-01,103.9,BLS PCU518210518210
ppi,exposed,PCU518210518210,Data processing & hosting,2010-02-01,103.9,BLS PCU518210518210
ppi,exposed,PCU518210518210,Data processing & hosting,2010-03-01,103.9,BLS PCU518210518210
ppi,exposed,PCU518210518210,Data processing & hosting,2010-04-01,104.1,BLS PCU518210518210
ppi,exposed,PCU518210518210,Data processing & hosting,2010-05-01,104.1,BLS PCU518210518210
ppi,exposed,PCU518210518210,Data processing & hosting,2010-06-01,104.1,BLS PCU518210518210
ppi,exposed,PCU518210518210,Data processing & hosting,2010-07-01,104.1,BLS PCU518210518210
ppi,exposed,PCU518210518210,Data processing & hosting,2010-08-01,104.1,BLS PCU518210518210
ppi,exposed,PCU518210518210,Data processing & hosting,2010-09-01,105.0,BLS PCU518210518210
ppi,exposed,PCU518210518210,Data processing & hosting,2010-10-01,105.0,BLS PCU518210518210
ppi,exposed,PCU518210518210,Data processing & hosting,2010-11-01,105.0,BLS PCU518210518210
ppi,exposed,PCU518210518210,Data processing & hosting,2010-12-01,105.0,BLS PCU518210518210
ppi,exposed,PCU518210518210,Data processing & hosting,2011-01-01,105.0,BLS PCU518210518210
ppi,exposed,PCU518210518210,Data processing & hosting,2011-02-01,105.0,BLS PCU518210518210
ppi,exposed,PCU518210518210,Data processing & hosting,2011-03-01,105.0,BLS PCU518210518210
ppi,exposed,PCU518210518210,Data processing & hosting,2011-04-01,105.0,BLS PCU518210518210
ppi,exposed,PCU518210518210,Data processing & hosting,2011-05-01,105.0,BLS PCU518210518210
ppi,exposed,PCU518210518210,Data processing & hosting,2011-06-01,105.2,BLS PCU518210518210
ppi,exposed,PCU518210518210,Data processing & hosting,2011-07-01,105.3,BLS PCU518210518210
ppi,exposed,PCU518210518210,Data processing & hosting,2011-08-01,105.3,BLS PCU518210518210
ppi,exposed,PCU518210518210,Data processing & hosting,2011-09-01,105.3,BLS PCU518210518210
ppi,exposed,PCU518210518210,Data processing & hosting,2011-10-01,105.3,BLS PCU518210518210
ppi,exposed,PCU518210518210,Data processing & hosting,2011-11-01,105.3,BLS PCU518210518210
ppi,exposed,PCU518210518210,Data processing & hosting,2011-12-01,105.3,BLS PCU518210518210
ppi,exposed,PCU518210518210,Data processing & hosting,2012-01-01,105.5,BLS PCU518210518210
ppi,exposed,PCU518210518210,Data processing & hosting,2012-02-01,105.3,BLS PCU518210518210
ppi,exposed,PCU518210518210,Data processing & hosting,2012-03-01,105.4,BLS PCU518210518210
ppi,exposed,PCU518210518210,Data processing & hosting,2012-04-01,105.4,BLS PCU518210518210
ppi,exposed,PCU518210518210,Data processing & hosting,2012-05-01,105.1,BLS PCU518210518210
ppi,exposed,PCU518210518210,Data processing & hosting,2012-06-01,105.8,BLS PCU518210518210
ppi,exposed,PCU518210518210,Data processing & hosting,2012-07-01,106.2,BLS PCU518210518210
ppi,exposed,PCU518210518210,Data processing & hosting,2012-08-01,106.0,BLS PCU518210518210
ppi,exposed,PCU518210518210,Data processing & hosting,2012-09-01,106.0,BLS PCU518210518210
ppi,exposed,PCU518210518210,Data processing & hosting,2012-10-01,106.0,BLS PCU518210518210
ppi,exposed,PCU518210518210,Data processing & hosting,2012-11-01,106.0,BLS PCU518210518210
ppi,exposed,PCU518210518210,Data processing & hosting,2012-12-01,106.1,BLS PCU518210518210
ppi,exposed,PCU518210518210,Data processing & hosting,2013-01-01,106.1,BLS PCU518210518210
ppi,exposed,PCU518210518210,Data processing & hosting,2013-02-01,105.9,BLS PCU518210518210
ppi,exposed,PCU518210518210,Data processing & hosting,2013-03-01,106.0,BLS PCU518210518210
ppi,exposed,PCU518210518210,Data processing & hosting,2013-04-01,106.0,BLS PCU518210518210
ppi,exposed,PCU518210518210,Data processing & hosting,2013-05-01,106.0,BLS PCU518210518210
ppi,exposed,PCU518210518210,Data processing & hosting,2013-06-01,106.0,BLS PCU518210518210
ppi,exposed,PCU518210518210,Data processing & hosting,2013-07-01,106.0,BLS PCU518210518210
ppi,exposed,PCU518210518210,Data processing & hosting,2013-08-01,106.0,BLS PCU518210518210
ppi,exposed,PCU518210518210,Data processing & hosting,2013-09-01,106.0,BLS PCU518210518210
ppi,exposed,PCU518210518210,Data processing & hosting,2013-10-01,106.6,BLS PCU518210518210
ppi,exposed,PCU518210518210,Data processing & hosting,2013-11-01,106.6,BLS PCU518210518210
ppi,exposed,PCU518210518210,Data processing & hosting,2013-12-01,106.6,BLS PCU518210518210
ppi,exposed,PCU518210518210,Data processing & hosting,2014-01-01,106.6,BLS PCU518210518210
ppi,exposed,PCU518210518210,Data processing & hosting,2014-02-01,106.7,BLS PCU518210518210
ppi,exposed,PCU518210518210,Data processing & hosting,2014-03-01,106.9,BLS PCU518210518210
ppi,exposed,PCU518210518210,Data processing & hosting,2014-04-01,106.9,BLS PCU518210518210
ppi,exposed,PCU518210518210,Data processing & hosting,2014-05-01,106.6,BLS PCU518210518210
ppi,exposed,PCU518210518210,Data processing & hosting,2014-06-01,106.8,BLS PCU518210518210
ppi,exposed,PCU518210518210,Data processing & hosting,2014-07-01,106.9,BLS PCU518210518210
ppi,exposed,PCU518210518210,Data processing & hosting,2014-08-01,106.7,BLS PCU518210518210
ppi,exposed,PCU518210518210,Data processing & hosting,2014-09-01,106.9,BLS PCU518210518210
ppi,exposed,PCU518210518210,Data processing & hosting,2014-10-01,106.9,BLS PCU518210518210
ppi,exposed,PCU518210518210,Data processing & hosting,2014-11-01,107.0,BLS PCU518210518210
ppi,exposed,PCU518210518210,Data processing & hosting,2014-12-01,106.9,BLS PCU518210518210
ppi,exposed,PCU518210518210,Data processing & hosting,2015-01-01,107.1,BLS PCU518210518210
ppi,exposed,PCU518210518210,Data processing & hosting,2015-02-01,107.1,BLS PCU518210518210
ppi,exposed,PCU518210518210,Data processing & hosting,2015-03-01,107.2,BLS PCU518210518210
ppi,exposed,PCU518210518210,Data processing & hosting,2015-04-01,107.2,BLS PCU518210518210
ppi,exposed,PCU518210518210,Data processing & hosting,2015-05-01,107.2,BLS PCU518210518210
ppi,exposed,PCU518210518210,Data processing & hosting,2015-06-01,107.2,BLS PCU518210518210
ppi,exposed,PCU518210518210,Data processing & hosting,2015-07-01,107.2,BLS PCU518210518210
ppi,exposed,PCU518210518210,Data processing & hosting,2015-08-01,107.2,BLS PCU518210518210
ppi,exposed,PCU518210518210,Data processing & hosting,2015-09-01,107.2,BLS PCU518210518210
ppi,exposed,PCU518210518210,Data processing & hosting,2015-10-01,106.8,BLS PCU518210518210
ppi,exposed,PCU518210518210,Data processing & hosting,2015-11-01,107.0,BLS PCU518210518210
ppi,exposed,PCU518210518210,Data processing & hosting,2015-12-01,107.0,BLS PCU518210518210
ppi,exposed,PCU518210518210,Data processing & hosting,2016-01-01,106.6,BLS PCU518210518210
ppi,exposed,PCU518210518210,Data processing & hosting,2016-02-01,106.6,BLS PCU518210518210
ppi,exposed,PCU518210518210,Data processing & hosting,2016-03-01,106.7,BLS PCU518210518210
ppi,exposed,PCU518210518210,Data processing & hosting,2016-04-01,108.8,BLS PCU518210518210
ppi,exposed,PCU518210518210,Data processing & hosting,2016-05-01,108.9,BLS PCU518210518210
ppi,exposed,PCU518210518210,Data processing & hosting,2016-06-01,109.0,BLS PCU518210518210
ppi,exposed,PCU518210518210,Data processing & hosting,2016-07-01,109.0,BLS PCU518210518210
ppi,exposed,PCU518210518210,Data processing & hosting,2016-08-01,109.0,BLS PCU518210518210
ppi,exposed,PCU518210518210,Data processing & hosting,2016-09-01,109.0,BLS PCU518210518210
ppi,exposed,PCU518210518210,Data processing & hosting,2016-10-01,109.0,BLS PCU518210518210
ppi,exposed,PCU518210518210,Data processing & hosting,2016-11-01,109.0,BLS PCU518210518210
ppi,exposed,PCU518210518210,Data processing & hosting,2016-12-01,108.9,BLS PCU518210518210
ppi,exposed,PCU518210518210,Data processing & hosting,2017-01-01,109.0,BLS PCU518210518210
ppi,exposed,PCU518210518210,Data processing & hosting,2017-02-01,109.0,BLS PCU518210518210
ppi,exposed,PCU518210518210,Data processing & hosting,2017-03-01,110.2,BLS PCU518210518210
ppi,exposed,PCU518210518210,Data processing & hosting,2017-04-01,110.1,BLS PCU518210518210
ppi,exposed,PCU518210518210,Data processing & hosting,2017-05-01,110.2,BLS PCU518210518210
ppi,exposed,PCU518210518210,Data processing & hosting,2017-06-01,110.1,BLS PCU518210518210
ppi,exposed,PCU518210518210,Data processing & hosting,2017-07-01,110.2,BLS PCU518210518210
ppi,exposed,PCU518210518210,Data processing & hosting,2017-08-01,110.1,BLS PCU518210518210
ppi,exposed,PCU518210518210,Data processing & hosting,2017-09-01,110.2,BLS PCU518210518210
ppi,exposed,PCU518210518210,Data processing & hosting,2017-10-01,110.1,BLS PCU518210518210
ppi,exposed,PCU518210518210,Data processing & hosting,2017-11-01,110.2,BLS PCU518210518210
ppi,exposed,PCU518210518210,Data processing & hosting,2017-12-01,110.1,BLS PCU518210518210
ppi,exposed,PCU518210518210,Data processing & hosting,2018-01-01,110.1,BLS PCU518210518210
ppi,exposed,PCU518210518210,Data processing & hosting,2018-02-01,110.3,BLS PCU518210518210
ppi,exposed,PCU518210518210,Data processing & hosting,2018-03-01,110.4,BLS PCU518210518210
ppi,exposed,PCU518210518210,Data processing & hosting,2018-04-01,110.4,BLS PCU518210518210
ppi,exposed,PCU518210518210,Data processing & hosting,2018-05-01,110.4,BLS PCU518210518210
ppi,exposed,PCU518210518210,Data processing & hosting,2018-06-01,110.5,BLS PCU518210518210
ppi,exposed,PCU518210518210,Data processing & hosting,2018-07-01,110.5,BLS PCU518210518210
ppi,exposed,PCU518210518210,Data processing & hosting,2018-08-01,110.4,BLS PCU518210518210
ppi,exposed,PCU518210518210,Data processing & hosting,2018-09-01,110.5,BLS PCU518210518210
ppi,exposed,PCU518210518210,Data processing & hosting,2018-10-01,110.6,BLS PCU518210518210
ppi,exposed,PCU518210518210,Data processing & hosting,2018-11-01,109.6,BLS PCU518210518210
ppi,exposed,PCU518210518210,Data processing & hosting,2018-12-01,109.9,BLS PCU518210518210
ppi,exposed,PCU518210518210,Data processing & hosting,2019-01-01,109.9,BLS PCU518210518210
ppi,exposed,PCU518210518210,Data processing & hosting,2019-02-01,110.3,BLS PCU518210518210
ppi,exposed,PCU518210518210,Data processing & hosting,2019-03-01,110.2,BLS PCU518210518210
ppi,exposed,PCU518210518210,Data processing & hosting,2019-04-01,110.2,BLS PCU518210518210
ppi,exposed,PCU518210518210,Data processing & hosting,2019-05-01,110.2,BLS PCU518210518210
ppi,exposed,PCU518210518210,Data processing & hosting,2019-06-01,110.4,BLS PCU518210518210
ppi,exposed,PCU518210518210,Data processing & hosting,2019-07-01,110.6,BLS PCU518210518210
ppi,exposed,PCU518210518210,Data processing & hosting,2019-08-01,110.7,BLS PCU518210518210
ppi,exposed,PCU518210518210,Data processing & hosting,2019-09-01,111.6,BLS PCU518210518210
ppi,exposed,PCU518210518210,Data processing & hosting,2019-10-01,111.7,BLS PCU518210518210
ppi,exposed,PCU518210518210,Data processing & hosting,2019-11-01,111.7,BLS PCU518210518210
ppi,exposed,PCU518210518210,Data processing & hosting,2019-12-01,112.0,BLS PCU518210518210
ppi,exposed,PCU518210518210,Data processing & hosting,2020-01-01,113.3,BLS PCU518210518210
ppi,exposed,PCU518210518210,Data processing & hosting,2020-02-01,113.5,BLS PCU518210518210
ppi,exposed,PCU518210518210,Data processing & hosting,2020-03-01,113.6,BLS PCU518210518210
ppi,exposed,PCU518210518210,Data processing & hosting,2020-04-01,113.5,BLS PCU518210518210
ppi,exposed,PCU518210518210,Data processing & hosting,2020-05-01,113.4,BLS PCU518210518210
ppi,exposed,PCU518210518210,Data processing & hosting,2020-06-01,114.1,BLS PCU518210518210
ppi,exposed,PCU518210518210,Data processing & hosting,2020-07-01,114.2,BLS PCU518210518210
ppi,exposed,PCU518210518210,Data processing & hosting,2020-08-01,114.4,BLS PCU518210518210
ppi,exposed,PCU518210518210,Data processing & hosting,2020-09-01,114.6,BLS PCU518210518210
ppi,exposed,PCU518210518210,Data processing & hosting,2020-10-01,114.6,BLS PCU518210518210
ppi,exposed,PCU518210518210,Data processing & hosting,2020-11-01,114.6,BLS PCU518210518210
ppi,exposed,PCU518210518210,Data processing & hosting,2020-12-01,114.8,BLS PCU518210518210
ppi,exposed,PCU518210518210,Data processing & hosting,2021-01-01,114.7,BLS PCU518210518210
ppi,exposed,PCU518210518210,Data processing & hosting,2021-02-01,114.8,BLS PCU518210518210
ppi,exposed,PCU518210518210,Data processing & hosting,2021-03-01,115.2,BLS PCU518210518210
ppi,exposed,PCU518210518210,Data processing & hosting,2021-04-01,115.1,BLS PCU518210518210
ppi,exposed,PCU518210518210,Data processing & hosting,2021-05-01,115.1,BLS PCU518210518210
ppi,exposed,PCU518210518210,Data processing & hosting,2021-06-01,115.1,BLS PCU518210518210
ppi,exposed,PCU518210518210,Data processing & hosting,2021-07-01,115.372,BLS PCU518210518210
ppi,exposed,PCU518210518210,Data processing & hosting,2021-08-01,115.331,BLS PCU518210518210
ppi,exposed,PCU518210518210,Data processing & hosting,2021-09-01,115.177,BLS PCU518210518210
ppi,exposed,PCU518210518210,Data processing & hosting,2021-10-01,115.381,BLS PCU518210518210
ppi,exposed,PCU518210518210,Data processing & hosting,2021-11-01,115.375,BLS PCU518210518210
ppi,exposed,PCU518210518210,Data processing & hosting,2021-12-01,115.346,BLS PCU518210518210
ppi,exposed,PCU518210518210,Data processing & hosting,2022-01-01,115.023,BLS PCU518210518210
ppi,exposed,PCU518210518210,Data processing & hosting,2022-02-01,115.136,BLS PCU518210518210
ppi,exposed,PCU518210518210,Data processing & hosting,2022-03-01,114.494,BLS PCU518210518210
ppi,exposed,PCU518210518210,Data processing & hosting,2022-04-01,117.091,BLS PCU518210518210
ppi,exposed,PCU518210518210,Data processing & hosting,2022-05-01,117.176,BLS PCU518210518210
ppi,exposed,PCU518210518210,Data processing & hosting,2022-06-01,116.825,BLS PCU518210518210
ppi,exposed,PCU518210518210,Data processing & hosting,2022-07-01,116.778,BLS PCU518210518210
ppi,exposed,PCU518210518210,Data processing & hosting,2022-08-01,116.702,BLS PCU518210518210
ppi,exposed,PCU518210518210,Data processing & hosting,2022-09-01,116.566,BLS PCU518210518210
ppi,exposed,PCU518210518210,Data processing & hosting,2022-10-01,116.678,BLS PCU518210518210
ppi,exposed,PCU518210518210,Data processing & hosting,2022-11-01,116.684,BLS PCU518210518210
ppi,exposed,PCU518210518210,Data processing & hosting,2022-12-01,117.038,BLS PCU518210518210
ppi,exposed,PCU518210518210,Data processing & hosting,2023-01-01,117.19,BLS PCU518210518210
ppi,exposed,PCU518210518210,Data processing & hosting,2023-02-01,117.529,BLS PCU518210518210
ppi,exposed,PCU518210518210,Data processing & hosting,2023-03-01,117.766,BLS PCU518210518210
ppi,exposed,PCU518210518210,Data processing & hosting,2023-04-01,117.726,BLS PCU518210518210
ppi,exposed,PCU518210518210,Data processing & hosting,2023-05-01,117.818,BLS PCU518210518210
ppi,exposed,PCU518210518210,Data processing & hosting,2023-06-01,118.064,BLS PCU518210518210
ppi,exposed,PCU518210518210,Data processing & hosting,2023-07-01,118.355,BLS PCU518210518210
ppi,exposed,PCU518210518210,Data processing & hosting,2023-08-01,118.474,BLS PCU518210518210
ppi,exposed,PCU518210518210,Data processing & hosting,2023-09-01,118.297,BLS PCU518210518210
ppi,exposed,PCU518210518210,Data processing & hosting,2023-10-01,118.513,BLS PCU518210518210
ppi,exposed,PCU518210518210,Data processing & hosting,2023-11-01,118.752,BLS PCU518210518210
ppi,exposed,PCU518210518210,Data processing & hosting,2023-12-01,119.029,BLS PCU518210518210
ppi,exposed,PCU518210518210,Data processing & hosting,2024-01-01,119.403,BLS PCU518210518210
ppi,exposed,PCU518210518210,Data processing & hosting,2024-02-01,119.519,BLS PCU518210518210
ppi,exposed,PCU518210518210,Data processing & hosting,2024-03-01,119.248,BLS PCU518210518210
ppi,exposed,PCU518210518210,Data processing & hosting,2024-04-01,119.662,BLS PCU518210518210
ppi,exposed,PCU518210518210,Data processing & hosting,2024-05-01,120.079,BLS PCU518210518210
ppi,exposed,PCU518210518210,Data processing & hosting,2024-06-01,119.644,BLS PCU518210518210
ppi,exposed,PCU518210518210,Data processing & hosting,2024-07-01,119.863,BLS PCU518210518210
ppi,exposed,PCU518210518210,Data processing & hosting,2024-08-01,119.762,BLS PCU518210518210
ppi,exposed,PCU518210518210,Data processing & hosting,2024-09-01,119.622,BLS PCU518210518210
ppi,exposed,PCU518210518210,Data processing & hosting,2024-10-01,119.637,BLS PCU518210518210
ppi,exposed,PCU518210518210,Data processing & hosting,2024-11-01,119.398,BLS PCU518210518210
ppi,exposed,PCU518210518210,Data processing & hosting,2024-12-01,119.349,BLS PCU518210518210
ppi,exposed,PCU518210518210,Data processing & hosting,2025-01-01,120.806,BLS PCU518210518210
ppi,exposed,PCU518210518210,Data processing & hosting,2025-02-01,122.218,BLS PCU518210518210
ppi,exposed,PCU518210518210,Data processing & hosting,2025-03-01,121.88,BLS PCU518210518210
ppi,exposed,PCU518210518210,Data processing & hosting,2025-04-01,122.102,BLS PCU518210518210
ppi,exposed,PCU518210518210,Data processing & hosting,2025-05-01,124.185,BLS PCU518210518210
ppi,exposed,PCU518210518210,Data processing & hosting,2025-06-01,123.663,BLS PCU518210518210
ppi,exposed,PCU518210518210,Data processing & hosting,2025-07-01,126.753,BLS PCU518210518210
ppi,exposed,PCU518210518210,Data processing & hosting,2025-08-01,124.91,BLS PCU518210518210
ppi,exposed,PCU518210518210,Data processing & hosting,2025-09-01,123.943,BLS PCU518210518210
ppi,exposed,PCU518210518210,Data processing & hosting,2025-10-01,124.462,BLS PCU518210518210
ppi,exposed,PCU518210518210,Data processing & hosting,2025-11-01,123.2,BLS PCU518210518210
ppi,exposed,PCU518210518210,Data processing & hosting,2025-12-01,123.638,BLS PCU518210518210
ppi,exposed,PCU518210518210,Data processing & hosting,2026-01-01,123.808,BLS PCU518210518210
ppi,exposed,PCU518210518210,Data processing & hosting,2026-02-01,123.66,BLS PCU518210518210
ppi,exposed,PCU518210518210,Data processing & hosting,2026-03-01,123.036,BLS PCU518210518210
ppi,exposed,PCU518210518210,Data processing & hosting,2026-04-01,122.695,BLS PCU518210518210
ppi,exposed,PCU518210518210,Data processing & hosting,2026-05-01,123.438,BLS PCU518210518210
ppi,exposed,PCU518210518210,Data processing & hosting,2026-06-01,124.034,BLS PCU518210518210
ppi,exposed,PCU518210518210,Data processing & hosting,2026-07-01,125.345,BLS PCU518210518210
ppi,exposed,PCU518210518210,Data processing & hosting,2026-08-01,125.237,BLS PCU518210518210
ppi,exposed,PCU54111-54111-,Law offices,2007-01-01,151.7,BLS PCU54111-54111-
ppi,exposed,PCU54111-54111-,Law offices,2007-02-01,152.5,BLS PCU54111-54111-
ppi,exposed,PCU54111-54111-,Law offices,2007-03-01,152.8,BLS PCU54111-54111-
ppi,exposed,PCU54111-54111-,Law offices,2007-04-01,153.0,BLS PCU54111-54111-
ppi,exposed,PCU54111-54111-,Law offices,2007-05-01,153.3,BLS PCU54111-54111-
ppi,exposed,PCU54111-54111-,Law offices,2007-06-01,153.4,BLS PCU54111-54111-
ppi,exposed,PCU54111-54111-,Law offices,2007-07-01,153.7,BLS PCU54111-54111-
ppi,exposed,PCU54111-54111-,Law offices,2007-08-01,153.8,BLS PCU54111-54111-
ppi,exposed,PCU54111-54111-,Law offices,2007-09-01,154.3,BLS PCU54111-54111-
ppi,exposed,PCU54111-54111-,Law offices,2007-10-01,154.8,BLS PCU54111-54111-
ppi,exposed,PCU54111-54111-,Law offices,2007-11-01,155.1,BLS PCU54111-54111-
ppi,exposed,PCU54111-54111-,Law offices,2007-12-01,155.1,BLS PCU54111-54111-
ppi,exposed,PCU54111-54111-,Law offices,2008-01-01,159.9,BLS PCU54111-54111-
ppi,exposed,PCU54111-54111-,Law offices,2008-02-01,160.3,BLS PCU54111-54111-
ppi,exposed,PCU54111-54111-,Law offices,2008-03-01,160.7,BLS PCU54111-54111-
ppi,exposed,PCU54111-54111-,Law offices,2008-04-01,161.1,BLS PCU54111-54111-
ppi,exposed,PCU54111-54111-,Law offices,2008-05-01,160.9,BLS PCU54111-54111-
ppi,exposed,PCU54111-54111-,Law offices,2008-06-01,161.1,BLS PCU54111-54111-
ppi,exposed,PCU54111-54111-,Law offices,2008-07-01,161.5,BLS PCU54111-54111-
ppi,exposed,PCU54111-54111-,Law offices,2008-08-01,161.5,BLS PCU54111-54111-
ppi,exposed,PCU54111-54111-,Law offices,2008-09-01,162.6,BLS PCU54111-54111-
ppi,exposed,PCU54111-54111-,Law offices,2008-10-01,163.2,BLS PCU54111-54111-
ppi,exposed,PCU54111-54111-,Law offices,2008-11-01,163.2,BLS PCU54111-54111-
ppi,exposed,PCU54111-54111-,Law offices,2008-12-01,163.2,BLS PCU54111-54111-
ppi,exposed,PCU54111-54111-,Law offices,2009-01-01,164.8,BLS PCU54111-54111-
ppi,exposed,PCU54111-54111-,Law offices,2009-02-01,165.5,BLS PCU54111-54111-
ppi,exposed,PCU54111-54111-,Law offices,2009-03-01,166.0,BLS PCU54111-54111-
ppi,exposed,PCU54111-54111-,Law offices,2009-04-01,166.2,BLS PCU54111-54111-
ppi,exposed,PCU54111-54111-,Law offices,2009-05-01,166.3,BLS PCU54111-54111-
ppi,exposed,PCU54111-54111-,Law offices,2009-06-01,166.3,BLS PCU54111-54111-
ppi,exposed,PCU54111-54111-,Law offices,2009-07-01,166.4,BLS PCU54111-54111-
ppi,exposed,PCU54111-54111-,Law offices,2009-08-01,166.5,BLS PCU54111-54111-
ppi,exposed,PCU54111-54111-,Law offices,2009-09-01,166.6,BLS PCU54111-54111-
ppi,exposed,PCU54111-54111-,Law offices,2009-10-01,166.6,BLS PCU54111-54111-
ppi,exposed,PCU54111-54111-,Law offices,2009-11-01,166.6,BLS PCU54111-54111-
ppi,exposed,PCU54111-54111-,Law offices,2009-12-01,166.8,BLS PCU54111-54111-
ppi,exposed,PCU54111-54111-,Law offices,2010-01-01,169.6,BLS PCU54111-54111-
ppi,exposed,PCU54111-54111-,Law offices,2010-02-01,170.0,BLS PCU54111-54111-
ppi,exposed,PCU54111-54111-,Law offices,2010-03-01,170.0,BLS PCU54111-54111-
ppi,exposed,PCU54111-54111-,Law offices,2010-04-01,171.5,BLS PCU54111-54111-
ppi,exposed,PCU54111-54111-,Law offices,2010-05-01,171.5,BLS PCU54111-54111-
ppi,exposed,PCU54111-54111-,Law offices,2010-06-01,171.5,BLS PCU54111-54111-
ppi,exposed,PCU54111-54111-,Law offices,2010-07-01,171.9,BLS PCU54111-54111-
ppi,exposed,PCU54111-54111-,Law offices,2010-08-01,173.1,BLS PCU54111-54111-
ppi,exposed,PCU54111-54111-,Law offices,2010-09-01,173.3,BLS PCU54111-54111-
ppi,exposed,PCU54111-54111-,Law offices,2010-10-01,173.3,BLS PCU54111-54111-
ppi,exposed,PCU54111-54111-,Law offices,2010-11-01,173.3,BLS PCU54111-54111-
ppi,exposed,PCU54111-54111-,Law offices,2010-12-01,173.4,BLS PCU54111-54111-
ppi,exposed,PCU54111-54111-,Law offices,2011-01-01,176.6,BLS PCU54111-54111-
ppi,exposed,PCU54111-54111-,Law offices,2011-02-01,177.1,BLS PCU54111-54111-
ppi,exposed,PCU54111-54111-,Law offices,2011-03-01,177.3,BLS PCU54111-54111-
ppi,exposed,PCU54111-54111-,Law offices,2011-04-01,177.8,BLS PCU54111-54111-
ppi,exposed,PCU54111-54111-,Law offices,2011-05-01,177.8,BLS PCU54111-54111-
ppi,exposed,PCU54111-54111-,Law offices,2011-06-01,178.0,BLS PCU54111-54111-
ppi,exposed,PCU54111-54111-,Law offices,2011-07-01,178.2,BLS PCU54111-54111-
ppi,exposed,PCU54111-54111-,Law offices,2011-08-01,178.2,BLS PCU54111-54111-
ppi,exposed,PCU54111-54111-,Law offices,2011-09-01,178.4,BLS PCU54111-54111-
ppi,exposed,PCU54111-54111-,Law offices,2011-10-01,178.4,BLS PCU54111-54111-
ppi,exposed,PCU54111-54111-,Law offices,2011-11-01,178.6,BLS PCU54111-54111-
ppi,exposed,PCU54111-54111-,Law offices,2011-12-01,178.7,BLS PCU54111-54111-
ppi,exposed,PCU54111-54111-,Law offices,2012-01-01,182.0,BLS PCU54111-54111-
ppi,exposed,PCU54111-54111-,Law offices,2012-02-01,182.1,BLS PCU54111-54111-
ppi,exposed,PCU54111-54111-,Law offices,2012-03-01,182.3,BLS PCU54111-54111-
ppi,exposed,PCU54111-54111-,Law offices,2012-04-01,182.7,BLS PCU54111-54111-
ppi,exposed,PCU54111-54111-,Law offices,2012-05-01,182.8,BLS PCU54111-54111-
ppi,exposed,PCU54111-54111-,Law offices,2012-06-01,182.9,BLS PCU54111-54111-
ppi,exposed,PCU54111-54111-,Law offices,2012-07-01,182.9,BLS PCU54111-54111-
ppi,exposed,PCU54111-54111-,Law offices,2012-08-01,183.0,BLS PCU54111-54111-
ppi,exposed,PCU54111-54111-,Law offices,2012-09-01,183.0,BLS PCU54111-54111-
ppi,exposed,PCU54111-54111-,Law offices,2012-10-01,183.0,BLS PCU54111-54111-
ppi,exposed,PCU54111-54111-,Law offices,2012-11-01,183.2,BLS PCU54111-54111-
ppi,exposed,PCU54111-54111-,Law offices,2012-12-01,183.2,BLS PCU54111-54111-
ppi,exposed,PCU54111-54111-,Law offices,2013-01-01,185.8,BLS PCU54111-54111-
ppi,exposed,PCU54111-54111-,Law offices,2013-02-01,186.5,BLS PCU54111-54111-
ppi,exposed,PCU54111-54111-,Law offices,2013-03-01,186.9,BLS PCU54111-54111-
ppi,exposed,PCU54111-54111-,Law offices,2013-04-01,188.1,BLS PCU54111-54111-
ppi,exposed,PCU54111-54111-,Law offices,2013-05-01,188.0,BLS PCU54111-54111-
ppi,exposed,PCU54111-54111-,Law offices,2013-06-01,188.0,BLS PCU54111-54111-
ppi,exposed,PCU54111-54111-,Law offices,2013-07-01,188.0,BLS PCU54111-54111-
ppi,exposed,PCU54111-54111-,Law offices,2013-08-01,188.0,BLS PCU54111-54111-
ppi,exposed,PCU54111-54111-,Law offices,2013-09-01,188.7,BLS PCU54111-54111-
ppi,exposed,PCU54111-54111-,Law offices,2013-10-01,188.6,BLS PCU54111-54111-
ppi,exposed,PCU54111-54111-,Law offices,2013-11-01,188.6,BLS PCU54111-54111-
ppi,exposed,PCU54111-54111-,Law offices,2013-12-01,189.0,BLS PCU54111-54111-
ppi,exposed,PCU54111-54111-,Law offices,2014-01-01,192.7,BLS PCU54111-54111-
ppi,exposed,PCU54111-54111-,Law offices,2014-02-01,193.1,BLS PCU54111-54111-
ppi,exposed,PCU54111-54111-,Law offices,2014-03-01,193.2,BLS PCU54111-54111-
ppi,exposed,PCU54111-54111-,Law offices,2014-04-01,193.4,BLS PCU54111-54111-
ppi,exposed,PCU54111-54111-,Law offices,2014-05-01,194.3,BLS PCU54111-54111-
ppi,exposed,PCU54111-54111-,Law offices,2014-06-01,194.4,BLS PCU54111-54111-
ppi,exposed,PCU54111-54111-,Law offices,2014-07-01,194.5,BLS PCU54111-54111-
ppi,exposed,PCU54111-54111-,Law offices,2014-08-01,194.4,BLS PCU54111-54111-
ppi,exposed,PCU54111-54111-,Law offices,2014-09-01,194.4,BLS PCU54111-54111-
ppi,exposed,PCU54111-54111-,Law offices,2014-10-01,194.4,BLS PCU54111-54111-
ppi,exposed,PCU54111-54111-,Law offices,2014-11-01,194.4,BLS PCU54111-54111-
ppi,exposed,PCU54111-54111-,Law offices,2014-12-01,194.4,BLS PCU54111-54111-
ppi,exposed,PCU54111-54111-,Law offices,2015-01-01,196.8,BLS PCU54111-54111-
ppi,exposed,PCU54111-54111-,Law offices,2015-02-01,198.3,BLS PCU54111-54111-
ppi,exposed,PCU54111-54111-,Law offices,2015-03-01,199.0,BLS PCU54111-54111-
ppi,exposed,PCU54111-54111-,Law offices,2015-04-01,200.1,BLS PCU54111-54111-
ppi,exposed,PCU54111-54111-,Law offices,2015-05-01,199.8,BLS PCU54111-54111-
ppi,exposed,PCU54111-54111-,Law offices,2015-06-01,200.3,BLS PCU54111-54111-
ppi,exposed,PCU54111-54111-,Law offices,2015-07-01,199.9,BLS PCU54111-54111-
ppi,exposed,PCU54111-54111-,Law offices,2015-08-01,199.9,BLS PCU54111-54111-
ppi,exposed,PCU54111-54111-,Law offices,2015-09-01,200.0,BLS PCU54111-54111-
ppi,exposed,PCU54111-54111-,Law offices,2015-10-01,200.5,BLS PCU54111-54111-
ppi,exposed,PCU54111-54111-,Law offices,2015-11-01,199.6,BLS PCU54111-54111-
ppi,exposed,PCU54111-54111-,Law offices,2015-12-01,199.4,BLS PCU54111-54111-
ppi,exposed,PCU54111-54111-,Law offices,2016-01-01,201.8,BLS PCU54111-54111-
ppi,exposed,PCU54111-54111-,Law offices,2016-02-01,202.8,BLS PCU54111-54111-
ppi,exposed,PCU54111-54111-,Law offices,2016-03-01,202.2,BLS PCU54111-54111-
ppi,exposed,PCU54111-54111-,Law offices,2016-04-01,202.9,BLS PCU54111-54111-
ppi,exposed,PCU54111-54111-,Law offices,2016-05-01,203.5,BLS PCU54111-54111-
ppi,exposed,PCU54111-54111-,Law offices,2016-06-01,203.5,BLS PCU54111-54111-
ppi,exposed,PCU54111-54111-,Law offices,2016-07-01,203.4,BLS PCU54111-54111-
ppi,exposed,PCU54111-54111-,Law offices,2016-08-01,204.6,BLS PCU54111-54111-
ppi,exposed,PCU54111-54111-,Law offices,2016-09-01,204.5,BLS PCU54111-54111-
ppi,exposed,PCU54111-54111-,Law offices,2016-10-01,204.5,BLS PCU54111-54111-
ppi,exposed,PCU54111-54111-,Law offices,2016-11-01,204.1,BLS PCU54111-54111-
ppi,exposed,PCU54111-54111-,Law offices,2016-12-01,203.8,BLS PCU54111-54111-
ppi,exposed,PCU54111-54111-,Law offices,2017-01-01,207.7,BLS PCU54111-54111-
ppi,exposed,PCU54111-54111-,Law offices,2017-02-01,210.8,BLS PCU54111-54111-
ppi,exposed,PCU54111-54111-,Law offices,2017-03-01,210.0,BLS PCU54111-54111-
ppi,exposed,PCU54111-54111-,Law offices,2017-04-01,210.7,BLS PCU54111-54111-
ppi,exposed,PCU54111-54111-,Law offices,2017-05-01,211.0,BLS PCU54111-54111-
ppi,exposed,PCU54111-54111-,Law offices,2017-06-01,211.0,BLS PCU54111-54111-
ppi,exposed,PCU54111-54111-,Law offices,2017-07-01,212.0,BLS PCU54111-54111-
ppi,exposed,PCU54111-54111-,Law offices,2017-08-01,212.0,BLS PCU54111-54111-
ppi,exposed,PCU54111-54111-,Law offices,2017-09-01,211.4,BLS PCU54111-54111-
ppi,exposed,PCU54111-54111-,Law offices,2017-10-01,211.7,BLS PCU54111-54111-
ppi,exposed,PCU54111-54111-,Law offices,2017-11-01,212.3,BLS PCU54111-54111-
ppi,exposed,PCU54111-54111-,Law offices,2017-12-01,210.9,BLS PCU54111-54111-
ppi,exposed,PCU54111-54111-,Law offices,2018-01-01,214.6,BLS PCU54111-54111-
ppi,exposed,PCU54111-54111-,Law offices,2018-02-01,216.7,BLS PCU54111-54111-
ppi,exposed,PCU54111-54111-,Law offices,2018-03-01,217.3,BLS PCU54111-54111-
ppi,exposed,PCU54111-54111-,Law offices,2018-04-01,217.8,BLS PCU54111-54111-
ppi,exposed,PCU54111-54111-,Law offices,2018-05-01,216.6,BLS PCU54111-54111-
ppi,exposed,PCU54111-54111-,Law offices,2018-06-01,216.7,BLS PCU54111-54111-
ppi,exposed,PCU54111-54111-,Law offices,2018-07-01,216.2,BLS PCU54111-54111-
ppi,exposed,PCU54111-54111-,Law offices,2018-08-01,216.0,BLS PCU54111-54111-
ppi,exposed,PCU54111-54111-,Law offices,2018-09-01,215.8,BLS PCU54111-54111-
ppi,exposed,PCU54111-54111-,Law offices,2018-10-01,215.8,BLS PCU54111-54111-
ppi,exposed,PCU54111-54111-,Law offices,2018-11-01,215.9,BLS PCU54111-54111-
ppi,exposed,PCU54111-54111-,Law offices,2018-12-01,215.6,BLS PCU54111-54111-
ppi,exposed,PCU54111-54111-,Law offices,2019-01-01,220.4,BLS PCU54111-54111-
ppi,exposed,PCU54111-54111-,Law offices,2019-02-01,222.9,BLS PCU54111-54111-
ppi,exposed,PCU54111-54111-,Law offices,2019-03-01,223.1,BLS PCU54111-54111-
ppi,exposed,PCU54111-54111-,Law offices,2019-04-01,223.2,BLS PCU54111-54111-
ppi,exposed,PCU54111-54111-,Law offices,2019-05-01,223.5,BLS PCU54111-54111-
ppi,exposed,PCU54111-54111-,Law offices,2019-06-01,223.9,BLS PCU54111-54111-
ppi,exposed,PCU54111-54111-,Law offices,2019-07-01,224.2,BLS PCU54111-54111-
ppi,exposed,PCU54111-54111-,Law offices,2019-08-01,225.2,BLS PCU54111-54111-
ppi,exposed,PCU54111-54111-,Law offices,2019-09-01,225.0,BLS PCU54111-54111-
ppi,exposed,PCU54111-54111-,Law offices,2019-10-01,225.8,BLS PCU54111-54111-
ppi,exposed,PCU54111-54111-,Law offices,2019-11-01,225.5,BLS PCU54111-54111-
ppi,exposed,PCU54111-54111-,Law offices,2019-12-01,225.7,BLS PCU54111-54111-
ppi,exposed,PCU54111-54111-,Law offices,2020-01-01,229.8,BLS PCU54111-54111-
ppi,exposed,PCU54111-54111-,Law offices,2020-02-01,232.2,BLS PCU54111-54111-
ppi,exposed,PCU54111-54111-,Law offices,2020-03-01,231.8,BLS PCU54111-54111-
ppi,exposed,PCU54111-54111-,Law offices,2020-04-01,233.0,BLS PCU54111-54111-
ppi,exposed,PCU54111-54111-,Law offices,2020-05-01,235.4,BLS PCU54111-54111-
ppi,exposed,PCU54111-54111-,Law offices,2020-06-01,235.3,BLS PCU54111-54111-
ppi,exposed,PCU54111-54111-,Law offices,2020-07-01,236.5,BLS PCU54111-54111-
ppi,exposed,PCU54111-54111-,Law offices,2020-08-01,236.5,BLS PCU54111-54111-
ppi,exposed,PCU54111-54111-,Law offices,2020-09-01,236.6,BLS PCU54111-54111-
ppi,exposed,PCU54111-54111-,Law offices,2020-10-01,234.9,BLS PCU54111-54111-
ppi,exposed,PCU54111-54111-,Law offices,2020-11-01,234.9,BLS PCU54111-54111-
ppi,exposed,PCU54111-54111-,Law offices,2020-12-01,235.3,BLS PCU54111-54111-
ppi,exposed,PCU54111-54111-,Law offices,2021-01-01,238.0,BLS PCU54111-54111-
ppi,exposed,PCU54111-54111-,Law offices,2021-02-01,240.1,BLS PCU54111-54111-
ppi,exposed,PCU54111-54111-,Law offices,2021-03-01,240.9,BLS PCU54111-54111-
ppi,exposed,PCU54111-54111-,Law offices,2021-04-01,243.5,BLS PCU54111-54111-
ppi,exposed,PCU54111-54111-,Law offices,2021-05-01,243.9,BLS PCU54111-54111-
ppi,exposed,PCU54111-54111-,Law offices,2021-06-01,244.2,BLS PCU54111-54111-
ppi,exposed,PCU54111-54111-,Law offices,2021-07-01,244.414,BLS PCU54111-54111-
ppi,exposed,PCU54111-54111-,Law offices,2021-08-01,243.974,BLS PCU54111-54111-
ppi,exposed,PCU54111-54111-,Law offices,2021-09-01,244.109,BLS PCU54111-54111-
ppi,exposed,PCU54111-54111-,Law offices,2021-10-01,245.326,BLS PCU54111-54111-
ppi,exposed,PCU54111-54111-,Law offices,2021-11-01,245.086,BLS PCU54111-54111-
ppi,exposed,PCU54111-54111-,Law offices,2021-12-01,245.283,BLS PCU54111-54111-
ppi,exposed,PCU54111-54111-,Law offices,2022-01-01,251.189,BLS PCU54111-54111-
ppi,exposed,PCU54111-54111-,Law offices,2022-02-01,253.889,BLS PCU54111-54111-
ppi,exposed,PCU54111-54111-,Law offices,2022-03-01,253.832,BLS PCU54111-54111-
ppi,exposed,PCU54111-54111-,Law offices,2022-04-01,253.802,BLS PCU54111-54111-
ppi,exposed,PCU54111-54111-,Law offices,2022-05-01,255.237,BLS PCU54111-54111-
ppi,exposed,PCU54111-54111-,Law offices,2022-06-01,255.083,BLS PCU54111-54111-
ppi,exposed,PCU54111-54111-,Law offices,2022-07-01,255.556,BLS PCU54111-54111-
ppi,exposed,PCU54111-54111-,Law offices,2022-08-01,255.959,BLS PCU54111-54111-
ppi,exposed,PCU54111-54111-,Law offices,2022-09-01,257.205,BLS PCU54111-54111-
ppi,exposed,PCU54111-54111-,Law offices,2022-10-01,257.752,BLS PCU54111-54111-
ppi,exposed,PCU54111-54111-,Law offices,2022-11-01,257.63,BLS PCU54111-54111-
ppi,exposed,PCU54111-54111-,Law offices,2022-12-01,257.309,BLS PCU54111-54111-
ppi,exposed,PCU54111-54111-,Law offices,2023-01-01,265.508,BLS PCU54111-54111-
ppi,exposed,PCU54111-54111-,Law offices,2023-02-01,270.334,BLS PCU54111-54111-
ppi,exposed,PCU54111-54111-,Law offices,2023-03-01,270.159,BLS PCU54111-54111-
ppi,exposed,PCU54111-54111-,Law offices,2023-04-01,270.823,BLS PCU54111-54111-
ppi,exposed,PCU54111-54111-,Law offices,2023-05-01,270.408,BLS PCU54111-54111-
ppi,exposed,PCU54111-54111-,Law offices,2023-06-01,270.421,BLS PCU54111-54111-
ppi,exposed,PCU54111-54111-,Law offices,2023-07-01,271.917,BLS PCU54111-54111-
ppi,exposed,PCU54111-54111-,Law offices,2023-08-01,271.576,BLS PCU54111-54111-
ppi,exposed,PCU54111-54111-,Law offices,2023-09-01,271.549,BLS PCU54111-54111-
ppi,exposed,PCU54111-54111-,Law offices,2023-10-01,273.602,BLS PCU54111-54111-
ppi,exposed,PCU54111-54111-,Law offices,2023-11-01,273.104,BLS PCU54111-54111-
ppi,exposed,PCU54111-54111-,Law offices,2023-12-01,273.508,BLS PCU54111-54111-
ppi,exposed,PCU54111-54111-,Law offices,2024-01-01,284.352,BLS PCU54111-54111-
ppi,exposed,PCU54111-54111-,Law offices,2024-02-01,288.468,BLS PCU54111-54111-
ppi,exposed,PCU54111-54111-,Law offices,2024-03-01,287.857,BLS PCU54111-54111-
ppi,exposed,PCU54111-54111-,Law offices,2024-04-01,292.263,BLS PCU54111-54111-
ppi,exposed,PCU54111-54111-,Law offices,2024-05-01,292.862,BLS PCU54111-54111-
ppi,exposed,PCU54111-54111-,Law offices,2024-06-01,292.104,BLS PCU54111-54111-
ppi,exposed,PCU54111-54111-,Law offices,2024-07-01,293.209,BLS PCU54111-54111-
ppi,exposed,PCU54111-54111-,Law offices,2024-08-01,293.545,BLS PCU54111-54111-
ppi,exposed,PCU54111-54111-,Law offices,2024-09-01,291.856,BLS PCU54111-54111-
ppi,exposed,PCU54111-54111-,Law offices,2024-10-01,295.582,BLS PCU54111-54111-
ppi,exposed,PCU54111-54111-,Law offices,2024-11-01,294.924,BLS PCU54111-54111-
ppi,exposed,PCU54111-54111-,Law offices,2024-12-01,296.175,BLS PCU54111-54111-
ppi,exposed,PCU54111-54111-,Law offices,2025-01-01,307.85,BLS PCU54111-54111-
ppi,exposed,PCU54111-54111-,Law offices,2025-02-01,311.233,BLS PCU54111-54111-
ppi,exposed,PCU54111-54111-,Law offices,2025-03-01,312.972,BLS PCU54111-54111-
ppi,exposed,PCU54111-54111-,Law offices,2025-04-01,314.337,BLS PCU54111-54111-
ppi,exposed,PCU54111-54111-,Law offices,2025-05-01,313.944,BLS PCU54111-54111-
ppi,exposed,PCU54111-54111-,Law offices,2025-06-01,314.111,BLS PCU54111-54111-
ppi,exposed,PCU54111-54111-,Law offices,2025-07-01,315.585,BLS PCU54111-54111-
ppi,exposed,PCU54111-54111-,Law offices,2025-08-01,314.841,BLS PCU54111-54111-
ppi,exposed,PCU54111-54111-,Law offices,2025-09-01,314.823,BLS PCU54111-54111-
ppi,exposed,PCU54111-54111-,Law offices,2025-10-01,318.794,BLS PCU54111-54111-
ppi,exposed,PCU54111-54111-,Law offices,2025-11-01,318.005,BLS PCU54111-54111-
ppi,exposed,PCU54111-54111-,Law offices,2025-12-01,316.057,BLS PCU54111-54111-
ppi,exposed,PCU54111-54111-,Law offices,2026-01-01,330.892,BLS PCU54111-54111-
ppi,exposed,PCU54111-54111-,Law offices,2026-02-01,336.51,BLS PCU54111-54111-
ppi,exposed,PCU54111-54111-,Law offices,2026-03-01,334.538,BLS PCU54111-54111-
ppi,exposed,PCU54111-54111-,Law offices,2026-04-01,337.631,BLS PCU54111-54111-
ppi,exposed,PCU54111-54111-,Law offices,2026-05-01,339.471,BLS PCU54111-54111-
ppi,exposed,PCU54111-54111-,Law offices,2026-06-01,338.788,BLS PCU54111-54111-
ppi,exposed,PCU54111-54111-,Law offices,2026-07-01,336.198,BLS PCU54111-54111-
ppi,exposed,PCU54111-54111-,Law offices,2026-08-01,339.513,BLS PCU54111-54111-
ppi,exposed,PCU541211541211,CPA offices,2007-01-01,110.3,BLS PCU541211541211
ppi,exposed,PCU541211541211,CPA offices,2007-02-01,109.0,BLS PCU541211541211
ppi,exposed,PCU541211541211,CPA offices,2007-03-01,109.8,BLS PCU541211541211
ppi,exposed,PCU541211541211,CPA offices,2007-04-01,110.6,BLS PCU541211541211
ppi,exposed,PCU541211541211,CPA offices,2007-05-01,110.9,BLS PCU541211541211
ppi,exposed,PCU541211541211,CPA offices,2007-06-01,111.4,BLS PCU541211541211
ppi,exposed,PCU541211541211,CPA offices,2007-07-01,112.2,BLS PCU541211541211
ppi,exposed,PCU541211541211,CPA offices,2007-08-01,112.6,BLS PCU541211541211
ppi,exposed,PCU541211541211,CPA offices,2007-09-01,112.4,BLS PCU541211541211
ppi,exposed,PCU541211541211,CPA offices,2007-10-01,113.1,BLS PCU541211541211
ppi,exposed,PCU541211541211,CPA offices,2007-11-01,112.9,BLS PCU541211541211
ppi,exposed,PCU541211541211,CPA offices,2007-12-01,113.0,BLS PCU541211541211
ppi,exposed,PCU541211541211,CPA offices,2008-01-01,115.6,BLS PCU541211541211
ppi,exposed,PCU541211541211,CPA offices,2008-02-01,114.1,BLS PCU541211541211
ppi,exposed,PCU541211541211,CPA offices,2008-03-01,113.8,BLS PCU541211541211
ppi,exposed,PCU541211541211,CPA offices,2008-04-01,112.7,BLS PCU541211541211
ppi,exposed,PCU541211541211,CPA offices,2008-05-01,114.0,BLS PCU541211541211
ppi,exposed,PCU541211541211,CPA offices,2008-06-01,112.7,BLS PCU541211541211
ppi,exposed,PCU541211541211,CPA offices,2008-07-01,115.3,BLS PCU541211541211
ppi,exposed,PCU541211541211,CPA offices,2008-08-01,115.5,BLS PCU541211541211
ppi,exposed,PCU541211541211,CPA offices,2008-09-01,115.4,BLS PCU541211541211
ppi,exposed,PCU541211541211,CPA offices,2008-10-01,115.6,BLS PCU541211541211
ppi,exposed,PCU541211541211,CPA offices,2008-11-01,115.0,BLS PCU541211541211
ppi,exposed,PCU541211541211,CPA offices,2008-12-01,115.7,BLS PCU541211541211
ppi,exposed,PCU541211541211,CPA offices,2009-01-01,115.3,BLS PCU541211541211
ppi,exposed,PCU541211541211,CPA offices,2009-02-01,115.2,BLS PCU541211541211
ppi,exposed,PCU541211541211,CPA offices,2009-03-01,115.3,BLS PCU541211541211
ppi,exposed,PCU541211541211,CPA offices,2009-04-01,115.3,BLS PCU541211541211
ppi,exposed,PCU541211541211,CPA offices,2009-05-01,115.3,BLS PCU541211541211
ppi,exposed,PCU541211541211,CPA offices,2009-06-01,114.3,BLS PCU541211541211
ppi,exposed,PCU541211541211,CPA offices,2009-07-01,114.5,BLS PCU541211541211
ppi,exposed,PCU541211541211,CPA offices,2009-08-01,114.6,BLS PCU541211541211
ppi,exposed,PCU541211541211,CPA offices,2009-09-01,115.1,BLS PCU541211541211
ppi,exposed,PCU541211541211,CPA offices,2009-10-01,114.7,BLS PCU541211541211
ppi,exposed,PCU541211541211,CPA offices,2009-11-01,115.4,BLS PCU541211541211
ppi,exposed,PCU541211541211,CPA offices,2009-12-01,114.0,BLS PCU541211541211
ppi,exposed,PCU541211541211,CPA offices,2010-01-01,113.6,BLS PCU541211541211
ppi,exposed,PCU541211541211,CPA offices,2010-02-01,114.3,BLS PCU541211541211
ppi,exposed,PCU541211541211,CPA offices,2010-03-01,113.6,BLS PCU541211541211
ppi,exposed,PCU541211541211,CPA offices,2010-04-01,113.7,BLS PCU541211541211
ppi,exposed,PCU541211541211,CPA offices,2010-05-01,112.9,BLS PCU541211541211
ppi,exposed,PCU541211541211,CPA offices,2010-06-01,112.7,BLS PCU541211541211
ppi,exposed,PCU541211541211,CPA offices,2010-07-01,112.9,BLS PCU541211541211
ppi,exposed,PCU541211541211,CPA offices,2010-08-01,113.4,BLS PCU541211541211
ppi,exposed,PCU541211541211,CPA offices,2010-09-01,113.7,BLS PCU541211541211
ppi,exposed,PCU541211541211,CPA offices,2010-10-01,113.5,BLS PCU541211541211
ppi,exposed,PCU541211541211,CPA offices,2010-11-01,113.1,BLS PCU541211541211
ppi,exposed,PCU541211541211,CPA offices,2010-12-01,113.6,BLS PCU541211541211
ppi,exposed,PCU541211541211,CPA offices,2011-01-01,113.3,BLS PCU541211541211
ppi,exposed,PCU541211541211,CPA offices,2011-02-01,113.1,BLS PCU541211541211
ppi,exposed,PCU541211541211,CPA offices,2011-03-01,112.2,BLS PCU541211541211
ppi,exposed,PCU541211541211,CPA offices,2011-04-01,112.0,BLS PCU541211541211
ppi,exposed,PCU541211541211,CPA offices,2011-05-01,111.5,BLS PCU541211541211
ppi,exposed,PCU541211541211,CPA offices,2011-06-01,111.5,BLS PCU541211541211
ppi,exposed,PCU541211541211,CPA offices,2011-07-01,111.8,BLS PCU541211541211
ppi,exposed,PCU541211541211,CPA offices,2011-08-01,111.9,BLS PCU541211541211
ppi,exposed,PCU541211541211,CPA offices,2011-09-01,111.8,BLS PCU541211541211
ppi,exposed,PCU541211541211,CPA offices,2011-10-01,111.1,BLS PCU541211541211
ppi,exposed,PCU541211541211,CPA offices,2011-11-01,110.9,BLS PCU541211541211
ppi,exposed,PCU541211541211,CPA offices,2011-12-01,112.5,BLS PCU541211541211
ppi,exposed,PCU541211541211,CPA offices,2012-01-01,112.0,BLS PCU541211541211
ppi,exposed,PCU541211541211,CPA offices,2012-02-01,111.9,BLS PCU541211541211
ppi,exposed,PCU541211541211,CPA offices,2012-03-01,111.4,BLS PCU541211541211
ppi,exposed,PCU541211541211,CPA offices,2012-04-01,111.5,BLS PCU541211541211
ppi,exposed,PCU541211541211,CPA offices,2012-05-01,111.1,BLS PCU541211541211
ppi,exposed,PCU541211541211,CPA offices,2012-06-01,111.1,BLS PCU541211541211
ppi,exposed,PCU541211541211,CPA offices,2012-07-01,112.3,BLS PCU541211541211
ppi,exposed,PCU541211541211,CPA offices,2012-08-01,113.6,BLS PCU541211541211
ppi,exposed,PCU541211541211,CPA offices,2012-09-01,114.5,BLS PCU541211541211
ppi,exposed,PCU541211541211,CPA offices,2012-10-01,114.2,BLS PCU541211541211
ppi,exposed,PCU541211541211,CPA offices,2012-11-01,113.5,BLS PCU541211541211
ppi,exposed,PCU541211541211,CPA offices,2012-12-01,113.8,BLS PCU541211541211
ppi,exposed,PCU541211541211,CPA offices,2013-01-01,113.7,BLS PCU541211541211
ppi,exposed,PCU541211541211,CPA offices,2013-02-01,113.3,BLS PCU541211541211
ppi,exposed,PCU541211541211,CPA offices,2013-03-01,113.1,BLS PCU541211541211
ppi,exposed,PCU541211541211,CPA offices,2013-04-01,113.3,BLS PCU541211541211
ppi,exposed,PCU541211541211,CPA offices,2013-05-01,113.6,BLS PCU541211541211
ppi,exposed,PCU541211541211,CPA offices,2013-06-01,114.0,BLS PCU541211541211
ppi,exposed,PCU541211541211,CPA offices,2013-07-01,113.9,BLS PCU541211541211
ppi,exposed,PCU541211541211,CPA offices,2013-08-01,114.1,BLS PCU541211541211
ppi,exposed,PCU541211541211,CPA offices,2013-09-01,113.6,BLS PCU541211541211
ppi,exposed,PCU541211541211,CPA offices,2013-10-01,113.8,BLS PCU541211541211
ppi,exposed,PCU541211541211,CPA offices,2013-11-01,113.6,BLS PCU541211541211
ppi,exposed,PCU541211541211,CPA offices,2013-12-01,114.0,BLS PCU541211541211
ppi,exposed,PCU541211541211,CPA offices,2014-01-01,114.7,BLS PCU541211541211
ppi,exposed,PCU541211541211,CPA offices,2014-02-01,114.4,BLS PCU541211541211
ppi,exposed,PCU541211541211,CPA offices,2014-03-01,114.1,BLS PCU541211541211
ppi,exposed,PCU541211541211,CPA offices,2014-04-01,113.5,BLS PCU541211541211
ppi,exposed,PCU541211541211,CPA offices,2014-05-01,113.8,BLS PCU541211541211
ppi,exposed,PCU541211541211,CPA offices,2014-06-01,114.8,BLS PCU541211541211
ppi,exposed,PCU541211541211,CPA offices,2014-07-01,115.6,BLS PCU541211541211
ppi,exposed,PCU541211541211,CPA offices,2014-08-01,116.9,BLS PCU541211541211
ppi,exposed,PCU541211541211,CPA offices,2014-09-01,116.9,BLS PCU541211541211
ppi,exposed,PCU541211541211,CPA offices,2014-10-01,117.3,BLS PCU541211541211
ppi,exposed,PCU541211541211,CPA offices,2014-11-01,117.0,BLS PCU541211541211
ppi,exposed,PCU541211541211,CPA offices,2014-12-01,116.3,BLS PCU541211541211
ppi,exposed,PCU541211541211,CPA offices,2015-01-01,116.7,BLS PCU541211541211
ppi,exposed,PCU541211541211,CPA offices,2015-02-01,117.5,BLS PCU541211541211
ppi,exposed,PCU541211541211,CPA offices,2015-03-01,117.2,BLS PCU541211541211
ppi,exposed,PCU541211541211,CPA offices,2015-04-01,116.3,BLS PCU541211541211
ppi,exposed,PCU541211541211,CPA offices,2015-05-01,116.1,BLS PCU541211541211
ppi,exposed,PCU541211541211,CPA offices,2015-06-01,116.8,BLS PCU541211541211
ppi,exposed,PCU541211541211,CPA offices,2015-07-01,116.6,BLS PCU541211541211
ppi,exposed,PCU541211541211,CPA offices,2015-08-01,117.4,BLS PCU541211541211
ppi,exposed,PCU541211541211,CPA offices,2015-09-01,117.2,BLS PCU541211541211
ppi,exposed,PCU541211541211,CPA offices,2015-10-01,117.5,BLS PCU541211541211
ppi,exposed,PCU541211541211,CPA offices,2015-11-01,116.9,BLS PCU541211541211
ppi,exposed,PCU541211541211,CPA offices,2015-12-01,117.7,BLS PCU541211541211
ppi,exposed,PCU541211541211,CPA offices,2016-01-01,118.8,BLS PCU541211541211
ppi,exposed,PCU541211541211,CPA offices,2016-02-01,119.6,BLS PCU541211541211
ppi,exposed,PCU541211541211,CPA offices,2016-03-01,118.7,BLS PCU541211541211
ppi,exposed,PCU541211541211,CPA offices,2016-04-01,118.1,BLS PCU541211541211
ppi,exposed,PCU541211541211,CPA offices,2016-05-01,117.2,BLS PCU541211541211
ppi,exposed,PCU541211541211,CPA offices,2016-06-01,117.6,BLS PCU541211541211
ppi,exposed,PCU541211541211,CPA offices,2016-07-01,118.3,BLS PCU541211541211
ppi,exposed,PCU541211541211,CPA offices,2016-08-01,119.7,BLS PCU541211541211
ppi,exposed,PCU541211541211,CPA offices,2016-09-01,120.1,BLS PCU541211541211
ppi,exposed,PCU541211541211,CPA offices,2016-10-01,119.6,BLS PCU541211541211
ppi,exposed,PCU541211541211,CPA offices,2016-11-01,119.1,BLS PCU541211541211
ppi,exposed,PCU541211541211,CPA offices,2016-12-01,119.7,BLS PCU541211541211
ppi,exposed,PCU541211541211,CPA offices,2017-01-01,121.5,BLS PCU541211541211
ppi,exposed,PCU541211541211,CPA offices,2017-02-01,121.7,BLS PCU541211541211
ppi,exposed,PCU541211541211,CPA offices,2017-03-01,121.4,BLS PCU541211541211
ppi,exposed,PCU541211541211,CPA offices,2017-04-01,120.2,BLS PCU541211541211
ppi,exposed,PCU541211541211,CPA offices,2017-05-01,120.1,BLS PCU541211541211
ppi,exposed,PCU541211541211,CPA offices,2017-06-01,119.9,BLS PCU541211541211
ppi,exposed,PCU541211541211,CPA offices,2017-07-01,120.1,BLS PCU541211541211
ppi,exposed,PCU541211541211,CPA offices,2017-08-01,120.0,BLS PCU541211541211
ppi,exposed,PCU541211541211,CPA offices,2017-09-01,119.7,BLS PCU541211541211
ppi,exposed,PCU541211541211,CPA offices,2017-10-01,120.2,BLS PCU541211541211
ppi,exposed,PCU541211541211,CPA offices,2017-11-01,120.1,BLS PCU541211541211
ppi,exposed,PCU541211541211,CPA offices,2017-12-01,120.4,BLS PCU541211541211
ppi,exposed,PCU541211541211,CPA offices,2018-01-01,121.0,BLS PCU541211541211
ppi,exposed,PCU541211541211,CPA offices,2018-02-01,120.7,BLS PCU541211541211
ppi,exposed,PCU541211541211,CPA offices,2018-03-01,119.8,BLS PCU541211541211
ppi,exposed,PCU541211541211,CPA offices,2018-04-01,121.9,BLS PCU541211541211
ppi,exposed,PCU541211541211,CPA offices,2018-05-01,119.3,BLS PCU541211541211
ppi,exposed,PCU541211541211,CPA offices,2018-06-01,118.5,BLS PCU541211541211
ppi,exposed,PCU541211541211,CPA offices,2018-07-01,121.5,BLS PCU541211541211
ppi,exposed,PCU541211541211,CPA offices,2018-08-01,121.2,BLS PCU541211541211
ppi,exposed,PCU541211541211,CPA offices,2018-09-01,122.4,BLS PCU541211541211
ppi,exposed,PCU541211541211,CPA offices,2018-10-01,123.3,BLS PCU541211541211
ppi,exposed,PCU541211541211,CPA offices,2018-11-01,123.3,BLS PCU541211541211
ppi,exposed,PCU541211541211,CPA offices,2018-12-01,124.6,BLS PCU541211541211
ppi,exposed,PCU541211541211,CPA offices,2019-01-01,126.7,BLS PCU541211541211
ppi,exposed,PCU541211541211,CPA offices,2019-02-01,125.0,BLS PCU541211541211
ppi,exposed,PCU541211541211,CPA offices,2019-03-01,125.3,BLS PCU541211541211
ppi,exposed,PCU541211541211,CPA offices,2019-04-01,125.1,BLS PCU541211541211
ppi,exposed,PCU541211541211,CPA offices,2019-05-01,124.4,BLS PCU541211541211
ppi,exposed,PCU541211541211,CPA offices,2019-06-01,124.2,BLS PCU541211541211
ppi,exposed,PCU541211541211,CPA offices,2019-07-01,125.0,BLS PCU541211541211
ppi,exposed,PCU541211541211,CPA offices,2019-08-01,124.1,BLS PCU541211541211
ppi,exposed,PCU541211541211,CPA offices,2019-09-01,124.8,BLS PCU541211541211
ppi,exposed,PCU541211541211,CPA offices,2019-10-01,123.8,BLS PCU541211541211
ppi,exposed,PCU541211541211,CPA offices,2019-11-01,125.7,BLS PCU541211541211
ppi,exposed,PCU541211541211,CPA offices,2019-12-01,125.9,BLS PCU541211541211
ppi,exposed,PCU541211541211,CPA offices,2020-01-01,126.3,BLS PCU541211541211
ppi,exposed,PCU541211541211,CPA offices,2020-02-01,125.6,BLS PCU541211541211
ppi,exposed,PCU541211541211,CPA offices,2020-03-01,128.4,BLS PCU541211541211
ppi,exposed,PCU541211541211,CPA offices,2020-04-01,126.9,BLS PCU541211541211
ppi,exposed,PCU541211541211,CPA offices,2020-05-01,126.8,BLS PCU541211541211
ppi,exposed,PCU541211541211,CPA offices,2020-06-01,125.7,BLS PCU541211541211
ppi,exposed,PCU541211541211,CPA offices,2020-07-01,121.9,BLS PCU541211541211
ppi,exposed,PCU541211541211,CPA offices,2020-08-01,122.5,BLS PCU541211541211
ppi,exposed,PCU541211541211,CPA offices,2020-09-01,122.7,BLS PCU541211541211
ppi,exposed,PCU541211541211,CPA offices,2020-10-01,124.6,BLS PCU541211541211
ppi,exposed,PCU541211541211,CPA offices,2020-11-01,125.0,BLS PCU541211541211
ppi,exposed,PCU541211541211,CPA offices,2020-12-01,124.8,BLS PCU541211541211
ppi,exposed,PCU541211541211,CPA offices,2021-01-01,128.1,BLS PCU541211541211
ppi,exposed,PCU541211541211,CPA offices,2021-02-01,128.6,BLS PCU541211541211
ppi,exposed,PCU541211541211,CPA offices,2021-03-01,128.4,BLS PCU541211541211
ppi,exposed,PCU541211541211,CPA offices,2021-04-01,126.7,BLS PCU541211541211
ppi,exposed,PCU541211541211,CPA offices,2021-05-01,126.8,BLS PCU541211541211
ppi,exposed,PCU541211541211,CPA offices,2021-06-01,126.8,BLS PCU541211541211
ppi,exposed,PCU541211541211,CPA offices,2021-07-01,124.42,BLS PCU541211541211
ppi,exposed,PCU541211541211,CPA offices,2021-08-01,125.649,BLS PCU541211541211
ppi,exposed,PCU541211541211,CPA offices,2021-09-01,126.43,BLS PCU541211541211
ppi,exposed,PCU541211541211,CPA offices,2021-10-01,125.946,BLS PCU541211541211
ppi,exposed,PCU541211541211,CPA offices,2021-11-01,126.166,BLS PCU541211541211
ppi,exposed,PCU541211541211,CPA offices,2021-12-01,126.686,BLS PCU541211541211
ppi,exposed,PCU541211541211,CPA offices,2022-01-01,127.439,BLS PCU541211541211
ppi,exposed,PCU541211541211,CPA offices,2022-02-01,128.628,BLS PCU541211541211
ppi,exposed,PCU541211541211,CPA offices,2022-03-01,129.327,BLS PCU541211541211
ppi,exposed,PCU541211541211,CPA offices,2022-04-01,130.154,BLS PCU541211541211
ppi,exposed,PCU541211541211,CPA offices,2022-05-01,129.983,BLS PCU541211541211
ppi,exposed,PCU541211541211,CPA offices,2022-06-01,130.422,BLS PCU541211541211
ppi,exposed,PCU541211541211,CPA offices,2022-07-01,128.906,BLS PCU541211541211
ppi,exposed,PCU541211541211,CPA offices,2022-08-01,131.999,BLS PCU541211541211
ppi,exposed,PCU541211541211,CPA offices,2022-09-01,133.336,BLS PCU541211541211
ppi,exposed,PCU541211541211,CPA offices,2022-10-01,133.834,BLS PCU541211541211
ppi,exposed,PCU541211541211,CPA offices,2022-11-01,134.164,BLS PCU541211541211
ppi,exposed,PCU541211541211,CPA offices,2022-12-01,134.555,BLS PCU541211541211
ppi,exposed,PCU541211541211,CPA offices,2023-01-01,138.425,BLS PCU541211541211
ppi,exposed,PCU541211541211,CPA offices,2023-02-01,138.13,BLS PCU541211541211
ppi,exposed,PCU541211541211,CPA offices,2023-03-01,137.624,BLS PCU541211541211
ppi,exposed,PCU541211541211,CPA offices,2023-04-01,139.308,BLS PCU541211541211
ppi,exposed,PCU541211541211,CPA offices,2023-05-01,139.693,BLS PCU541211541211
ppi,exposed,PCU541211541211,CPA offices,2023-06-01,139.059,BLS PCU541211541211
ppi,exposed,PCU541211541211,CPA offices,2023-07-01,142.08,BLS PCU541211541211
ppi,exposed,PCU541211541211,CPA offices,2023-08-01,139.824,BLS PCU541211541211
ppi,exposed,PCU541211541211,CPA offices,2023-09-01,143.513,BLS PCU541211541211
ppi,exposed,PCU541211541211,CPA offices,2023-10-01,142.48,BLS PCU541211541211
ppi,exposed,PCU541211541211,CPA offices,2023-11-01,143.937,BLS PCU541211541211
ppi,exposed,PCU541211541211,CPA offices,2023-12-01,142.938,BLS PCU541211541211
ppi,exposed,PCU541211541211,CPA offices,2024-01-01,147.37,BLS PCU541211541211
ppi,exposed,PCU541211541211,CPA offices,2024-02-01,149.703,BLS PCU541211541211
ppi,exposed,PCU541211541211,CPA offices,2024-03-01,150.156,BLS PCU541211541211
ppi,exposed,PCU541211541211,CPA offices,2024-04-01,149.919,BLS PCU541211541211
ppi,exposed,PCU541211541211,CPA offices,2024-05-01,149.812,BLS PCU541211541211
ppi,exposed,PCU541211541211,CPA offices,2024-06-01,146.354,BLS PCU541211541211
ppi,exposed,PCU541211541211,CPA offices,2024-07-01,146.532,BLS PCU541211541211
ppi,exposed,PCU541211541211,CPA offices,2024-08-01,146.599,BLS PCU541211541211
ppi,exposed,PCU541211541211,CPA offices,2024-09-01,146.234,BLS PCU541211541211
ppi,exposed,PCU541211541211,CPA offices,2024-10-01,144.358,BLS PCU541211541211
ppi,exposed,PCU541211541211,CPA offices,2024-11-01,143.16,BLS PCU541211541211
ppi,exposed,PCU541211541211,CPA offices,2024-12-01,145.331,BLS PCU541211541211
ppi,exposed,PCU541211541211,CPA offices,2025-01-01,146.749,BLS PCU541211541211
ppi,exposed,PCU541211541211,CPA offices,2025-02-01,146.37,BLS PCU541211541211
ppi,exposed,PCU541211541211,CPA offices,2025-03-01,146.485,BLS PCU541211541211
ppi,exposed,PCU541211541211,CPA offices,2025-04-01,146.77,BLS PCU541211541211
ppi,exposed,PCU541211541211,CPA offices,2025-05-01,149.002,BLS PCU541211541211
ppi,exposed,PCU541211541211,CPA offices,2025-06-01,150.803,BLS PCU541211541211
ppi,exposed,PCU541211541211,CPA offices,2025-07-01,151.883,BLS PCU541211541211
ppi,exposed,PCU541211541211,CPA offices,2025-08-01,151.59,BLS PCU541211541211
ppi,exposed,PCU541211541211,CPA offices,2025-09-01,150.483,BLS PCU541211541211
ppi,exposed,PCU541211541211,CPA offices,2025-10-01,150.888,BLS PCU541211541211
ppi,exposed,PCU541211541211,CPA offices,2025-11-01,151.801,BLS PCU541211541211
ppi,exposed,PCU541211541211,CPA offices,2025-12-01,152.79,BLS PCU541211541211
ppi,exposed,PCU541211541211,CPA offices,2026-01-01,153.342,BLS PCU541211541211
ppi,exposed,PCU541211541211,CPA offices,2026-02-01,153.368,BLS PCU541211541211
ppi,exposed,PCU541211541211,CPA offices,2026-03-01,152.728,BLS PCU541211541211
ppi,exposed,PCU541211541211,CPA offices,2026-04-01,152.997,BLS PCU541211541211
ppi,exposed,PCU541211541211,CPA offices,2026-05-01,154.677,BLS PCU541211541211
ppi,exposed,PCU541211541211,CPA offices,2026-06-01,155.523,BLS PCU541211541211
ppi,exposed,PCU541211541211,CPA offices,2026-07-01,154.418,BLS PCU541211541211
ppi,exposed,PCU541211541211,CPA offices,2026-08-01,155.131,BLS PCU541211541211
ppi,exposed,PCU54133-54133-,Engineering services,2007-01-01,110.7,BLS PCU54133-54133-
ppi,exposed,PCU54133-54133-,Engineering services,2007-02-01,110.7,BLS PCU54133-54133-
ppi,exposed,PCU54133-54133-,Engineering services,2007-03-01,111.8,BLS PCU54133-54133-
ppi,exposed,PCU54133-54133-,Engineering services,2007-04-01,112.1,BLS PCU54133-54133-
ppi,exposed,PCU54133-54133-,Engineering services,2007-05-01,112.1,BLS PCU54133-54133-
ppi,exposed,PCU54133-54133-,Engineering services,2007-06-01,112.2,BLS PCU54133-54133-
ppi,exposed,PCU54133-54133-,Engineering services,2007-07-01,112.5,BLS PCU54133-54133-
ppi,exposed,PCU54133-54133-,Engineering services,2007-08-01,112.9,BLS PCU54133-54133-
ppi,exposed,PCU54133-54133-,Engineering services,2007-09-01,112.8,BLS PCU54133-54133-
ppi,exposed,PCU54133-54133-,Engineering services,2007-10-01,112.9,BLS PCU54133-54133-
ppi,exposed,PCU54133-54133-,Engineering services,2007-11-01,112.9,BLS PCU54133-54133-
ppi,exposed,PCU54133-54133-,Engineering services,2007-12-01,112.9,BLS PCU54133-54133-
ppi,exposed,PCU54133-54133-,Engineering services,2008-01-01,111.3,BLS PCU54133-54133-
ppi,exposed,PCU54133-54133-,Engineering services,2008-02-01,112.3,BLS PCU54133-54133-
ppi,exposed,PCU54133-54133-,Engineering services,2008-03-01,112.2,BLS PCU54133-54133-
ppi,exposed,PCU54133-54133-,Engineering services,2008-04-01,112.4,BLS PCU54133-54133-
ppi,exposed,PCU54133-54133-,Engineering services,2008-05-01,112.4,BLS PCU54133-54133-
ppi,exposed,PCU54133-54133-,Engineering services,2008-06-01,113.2,BLS PCU54133-54133-
ppi,exposed,PCU54133-54133-,Engineering services,2008-07-01,113.6,BLS PCU54133-54133-
ppi,exposed,PCU54133-54133-,Engineering services,2008-08-01,113.6,BLS PCU54133-54133-
ppi,exposed,PCU54133-54133-,Engineering services,2008-09-01,113.5,BLS PCU54133-54133-
ppi,exposed,PCU54133-54133-,Engineering services,2008-10-01,113.7,BLS PCU54133-54133-
ppi,exposed,PCU54133-54133-,Engineering services,2008-11-01,113.7,BLS PCU54133-54133-
ppi,exposed,PCU54133-54133-,Engineering services,2008-12-01,113.8,BLS PCU54133-54133-
ppi,exposed,PCU54133-54133-,Engineering services,2009-01-01,114.9,BLS PCU54133-54133-
ppi,exposed,PCU54133-54133-,Engineering services,2009-02-01,114.8,BLS PCU54133-54133-
ppi,exposed,PCU54133-54133-,Engineering services,2009-03-01,114.8,BLS PCU54133-54133-
ppi,exposed,PCU54133-54133-,Engineering services,2009-04-01,114.9,BLS PCU54133-54133-
ppi,exposed,PCU54133-54133-,Engineering services,2009-05-01,114.9,BLS PCU54133-54133-
ppi,exposed,PCU54133-54133-,Engineering services,2009-06-01,114.9,BLS PCU54133-54133-
ppi,exposed,PCU54133-54133-,Engineering services,2009-07-01,115.0,BLS PCU54133-54133-
ppi,exposed,PCU54133-54133-,Engineering services,2009-08-01,114.8,BLS PCU54133-54133-
ppi,exposed,PCU54133-54133-,Engineering services,2009-09-01,114.8,BLS PCU54133-54133-
ppi,exposed,PCU54133-54133-,Engineering services,2009-10-01,114.9,BLS PCU54133-54133-
ppi,exposed,PCU54133-54133-,Engineering services,2009-11-01,114.9,BLS PCU54133-54133-
ppi,exposed,PCU54133-54133-,Engineering services,2009-12-01,114.9,BLS PCU54133-54133-
ppi,exposed,PCU54133-54133-,Engineering services,2010-01-01,114.9,BLS PCU54133-54133-
ppi,exposed,PCU54133-54133-,Engineering services,2010-02-01,114.7,BLS PCU54133-54133-
ppi,exposed,PCU54133-54133-,Engineering services,2010-03-01,115.0,BLS PCU54133-54133-
ppi,exposed,PCU54133-54133-,Engineering services,2010-04-01,115.1,BLS PCU54133-54133-
ppi,exposed,PCU54133-54133-,Engineering services,2010-05-01,115.2,BLS PCU54133-54133-
ppi,exposed,PCU54133-54133-,Engineering services,2010-06-01,115.7,BLS PCU54133-54133-
ppi,exposed,PCU54133-54133-,Engineering services,2010-07-01,115.9,BLS PCU54133-54133-
ppi,exposed,PCU54133-54133-,Engineering services,2010-08-01,115.9,BLS PCU54133-54133-
ppi,exposed,PCU54133-54133-,Engineering services,2010-09-01,115.9,BLS PCU54133-54133-
ppi,exposed,PCU54133-54133-,Engineering services,2010-10-01,115.9,BLS PCU54133-54133-
ppi,exposed,PCU54133-54133-,Engineering services,2010-11-01,116.0,BLS PCU54133-54133-
ppi,exposed,PCU54133-54133-,Engineering services,2010-12-01,116.0,BLS PCU54133-54133-
ppi,exposed,PCU54133-54133-,Engineering services,2011-01-01,116.4,BLS PCU54133-54133-
ppi,exposed,PCU54133-54133-,Engineering services,2011-02-01,116.6,BLS PCU54133-54133-
ppi,exposed,PCU54133-54133-,Engineering services,2011-03-01,116.8,BLS PCU54133-54133-
ppi,exposed,PCU54133-54133-,Engineering services,2011-04-01,116.9,BLS PCU54133-54133-
ppi,exposed,PCU54133-54133-,Engineering services,2011-05-01,116.9,BLS PCU54133-54133-
ppi,exposed,PCU54133-54133-,Engineering services,2011-06-01,117.4,BLS PCU54133-54133-
ppi,exposed,PCU54133-54133-,Engineering services,2011-07-01,117.9,BLS PCU54133-54133-
ppi,exposed,PCU54133-54133-,Engineering services,2011-08-01,118.0,BLS PCU54133-54133-
ppi,exposed,PCU54133-54133-,Engineering services,2011-09-01,118.2,BLS PCU54133-54133-
ppi,exposed,PCU54133-54133-,Engineering services,2011-10-01,118.4,BLS PCU54133-54133-
ppi,exposed,PCU54133-54133-,Engineering services,2011-11-01,118.4,BLS PCU54133-54133-
ppi,exposed,PCU54133-54133-,Engineering services,2011-12-01,118.4,BLS PCU54133-54133-
ppi,exposed,PCU54133-54133-,Engineering services,2012-01-01,118.5,BLS PCU54133-54133-
ppi,exposed,PCU54133-54133-,Engineering services,2012-02-01,118.5,BLS PCU54133-54133-
ppi,exposed,PCU54133-54133-,Engineering services,2012-03-01,118.7,BLS PCU54133-54133-
ppi,exposed,PCU54133-54133-,Engineering services,2012-04-01,119.0,BLS PCU54133-54133-
ppi,exposed,PCU54133-54133-,Engineering services,2012-05-01,119.3,BLS PCU54133-54133-
ppi,exposed,PCU54133-54133-,Engineering services,2012-06-01,119.1,BLS PCU54133-54133-
ppi,exposed,PCU54133-54133-,Engineering services,2012-07-01,119.8,BLS PCU54133-54133-
ppi,exposed,PCU54133-54133-,Engineering services,2012-08-01,119.5,BLS PCU54133-54133-
ppi,exposed,PCU54133-54133-,Engineering services,2012-09-01,120.0,BLS PCU54133-54133-
ppi,exposed,PCU54133-54133-,Engineering services,2012-10-01,120.2,BLS PCU54133-54133-
ppi,exposed,PCU54133-54133-,Engineering services,2012-11-01,120.3,BLS PCU54133-54133-
ppi,exposed,PCU54133-54133-,Engineering services,2012-12-01,120.6,BLS PCU54133-54133-
ppi,exposed,PCU54133-54133-,Engineering services,2013-01-01,120.4,BLS PCU54133-54133-
ppi,exposed,PCU54133-54133-,Engineering services,2013-02-01,120.5,BLS PCU54133-54133-
ppi,exposed,PCU54133-54133-,Engineering services,2013-03-01,120.8,BLS PCU54133-54133-
ppi,exposed,PCU54133-54133-,Engineering services,2013-04-01,121.7,BLS PCU54133-54133-
ppi,exposed,PCU54133-54133-,Engineering services,2013-05-01,121.6,BLS PCU54133-54133-
ppi,exposed,PCU54133-54133-,Engineering services,2013-06-01,121.7,BLS PCU54133-54133-
ppi,exposed,PCU54133-54133-,Engineering services,2013-07-01,121.7,BLS PCU54133-54133-
ppi,exposed,PCU54133-54133-,Engineering services,2013-08-01,122.0,BLS PCU54133-54133-
ppi,exposed,PCU54133-54133-,Engineering services,2013-09-01,122.1,BLS PCU54133-54133-
ppi,exposed,PCU54133-54133-,Engineering services,2013-10-01,121.6,BLS PCU54133-54133-
ppi,exposed,PCU54133-54133-,Engineering services,2013-11-01,121.7,BLS PCU54133-54133-
ppi,exposed,PCU54133-54133-,Engineering services,2013-12-01,122.0,BLS PCU54133-54133-
ppi,exposed,PCU54133-54133-,Engineering services,2014-01-01,122.4,BLS PCU54133-54133-
ppi,exposed,PCU54133-54133-,Engineering services,2014-02-01,122.5,BLS PCU54133-54133-
ppi,exposed,PCU54133-54133-,Engineering services,2014-03-01,122.6,BLS PCU54133-54133-
ppi,exposed,PCU54133-54133-,Engineering services,2014-04-01,122.5,BLS PCU54133-54133-
ppi,exposed,PCU54133-54133-,Engineering services,2014-05-01,123.1,BLS PCU54133-54133-
ppi,exposed,PCU54133-54133-,Engineering services,2014-06-01,123.1,BLS PCU54133-54133-
ppi,exposed,PCU54133-54133-,Engineering services,2014-07-01,123.2,BLS PCU54133-54133-
ppi,exposed,PCU54133-54133-,Engineering services,2014-08-01,124.0,BLS PCU54133-54133-
ppi,exposed,PCU54133-54133-,Engineering services,2014-09-01,123.7,BLS PCU54133-54133-
ppi,exposed,PCU54133-54133-,Engineering services,2014-10-01,124.5,BLS PCU54133-54133-
ppi,exposed,PCU54133-54133-,Engineering services,2014-11-01,124.2,BLS PCU54133-54133-
ppi,exposed,PCU54133-54133-,Engineering services,2014-12-01,124.5,BLS PCU54133-54133-
ppi,exposed,PCU54133-54133-,Engineering services,2015-01-01,125.0,BLS PCU54133-54133-
ppi,exposed,PCU54133-54133-,Engineering services,2015-02-01,125.7,BLS PCU54133-54133-
ppi,exposed,PCU54133-54133-,Engineering services,2015-03-01,126.2,BLS PCU54133-54133-
ppi,exposed,PCU54133-54133-,Engineering services,2015-04-01,126.5,BLS PCU54133-54133-
ppi,exposed,PCU54133-54133-,Engineering services,2015-05-01,126.6,BLS PCU54133-54133-
ppi,exposed,PCU54133-54133-,Engineering services,2015-06-01,126.6,BLS PCU54133-54133-
ppi,exposed,PCU54133-54133-,Engineering services,2015-07-01,126.5,BLS PCU54133-54133-
ppi,exposed,PCU54133-54133-,Engineering services,2015-08-01,127.6,BLS PCU54133-54133-
ppi,exposed,PCU54133-54133-,Engineering services,2015-09-01,127.4,BLS PCU54133-54133-
ppi,exposed,PCU54133-54133-,Engineering services,2015-10-01,127.4,BLS PCU54133-54133-
ppi,exposed,PCU54133-54133-,Engineering services,2015-11-01,127.7,BLS PCU54133-54133-
ppi,exposed,PCU54133-54133-,Engineering services,2015-12-01,127.5,BLS PCU54133-54133-
ppi,exposed,PCU54133-54133-,Engineering services,2016-01-01,128.2,BLS PCU54133-54133-
ppi,exposed,PCU54133-54133-,Engineering services,2016-02-01,128.5,BLS PCU54133-54133-
ppi,exposed,PCU54133-54133-,Engineering services,2016-03-01,128.4,BLS PCU54133-54133-
ppi,exposed,PCU54133-54133-,Engineering services,2016-04-01,128.7,BLS PCU54133-54133-
ppi,exposed,PCU54133-54133-,Engineering services,2016-05-01,128.7,BLS PCU54133-54133-
ppi,exposed,PCU54133-54133-,Engineering services,2016-06-01,128.7,BLS PCU54133-54133-
ppi,exposed,PCU54133-54133-,Engineering services,2016-07-01,129.4,BLS PCU54133-54133-
ppi,exposed,PCU54133-54133-,Engineering services,2016-08-01,129.7,BLS PCU54133-54133-
ppi,exposed,PCU54133-54133-,Engineering services,2016-09-01,130.4,BLS PCU54133-54133-
ppi,exposed,PCU54133-54133-,Engineering services,2016-10-01,129.7,BLS PCU54133-54133-
ppi,exposed,PCU54133-54133-,Engineering services,2016-11-01,130.3,BLS PCU54133-54133-
ppi,exposed,PCU54133-54133-,Engineering services,2016-12-01,130.3,BLS PCU54133-54133-
ppi,exposed,PCU54133-54133-,Engineering services,2017-01-01,131.9,BLS PCU54133-54133-
ppi,exposed,PCU54133-54133-,Engineering services,2017-02-01,132.4,BLS PCU54133-54133-
ppi,exposed,PCU54133-54133-,Engineering services,2017-03-01,132.5,BLS PCU54133-54133-
ppi,exposed,PCU54133-54133-,Engineering services,2017-04-01,132.4,BLS PCU54133-54133-
ppi,exposed,PCU54133-54133-,Engineering services,2017-05-01,130.8,BLS PCU54133-54133-
ppi,exposed,PCU54133-54133-,Engineering services,2017-06-01,130.9,BLS PCU54133-54133-
ppi,exposed,PCU54133-54133-,Engineering services,2017-07-01,131.5,BLS PCU54133-54133-
ppi,exposed,PCU54133-54133-,Engineering services,2017-08-01,131.5,BLS PCU54133-54133-
ppi,exposed,PCU54133-54133-,Engineering services,2017-09-01,131.5,BLS PCU54133-54133-
ppi,exposed,PCU54133-54133-,Engineering services,2017-10-01,133.3,BLS PCU54133-54133-
ppi,exposed,PCU54133-54133-,Engineering services,2017-11-01,133.4,BLS PCU54133-54133-
ppi,exposed,PCU54133-54133-,Engineering services,2017-12-01,133.9,BLS PCU54133-54133-
ppi,exposed,PCU54133-54133-,Engineering services,2018-01-01,134.2,BLS PCU54133-54133-
ppi,exposed,PCU54133-54133-,Engineering services,2018-02-01,134.9,BLS PCU54133-54133-
ppi,exposed,PCU54133-54133-,Engineering services,2018-03-01,134.8,BLS PCU54133-54133-
ppi,exposed,PCU54133-54133-,Engineering services,2018-04-01,134.8,BLS PCU54133-54133-
ppi,exposed,PCU54133-54133-,Engineering services,2018-05-01,135.0,BLS PCU54133-54133-
ppi,exposed,PCU54133-54133-,Engineering services,2018-06-01,135.0,BLS PCU54133-54133-
ppi,exposed,PCU54133-54133-,Engineering services,2018-07-01,135.8,BLS PCU54133-54133-
ppi,exposed,PCU54133-54133-,Engineering services,2018-08-01,136.2,BLS PCU54133-54133-
ppi,exposed,PCU54133-54133-,Engineering services,2018-09-01,136.3,BLS PCU54133-54133-
ppi,exposed,PCU54133-54133-,Engineering services,2018-10-01,136.2,BLS PCU54133-54133-
ppi,exposed,PCU54133-54133-,Engineering services,2018-11-01,136.6,BLS PCU54133-54133-
ppi,exposed,PCU54133-54133-,Engineering services,2018-12-01,136.5,BLS PCU54133-54133-
ppi,exposed,PCU54133-54133-,Engineering services,2019-01-01,137.8,BLS PCU54133-54133-
ppi,exposed,PCU54133-54133-,Engineering services,2019-02-01,138.7,BLS PCU54133-54133-
ppi,exposed,PCU54133-54133-,Engineering services,2019-03-01,139.2,BLS PCU54133-54133-
ppi,exposed,PCU54133-54133-,Engineering services,2019-04-01,139.1,BLS PCU54133-54133-
ppi,exposed,PCU54133-54133-,Engineering services,2019-05-01,139.6,BLS PCU54133-54133-
ppi,exposed,PCU54133-54133-,Engineering services,2019-06-01,138.5,BLS PCU54133-54133-
ppi,exposed,PCU54133-54133-,Engineering services,2019-07-01,138.9,BLS PCU54133-54133-
ppi,exposed,PCU54133-54133-,Engineering services,2019-08-01,138.7,BLS PCU54133-54133-
ppi,exposed,PCU54133-54133-,Engineering services,2019-09-01,139.1,BLS PCU54133-54133-
ppi,exposed,PCU54133-54133-,Engineering services,2019-10-01,139.3,BLS PCU54133-54133-
ppi,exposed,PCU54133-54133-,Engineering services,2019-11-01,139.4,BLS PCU54133-54133-
ppi,exposed,PCU54133-54133-,Engineering services,2019-12-01,139.3,BLS PCU54133-54133-
ppi,exposed,PCU54133-54133-,Engineering services,2020-01-01,140.4,BLS PCU54133-54133-
ppi,exposed,PCU54133-54133-,Engineering services,2020-02-01,140.3,BLS PCU54133-54133-
ppi,exposed,PCU54133-54133-,Engineering services,2020-03-01,140.3,BLS PCU54133-54133-
ppi,exposed,PCU54133-54133-,Engineering services,2020-04-01,139.1,BLS PCU54133-54133-
ppi,exposed,PCU54133-54133-,Engineering services,2020-05-01,138.7,BLS PCU54133-54133-
ppi,exposed,PCU54133-54133-,Engineering services,2020-06-01,138.7,BLS PCU54133-54133-
ppi,exposed,PCU54133-54133-,Engineering services,2020-07-01,138.7,BLS PCU54133-54133-
ppi,exposed,PCU54133-54133-,Engineering services,2020-08-01,138.7,BLS PCU54133-54133-
ppi,exposed,PCU54133-54133-,Engineering services,2020-09-01,138.7,BLS PCU54133-54133-
ppi,exposed,PCU54133-54133-,Engineering services,2020-10-01,139.1,BLS PCU54133-54133-
ppi,exposed,PCU54133-54133-,Engineering services,2020-11-01,140.1,BLS PCU54133-54133-
ppi,exposed,PCU54133-54133-,Engineering services,2020-12-01,141.2,BLS PCU54133-54133-
ppi,exposed,PCU54133-54133-,Engineering services,2021-01-01,142.7,BLS PCU54133-54133-
ppi,exposed,PCU54133-54133-,Engineering services,2021-02-01,142.4,BLS PCU54133-54133-
ppi,exposed,PCU54133-54133-,Engineering services,2021-03-01,142.8,BLS PCU54133-54133-
ppi,exposed,PCU54133-54133-,Engineering services,2021-04-01,142.9,BLS PCU54133-54133-
ppi,exposed,PCU54133-54133-,Engineering services,2021-05-01,143.1,BLS PCU54133-54133-
ppi,exposed,PCU54133-54133-,Engineering services,2021-06-01,143.2,BLS PCU54133-54133-
ppi,exposed,PCU54133-54133-,Engineering services,2021-07-01,143.216,BLS PCU54133-54133-
ppi,exposed,PCU54133-54133-,Engineering services,2021-08-01,143.24,BLS PCU54133-54133-
ppi,exposed,PCU54133-54133-,Engineering services,2021-09-01,143.208,BLS PCU54133-54133-
ppi,exposed,PCU54133-54133-,Engineering services,2021-10-01,143.827,BLS PCU54133-54133-
ppi,exposed,PCU54133-54133-,Engineering services,2021-11-01,143.922,BLS PCU54133-54133-
ppi,exposed,PCU54133-54133-,Engineering services,2021-12-01,143.812,BLS PCU54133-54133-
ppi,exposed,PCU54133-54133-,Engineering services,2022-01-01,148.211,BLS PCU54133-54133-
ppi,exposed,PCU54133-54133-,Engineering services,2022-02-01,148.578,BLS PCU54133-54133-
ppi,exposed,PCU54133-54133-,Engineering services,2022-03-01,149.489,BLS PCU54133-54133-
ppi,exposed,PCU54133-54133-,Engineering services,2022-04-01,149.548,BLS PCU54133-54133-
ppi,exposed,PCU54133-54133-,Engineering services,2022-05-01,149.663,BLS PCU54133-54133-
ppi,exposed,PCU54133-54133-,Engineering services,2022-06-01,150.311,BLS PCU54133-54133-
ppi,exposed,PCU54133-54133-,Engineering services,2022-07-01,150.468,BLS PCU54133-54133-
ppi,exposed,PCU54133-54133-,Engineering services,2022-08-01,151.043,BLS PCU54133-54133-
ppi,exposed,PCU54133-54133-,Engineering services,2022-09-01,151.076,BLS PCU54133-54133-
ppi,exposed,PCU54133-54133-,Engineering services,2022-10-01,151.319,BLS PCU54133-54133-
ppi,exposed,PCU54133-54133-,Engineering services,2022-11-01,151.849,BLS PCU54133-54133-
ppi,exposed,PCU54133-54133-,Engineering services,2022-12-01,151.991,BLS PCU54133-54133-
ppi,exposed,PCU54133-54133-,Engineering services,2023-01-01,153.998,BLS PCU54133-54133-
ppi,exposed,PCU54133-54133-,Engineering services,2023-02-01,154.716,BLS PCU54133-54133-
ppi,exposed,PCU54133-54133-,Engineering services,2023-03-01,154.742,BLS PCU54133-54133-
ppi,exposed,PCU54133-54133-,Engineering services,2023-04-01,155.196,BLS PCU54133-54133-
ppi,exposed,PCU54133-54133-,Engineering services,2023-05-01,155.34,BLS PCU54133-54133-
ppi,exposed,PCU54133-54133-,Engineering services,2023-06-01,155.529,BLS PCU54133-54133-
ppi,exposed,PCU54133-54133-,Engineering services,2023-07-01,155.688,BLS PCU54133-54133-
ppi,exposed,PCU54133-54133-,Engineering services,2023-08-01,155.666,BLS PCU54133-54133-
ppi,exposed,PCU54133-54133-,Engineering services,2023-09-01,155.633,BLS PCU54133-54133-
ppi,exposed,PCU54133-54133-,Engineering services,2023-10-01,156.873,BLS PCU54133-54133-
ppi,exposed,PCU54133-54133-,Engineering services,2023-11-01,156.883,BLS PCU54133-54133-
ppi,exposed,PCU54133-54133-,Engineering services,2023-12-01,156.885,BLS PCU54133-54133-
ppi,exposed,PCU54133-54133-,Engineering services,2024-01-01,158.621,BLS PCU54133-54133-
ppi,exposed,PCU54133-54133-,Engineering services,2024-02-01,158.737,BLS PCU54133-54133-
ppi,exposed,PCU54133-54133-,Engineering services,2024-03-01,158.748,BLS PCU54133-54133-
ppi,exposed,PCU54133-54133-,Engineering services,2024-04-01,159.522,BLS PCU54133-54133-
ppi,exposed,PCU54133-54133-,Engineering services,2024-05-01,159.491,BLS PCU54133-54133-
ppi,exposed,PCU54133-54133-,Engineering services,2024-06-01,159.742,BLS PCU54133-54133-
ppi,exposed,PCU54133-54133-,Engineering services,2024-07-01,159.037,BLS PCU54133-54133-
ppi,exposed,PCU54133-54133-,Engineering services,2024-08-01,159.029,BLS PCU54133-54133-
ppi,exposed,PCU54133-54133-,Engineering services,2024-09-01,159.013,BLS PCU54133-54133-
ppi,exposed,PCU54133-54133-,Engineering services,2024-10-01,159.058,BLS PCU54133-54133-
ppi,exposed,PCU54133-54133-,Engineering services,2024-11-01,159.561,BLS PCU54133-54133-
ppi,exposed,PCU54133-54133-,Engineering services,2024-12-01,159.558,BLS PCU54133-54133-
ppi,exposed,PCU54133-54133-,Engineering services,2025-01-01,161.586,BLS PCU54133-54133-
ppi,exposed,PCU54133-54133-,Engineering services,2025-02-01,162.225,BLS PCU54133-54133-
ppi,exposed,PCU54133-54133-,Engineering services,2025-03-01,162.234,BLS PCU54133-54133-
ppi,exposed,PCU54133-54133-,Engineering services,2025-04-01,162.712,BLS PCU54133-54133-
ppi,exposed,PCU54133-54133-,Engineering services,2025-05-01,162.817,BLS PCU54133-54133-
ppi,exposed,PCU54133-54133-,Engineering services,2025-06-01,163.234,BLS PCU54133-54133-
ppi,exposed,PCU54133-54133-,Engineering services,2025-07-01,163.346,BLS PCU54133-54133-
ppi,exposed,PCU54133-54133-,Engineering services,2025-08-01,163.35,BLS PCU54133-54133-
ppi,exposed,PCU54133-54133-,Engineering services,2025-09-01,163.314,BLS PCU54133-54133-
ppi,exposed,PCU54133-54133-,Engineering services,2025-10-01,164.206,BLS PCU54133-54133-
ppi,exposed,PCU54133-54133-,Engineering services,2025-11-01,164.272,BLS PCU54133-54133-
ppi,exposed,PCU54133-54133-,Engineering services,2025-12-01,164.275,BLS PCU54133-54133-
ppi,exposed,PCU54133-54133-,Engineering services,2026-01-01,165.388,BLS PCU54133-54133-
ppi,exposed,PCU54133-54133-,Engineering services,2026-02-01,165.49,BLS PCU54133-54133-
ppi,exposed,PCU54133-54133-,Engineering services,2026-03-01,165.498,BLS PCU54133-54133-
ppi,exposed,PCU54133-54133-,Engineering services,2026-04-01,166.564,BLS PCU54133-54133-
ppi,exposed,PCU54133-54133-,Engineering services,2026-05-01,166.858,BLS PCU54133-54133-
ppi,exposed,PCU54133-54133-,Engineering services,2026-06-01,166.858,BLS PCU54133-54133-
ppi,exposed,PCU54133-54133-,Engineering services,2026-07-01,166.714,BLS PCU54133-54133-
ppi,exposed,PCU54133-54133-,Engineering services,2026-08-01,166.717,BLS PCU54133-54133-
ppi,exposed,PCU54161-54161-,Management consulting,2007-01-01,101.9,BLS PCU54161-54161-
ppi,exposed,PCU54161-54161-,Management consulting,2007-02-01,102.6,BLS PCU54161-54161-
ppi,exposed,PCU54161-54161-,Management consulting,2007-03-01,102.6,BLS PCU54161-54161-
ppi,exposed,PCU54161-54161-,Management consulting,2007-04-01,102.5,BLS PCU54161-54161-
ppi,exposed,PCU54161-54161-,Management consulting,2007-05-01,102.5,BLS PCU54161-54161-
ppi,exposed,PCU54161-54161-,Management consulting,2007-06-01,102.4,BLS PCU54161-54161-
ppi,exposed,PCU54161-54161-,Management consulting,2007-07-01,102.4,BLS PCU54161-54161-
ppi,exposed,PCU54161-54161-,Management consulting,2007-08-01,102.4,BLS PCU54161-54161-
ppi,exposed,PCU54161-54161-,Management consulting,2007-09-01,103.1,BLS PCU54161-54161-
ppi,exposed,PCU54161-54161-,Management consulting,2007-10-01,103.1,BLS PCU54161-54161-
ppi,exposed,PCU54161-54161-,Management consulting,2007-11-01,103.2,BLS PCU54161-54161-
ppi,exposed,PCU54161-54161-,Management consulting,2007-12-01,104.7,BLS PCU54161-54161-
ppi,exposed,PCU54161-54161-,Management consulting,2008-01-01,104.8,BLS PCU54161-54161-
ppi,exposed,PCU54161-54161-,Management consulting,2008-02-01,105.1,BLS PCU54161-54161-
ppi,exposed,PCU54161-54161-,Management consulting,2008-03-01,105.1,BLS PCU54161-54161-
ppi,exposed,PCU54161-54161-,Management consulting,2008-04-01,105.3,BLS PCU54161-54161-
ppi,exposed,PCU54161-54161-,Management consulting,2008-05-01,105.4,BLS PCU54161-54161-
ppi,exposed,PCU54161-54161-,Management consulting,2008-06-01,105.4,BLS PCU54161-54161-
ppi,exposed,PCU54161-54161-,Management consulting,2008-07-01,106.1,BLS PCU54161-54161-
ppi,exposed,PCU54161-54161-,Management consulting,2008-08-01,106.1,BLS PCU54161-54161-
ppi,exposed,PCU54161-54161-,Management consulting,2008-09-01,106.1,BLS PCU54161-54161-
ppi,exposed,PCU54161-54161-,Management consulting,2008-10-01,106.4,BLS PCU54161-54161-
ppi,exposed,PCU54161-54161-,Management consulting,2008-11-01,106.5,BLS PCU54161-54161-
ppi,exposed,PCU54161-54161-,Management consulting,2008-12-01,106.5,BLS PCU54161-54161-
ppi,exposed,PCU54161-54161-,Management consulting,2009-01-01,107.2,BLS PCU54161-54161-
ppi,exposed,PCU54161-54161-,Management consulting,2009-02-01,107.2,BLS PCU54161-54161-
ppi,exposed,PCU54161-54161-,Management consulting,2009-03-01,107.2,BLS PCU54161-54161-
ppi,exposed,PCU54161-54161-,Management consulting,2009-04-01,107.7,BLS PCU54161-54161-
ppi,exposed,PCU54161-54161-,Management consulting,2009-05-01,107.7,BLS PCU54161-54161-
ppi,exposed,PCU54161-54161-,Management consulting,2009-06-01,107.0,BLS PCU54161-54161-
ppi,exposed,PCU54161-54161-,Management consulting,2009-07-01,107.1,BLS PCU54161-54161-
ppi,exposed,PCU54161-54161-,Management consulting,2009-08-01,107.1,BLS PCU54161-54161-
ppi,exposed,PCU54161-54161-,Management consulting,2009-09-01,107.1,BLS PCU54161-54161-
ppi,exposed,PCU54161-54161-,Management consulting,2009-10-01,107.1,BLS PCU54161-54161-
ppi,exposed,PCU54161-54161-,Management consulting,2009-11-01,107.4,BLS PCU54161-54161-
ppi,exposed,PCU54161-54161-,Management consulting,2009-12-01,107.7,BLS PCU54161-54161-
ppi,exposed,PCU54161-54161-,Management consulting,2010-01-01,108.1,BLS PCU54161-54161-
ppi,exposed,PCU54161-54161-,Management consulting,2010-02-01,108.1,BLS PCU54161-54161-
ppi,exposed,PCU54161-54161-,Management consulting,2010-03-01,107.9,BLS PCU54161-54161-
ppi,exposed,PCU54161-54161-,Management consulting,2010-04-01,108.0,BLS PCU54161-54161-
ppi,exposed,PCU54161-54161-,Management consulting,2010-05-01,108.0,BLS PCU54161-54161-
ppi,exposed,PCU54161-54161-,Management consulting,2010-06-01,108.2,BLS PCU54161-54161-
ppi,exposed,PCU54161-54161-,Management consulting,2010-07-01,108.8,BLS PCU54161-54161-
ppi,exposed,PCU54161-54161-,Management consulting,2010-08-01,108.6,BLS PCU54161-54161-
ppi,exposed,PCU54161-54161-,Management consulting,2010-09-01,108.7,BLS PCU54161-54161-
ppi,exposed,PCU54161-54161-,Management consulting,2010-10-01,109.1,BLS PCU54161-54161-
ppi,exposed,PCU54161-54161-,Management consulting,2010-11-01,109.1,BLS PCU54161-54161-
ppi,exposed,PCU54161-54161-,Management consulting,2010-12-01,109.2,BLS PCU54161-54161-
ppi,exposed,PCU54161-54161-,Management consulting,2011-01-01,109.4,BLS PCU54161-54161-
ppi,exposed,PCU54161-54161-,Management consulting,2011-02-01,109.4,BLS PCU54161-54161-
ppi,exposed,PCU54161-54161-,Management consulting,2011-03-01,109.1,BLS PCU54161-54161-
ppi,exposed,PCU54161-54161-,Management consulting,2011-04-01,109.1,BLS PCU54161-54161-
ppi,exposed,PCU54161-54161-,Management consulting,2011-05-01,109.1,BLS PCU54161-54161-
ppi,exposed,PCU54161-54161-,Management consulting,2011-06-01,109.2,BLS PCU54161-54161-
ppi,exposed,PCU54161-54161-,Management consulting,2011-07-01,110.2,BLS PCU54161-54161-
ppi,exposed,PCU54161-54161-,Management consulting,2011-08-01,109.5,BLS PCU54161-54161-
ppi,exposed,PCU54161-54161-,Management consulting,2011-09-01,109.7,BLS PCU54161-54161-
ppi,exposed,PCU54161-54161-,Management consulting,2011-10-01,109.7,BLS PCU54161-54161-
ppi,exposed,PCU54161-54161-,Management consulting,2011-11-01,109.9,BLS PCU54161-54161-
ppi,exposed,PCU54161-54161-,Management consulting,2011-12-01,109.7,BLS PCU54161-54161-
ppi,exposed,PCU54161-54161-,Management consulting,2012-01-01,110.2,BLS PCU54161-54161-
ppi,exposed,PCU54161-54161-,Management consulting,2012-02-01,110.2,BLS PCU54161-54161-
ppi,exposed,PCU54161-54161-,Management consulting,2012-03-01,109.6,BLS PCU54161-54161-
ppi,exposed,PCU54161-54161-,Management consulting,2012-04-01,109.6,BLS PCU54161-54161-
ppi,exposed,PCU54161-54161-,Management consulting,2012-05-01,109.6,BLS PCU54161-54161-
ppi,exposed,PCU54161-54161-,Management consulting,2012-06-01,110.4,BLS PCU54161-54161-
ppi,exposed,PCU54161-54161-,Management consulting,2012-07-01,111.0,BLS PCU54161-54161-
ppi,exposed,PCU54161-54161-,Management consulting,2012-08-01,110.5,BLS PCU54161-54161-
ppi,exposed,PCU54161-54161-,Management consulting,2012-09-01,111.1,BLS PCU54161-54161-
ppi,exposed,PCU54161-54161-,Management consulting,2012-10-01,111.1,BLS PCU54161-54161-
ppi,exposed,PCU54161-54161-,Management consulting,2012-11-01,111.0,BLS PCU54161-54161-
ppi,exposed,PCU54161-54161-,Management consulting,2012-12-01,110.9,BLS PCU54161-54161-
ppi,exposed,PCU54161-54161-,Management consulting,2013-01-01,112.9,BLS PCU54161-54161-
ppi,exposed,PCU54161-54161-,Management consulting,2013-02-01,112.6,BLS PCU54161-54161-
ppi,exposed,PCU54161-54161-,Management consulting,2013-03-01,112.5,BLS PCU54161-54161-
ppi,exposed,PCU54161-54161-,Management consulting,2013-04-01,112.4,BLS PCU54161-54161-
ppi,exposed,PCU54161-54161-,Management consulting,2013-05-01,112.3,BLS PCU54161-54161-
ppi,exposed,PCU54161-54161-,Management consulting,2013-06-01,112.4,BLS PCU54161-54161-
ppi,exposed,PCU54161-54161-,Management consulting,2013-07-01,111.0,BLS PCU54161-54161-
ppi,exposed,PCU54161-54161-,Management consulting,2013-08-01,110.8,BLS PCU54161-54161-
ppi,exposed,PCU54161-54161-,Management consulting,2013-09-01,110.7,BLS PCU54161-54161-
ppi,exposed,PCU54161-54161-,Management consulting,2013-10-01,110.2,BLS PCU54161-54161-
ppi,exposed,PCU54161-54161-,Management consulting,2013-11-01,110.2,BLS PCU54161-54161-
ppi,exposed,PCU54161-54161-,Management consulting,2013-12-01,109.8,BLS PCU54161-54161-
ppi,exposed,PCU54161-54161-,Management consulting,2014-01-01,110.7,BLS PCU54161-54161-
ppi,exposed,PCU54161-54161-,Management consulting,2014-02-01,110.9,BLS PCU54161-54161-
ppi,exposed,PCU54161-54161-,Management consulting,2014-03-01,110.9,BLS PCU54161-54161-
ppi,exposed,PCU54161-54161-,Management consulting,2014-04-01,110.8,BLS PCU54161-54161-
ppi,exposed,PCU54161-54161-,Management consulting,2014-05-01,110.5,BLS PCU54161-54161-
ppi,exposed,PCU54161-54161-,Management consulting,2014-06-01,110.5,BLS PCU54161-54161-
ppi,exposed,PCU54161-54161-,Management consulting,2014-07-01,109.8,BLS PCU54161-54161-
ppi,exposed,PCU54161-54161-,Management consulting,2014-08-01,110.3,BLS PCU54161-54161-
ppi,exposed,PCU54161-54161-,Management consulting,2014-09-01,110.2,BLS PCU54161-54161-
ppi,exposed,PCU54161-54161-,Management consulting,2014-10-01,112.0,BLS PCU54161-54161-
ppi,exposed,PCU54161-54161-,Management consulting,2014-11-01,112.0,BLS PCU54161-54161-
ppi,exposed,PCU54161-54161-,Management consulting,2014-12-01,111.7,BLS PCU54161-54161-
ppi,exposed,PCU54161-54161-,Management consulting,2015-01-01,112.2,BLS PCU54161-54161-
ppi,exposed,PCU54161-54161-,Management consulting,2015-02-01,112.5,BLS PCU54161-54161-
ppi,exposed,PCU54161-54161-,Management consulting,2015-03-01,112.7,BLS PCU54161-54161-
ppi,exposed,PCU54161-54161-,Management consulting,2015-04-01,112.7,BLS PCU54161-54161-
ppi,exposed,PCU54161-54161-,Management consulting,2015-05-01,112.8,BLS PCU54161-54161-
ppi,exposed,PCU54161-54161-,Management consulting,2015-06-01,113.1,BLS PCU54161-54161-
ppi,exposed,PCU54161-54161-,Management consulting,2015-07-01,112.4,BLS PCU54161-54161-
ppi,exposed,PCU54161-54161-,Management consulting,2015-08-01,112.0,BLS PCU54161-54161-
ppi,exposed,PCU54161-54161-,Management consulting,2015-09-01,111.9,BLS PCU54161-54161-
ppi,exposed,PCU54161-54161-,Management consulting,2015-10-01,111.6,BLS PCU54161-54161-
ppi,exposed,PCU54161-54161-,Management consulting,2015-11-01,111.7,BLS PCU54161-54161-
ppi,exposed,PCU54161-54161-,Management consulting,2015-12-01,111.4,BLS PCU54161-54161-
ppi,exposed,PCU54161-54161-,Management consulting,2016-01-01,111.8,BLS PCU54161-54161-
ppi,exposed,PCU54161-54161-,Management consulting,2016-02-01,112.2,BLS PCU54161-54161-
ppi,exposed,PCU54161-54161-,Management consulting,2016-03-01,112.4,BLS PCU54161-54161-
ppi,exposed,PCU54161-54161-,Management consulting,2016-04-01,112.3,BLS PCU54161-54161-
ppi,exposed,PCU54161-54161-,Management consulting,2016-05-01,112.4,BLS PCU54161-54161-
ppi,exposed,PCU54161-54161-,Management consulting,2016-06-01,112.7,BLS PCU54161-54161-
ppi,exposed,PCU54161-54161-,Management consulting,2016-07-01,112.8,BLS PCU54161-54161-
ppi,exposed,PCU54161-54161-,Management consulting,2016-08-01,112.5,BLS PCU54161-54161-
ppi,exposed,PCU54161-54161-,Management consulting,2016-09-01,112.1,BLS PCU54161-54161-
ppi,exposed,PCU54161-54161-,Management consulting,2016-10-01,112.0,BLS PCU54161-54161-
ppi,exposed,PCU54161-54161-,Management consulting,2016-11-01,111.9,BLS PCU54161-54161-
ppi,exposed,PCU54161-54161-,Management consulting,2016-12-01,112.0,BLS PCU54161-54161-
ppi,exposed,PCU54161-54161-,Management consulting,2017-01-01,112.0,BLS PCU54161-54161-
ppi,exposed,PCU54161-54161-,Management consulting,2017-02-01,112.5,BLS PCU54161-54161-
ppi,exposed,PCU54161-54161-,Management consulting,2017-03-01,113.2,BLS PCU54161-54161-
ppi,exposed,PCU54161-54161-,Management consulting,2017-04-01,113.0,BLS PCU54161-54161-
ppi,exposed,PCU54161-54161-,Management consulting,2017-05-01,112.7,BLS PCU54161-54161-
ppi,exposed,PCU54161-54161-,Management consulting,2017-06-01,113.3,BLS PCU54161-54161-
ppi,exposed,PCU54161-54161-,Management consulting,2017-07-01,113.4,BLS PCU54161-54161-
ppi,exposed,PCU54161-54161-,Management consulting,2017-08-01,113.1,BLS PCU54161-54161-
ppi,exposed,PCU54161-54161-,Management consulting,2017-09-01,111.7,BLS PCU54161-54161-
ppi,exposed,PCU54161-54161-,Management consulting,2017-10-01,111.0,BLS PCU54161-54161-
ppi,exposed,PCU54161-54161-,Management consulting,2017-11-01,111.3,BLS PCU54161-54161-
ppi,exposed,PCU54161-54161-,Management consulting,2017-12-01,110.6,BLS PCU54161-54161-
ppi,exposed,PCU54161-54161-,Management consulting,2018-01-01,112.2,BLS PCU54161-54161-
ppi,exposed,PCU54161-54161-,Management consulting,2018-02-01,112.2,BLS PCU54161-54161-
ppi,exposed,PCU54161-54161-,Management consulting,2018-03-01,112.4,BLS PCU54161-54161-
ppi,exposed,PCU54161-54161-,Management consulting,2018-04-01,112.4,BLS PCU54161-54161-
ppi,exposed,PCU54161-54161-,Management consulting,2018-05-01,112.2,BLS PCU54161-54161-
ppi,exposed,PCU54161-54161-,Management consulting,2018-06-01,112.3,BLS PCU54161-54161-
ppi,exposed,PCU54161-54161-,Management consulting,2018-07-01,112.4,BLS PCU54161-54161-
ppi,exposed,PCU54161-54161-,Management consulting,2018-08-01,112.2,BLS PCU54161-54161-
ppi,exposed,PCU54161-54161-,Management consulting,2018-09-01,112.1,BLS PCU54161-54161-
ppi,exposed,PCU54161-54161-,Management consulting,2018-10-01,112.7,BLS PCU54161-54161-
ppi,exposed,PCU54161-54161-,Management consulting,2018-11-01,112.2,BLS PCU54161-54161-
ppi,exposed,PCU54161-54161-,Management consulting,2018-12-01,111.3,BLS PCU54161-54161-
ppi,exposed,PCU54161-54161-,Management consulting,2019-01-01,111.0,BLS PCU54161-54161-
ppi,exposed,PCU54161-54161-,Management consulting,2019-02-01,111.3,BLS PCU54161-54161-
ppi,exposed,PCU54161-54161-,Management consulting,2019-03-01,110.5,BLS PCU54161-54161-
ppi,exposed,PCU54161-54161-,Management consulting,2019-04-01,110.8,BLS PCU54161-54161-
ppi,exposed,PCU54161-54161-,Management consulting,2019-05-01,110.4,BLS PCU54161-54161-
ppi,exposed,PCU54161-54161-,Management consulting,2019-06-01,110.4,BLS PCU54161-54161-
ppi,exposed,PCU54161-54161-,Management consulting,2019-07-01,109.7,BLS PCU54161-54161-
ppi,exposed,PCU54161-54161-,Management consulting,2019-08-01,109.7,BLS PCU54161-54161-
ppi,exposed,PCU54161-54161-,Management consulting,2019-09-01,109.5,BLS PCU54161-54161-
ppi,exposed,PCU54161-54161-,Management consulting,2019-10-01,109.3,BLS PCU54161-54161-
ppi,exposed,PCU54161-54161-,Management consulting,2019-11-01,109.2,BLS PCU54161-54161-
ppi,exposed,PCU54161-54161-,Management consulting,2019-12-01,109.5,BLS PCU54161-54161-
ppi,exposed,PCU54161-54161-,Management consulting,2020-01-01,108.3,BLS PCU54161-54161-
ppi,exposed,PCU54161-54161-,Management consulting,2020-02-01,107.9,BLS PCU54161-54161-
ppi,exposed,PCU54161-54161-,Management consulting,2020-03-01,107.5,BLS PCU54161-54161-
ppi,exposed,PCU54161-54161-,Management consulting,2020-04-01,107.7,BLS PCU54161-54161-
ppi,exposed,PCU54161-54161-,Management consulting,2020-05-01,107.6,BLS PCU54161-54161-
ppi,exposed,PCU54161-54161-,Management consulting,2020-06-01,106.4,BLS PCU54161-54161-
ppi,exposed,PCU54161-54161-,Management consulting,2020-07-01,107.0,BLS PCU54161-54161-
ppi,exposed,PCU54161-54161-,Management consulting,2020-08-01,107.0,BLS PCU54161-54161-
ppi,exposed,PCU54161-54161-,Management consulting,2020-09-01,107.4,BLS PCU54161-54161-
ppi,exposed,PCU54161-54161-,Management consulting,2020-10-01,107.2,BLS PCU54161-54161-
ppi,exposed,PCU54161-54161-,Management consulting,2020-11-01,107.3,BLS PCU54161-54161-
ppi,exposed,PCU54161-54161-,Management consulting,2020-12-01,106.6,BLS PCU54161-54161-
ppi,exposed,PCU54161-54161-,Management consulting,2021-01-01,125.6,BLS PCU54161-54161-
ppi,exposed,PCU54161-54161-,Management consulting,2021-02-01,125.8,BLS PCU54161-54161-
ppi,exposed,PCU54161-54161-,Management consulting,2021-03-01,126.0,BLS PCU54161-54161-
ppi,exposed,PCU54161-54161-,Management consulting,2021-04-01,126.1,BLS PCU54161-54161-
ppi,exposed,PCU54161-54161-,Management consulting,2021-05-01,126.0,BLS PCU54161-54161-
ppi,exposed,PCU54161-54161-,Management consulting,2021-06-01,126.4,BLS PCU54161-54161-
ppi,exposed,PCU54161-54161-,Management consulting,2021-07-01,125.992,BLS PCU54161-54161-
ppi,exposed,PCU54161-54161-,Management consulting,2021-08-01,125.9,BLS PCU54161-54161-
ppi,exposed,PCU54161-54161-,Management consulting,2021-09-01,126.196,BLS PCU54161-54161-
ppi,exposed,PCU54161-54161-,Management consulting,2021-10-01,127.331,BLS PCU54161-54161-
ppi,exposed,PCU54161-54161-,Management consulting,2021-11-01,126.85,BLS PCU54161-54161-
ppi,exposed,PCU54161-54161-,Management consulting,2021-12-01,127.111,BLS PCU54161-54161-
ppi,exposed,PCU54161-54161-,Management consulting,2022-01-01,128.05,BLS PCU54161-54161-
ppi,exposed,PCU54161-54161-,Management consulting,2022-02-01,127.741,BLS PCU54161-54161-
ppi,exposed,PCU54161-54161-,Management consulting,2022-03-01,127.96,BLS PCU54161-54161-
ppi,exposed,PCU54161-54161-,Management consulting,2022-04-01,127.734,BLS PCU54161-54161-
ppi,exposed,PCU54161-54161-,Management consulting,2022-05-01,127.038,BLS PCU54161-54161-
ppi,exposed,PCU54161-54161-,Management consulting,2022-06-01,126.816,BLS PCU54161-54161-
ppi,exposed,PCU54161-54161-,Management consulting,2022-07-01,128.167,BLS PCU54161-54161-
ppi,exposed,PCU54161-54161-,Management consulting,2022-08-01,128.064,BLS PCU54161-54161-
ppi,exposed,PCU54161-54161-,Management consulting,2022-09-01,127.608,BLS PCU54161-54161-
ppi,exposed,PCU54161-54161-,Management consulting,2022-10-01,126.498,BLS PCU54161-54161-
ppi,exposed,PCU54161-54161-,Management consulting,2022-11-01,126.443,BLS PCU54161-54161-
ppi,exposed,PCU54161-54161-,Management consulting,2022-12-01,127.977,BLS PCU54161-54161-
ppi,exposed,PCU54161-54161-,Management consulting,2023-01-01,128.46,BLS PCU54161-54161-
ppi,exposed,PCU54161-54161-,Management consulting,2023-02-01,129.123,BLS PCU54161-54161-
ppi,exposed,PCU54161-54161-,Management consulting,2023-03-01,126.87,BLS PCU54161-54161-
ppi,exposed,PCU54161-54161-,Management consulting,2023-04-01,129.027,BLS PCU54161-54161-
ppi,exposed,PCU54161-54161-,Management consulting,2023-05-01,128.929,BLS PCU54161-54161-
ppi,exposed,PCU54161-54161-,Management consulting,2023-06-01,132.017,BLS PCU54161-54161-
ppi,exposed,PCU54161-54161-,Management consulting,2023-07-01,131.072,BLS PCU54161-54161-
ppi,exposed,PCU54161-54161-,Management consulting,2023-08-01,129.282,BLS PCU54161-54161-
ppi,exposed,PCU54161-54161-,Management consulting,2023-09-01,133.335,BLS PCU54161-54161-
ppi,exposed,PCU54161-54161-,Management consulting,2023-10-01,130.586,BLS PCU54161-54161-
ppi,exposed,PCU54161-54161-,Management consulting,2023-11-01,131.045,BLS PCU54161-54161-
ppi,exposed,PCU54161-54161-,Management consulting,2023-12-01,131.735,BLS PCU54161-54161-
ppi,exposed,PCU54161-54161-,Management consulting,2024-01-01,131.612,BLS PCU54161-54161-
ppi,exposed,PCU54161-54161-,Management consulting,2024-02-01,131.437,BLS PCU54161-54161-
ppi,exposed,PCU54161-54161-,Management consulting,2024-03-01,131.712,BLS PCU54161-54161-
ppi,exposed,PCU54161-54161-,Management consulting,2024-04-01,132.343,BLS PCU54161-54161-
ppi,exposed,PCU54161-54161-,Management consulting,2024-05-01,132.988,BLS PCU54161-54161-
ppi,exposed,PCU54161-54161-,Management consulting,2024-06-01,135.605,BLS PCU54161-54161-
ppi,exposed,PCU54161-54161-,Management consulting,2024-07-01,132.048,BLS PCU54161-54161-
ppi,exposed,PCU54161-54161-,Management consulting,2024-08-01,132.979,BLS PCU54161-54161-
ppi,exposed,PCU54161-54161-,Management consulting,2024-09-01,133.17,BLS PCU54161-54161-
ppi,exposed,PCU54161-54161-,Management consulting,2024-10-01,131.913,BLS PCU54161-54161-
ppi,exposed,PCU54161-54161-,Management consulting,2024-11-01,134.113,BLS PCU54161-54161-
ppi,exposed,PCU54161-54161-,Management consulting,2024-12-01,133.17,BLS PCU54161-54161-
ppi,exposed,PCU54161-54161-,Management consulting,2025-01-01,132.517,BLS PCU54161-54161-
ppi,exposed,PCU54161-54161-,Management consulting,2025-02-01,134.636,BLS PCU54161-54161-
ppi,exposed,PCU54161-54161-,Management consulting,2025-03-01,134.456,BLS PCU54161-54161-
ppi,exposed,PCU54161-54161-,Management consulting,2025-04-01,132.695,BLS PCU54161-54161-
ppi,exposed,PCU54161-54161-,Management consulting,2025-05-01,135.885,BLS PCU54161-54161-
ppi,exposed,PCU54161-54161-,Management consulting,2025-06-01,133.412,BLS PCU54161-54161-
ppi,exposed,PCU54161-54161-,Management consulting,2025-07-01,124.631,BLS PCU54161-54161-
ppi,exposed,PCU54161-54161-,Management consulting,2025-08-01,125.823,BLS PCU54161-54161-
ppi,exposed,PCU54161-54161-,Management consulting,2025-09-01,128.578,BLS PCU54161-54161-
ppi,exposed,PCU54161-54161-,Management consulting,2025-10-01,127.261,BLS PCU54161-54161-
ppi,exposed,PCU54161-54161-,Management consulting,2025-11-01,128.675,BLS PCU54161-54161-
ppi,exposed,PCU54161-54161-,Management consulting,2025-12-01,124.973,BLS PCU54161-54161-
ppi,exposed,PCU54161-54161-,Management consulting,2026-01-01,127.543,BLS PCU54161-54161-
ppi,exposed,PCU54161-54161-,Management consulting,2026-02-01,127.95,BLS PCU54161-54161-
ppi,exposed,PCU54161-54161-,Management consulting,2026-03-01,131.16,BLS PCU54161-54161-
ppi,exposed,PCU54161-54161-,Management consulting,2026-04-01,126.743,BLS PCU54161-54161-
ppi,exposed,PCU54161-54161-,Management consulting,2026-05-01,129.72,BLS PCU54161-54161-
ppi,exposed,PCU54161-54161-,Management consulting,2026-06-01,130.517,BLS PCU54161-54161-
ppi,exposed,PCU54161-54161-,Management consulting,2026-07-01,132.404,BLS PCU54161-54161-
ppi,exposed,PCU54161-54161-,Management consulting,2026-08-01,118.617,BLS PCU54161-54161-
ppi,exposed,PCU541810541810,Advertising agencies,2007-01-01,126.6,BLS PCU541810541810
ppi,exposed,PCU541810541810,Advertising agencies,2007-02-01,126.6,BLS PCU541810541810
ppi,exposed,PCU541810541810,Advertising agencies,2007-03-01,127.4,BLS PCU541810541810
ppi,exposed,PCU541810541810,Advertising agencies,2007-04-01,127.4,BLS PCU541810541810
ppi,exposed,PCU541810541810,Advertising agencies,2007-05-01,127.4,BLS PCU541810541810
ppi,exposed,PCU541810541810,Advertising agencies,2007-06-01,127.4,BLS PCU541810541810
ppi,exposed,PCU541810541810,Advertising agencies,2007-07-01,127.4,BLS PCU541810541810
ppi,exposed,PCU541810541810,Advertising agencies,2007-08-01,127.4,BLS PCU541810541810
ppi,exposed,PCU541810541810,Advertising agencies,2007-09-01,127.4,BLS PCU541810541810
ppi,exposed,PCU541810541810,Advertising agencies,2007-10-01,127.4,BLS PCU541810541810
ppi,exposed,PCU541810541810,Advertising agencies,2007-11-01,127.4,BLS PCU541810541810
ppi,exposed,PCU541810541810,Advertising agencies,2007-12-01,127.4,BLS PCU541810541810
ppi,exposed,PCU541810541810,Advertising agencies,2008-01-01,127.5,BLS PCU541810541810
ppi,exposed,PCU541810541810,Advertising agencies,2008-02-01,127.7,BLS PCU541810541810
ppi,exposed,PCU541810541810,Advertising agencies,2008-03-01,127.7,BLS PCU541810541810
ppi,exposed,PCU541810541810,Advertising agencies,2008-04-01,128.1,BLS PCU541810541810
ppi,exposed,PCU541810541810,Advertising agencies,2008-05-01,128.8,BLS PCU541810541810
ppi,exposed,PCU541810541810,Advertising agencies,2008-06-01,128.8,BLS PCU541810541810
ppi,exposed,PCU541810541810,Advertising agencies,2008-07-01,128.8,BLS PCU541810541810
ppi,exposed,PCU541810541810,Advertising agencies,2008-08-01,128.8,BLS PCU541810541810
ppi,exposed,PCU541810541810,Advertising agencies,2008-09-01,128.8,BLS PCU541810541810
ppi,exposed,PCU541810541810,Advertising agencies,2008-10-01,128.8,BLS PCU541810541810
ppi,exposed,PCU541810541810,Advertising agencies,2008-11-01,128.8,BLS PCU541810541810
ppi,exposed,PCU541810541810,Advertising agencies,2008-12-01,128.8,BLS PCU541810541810
ppi,exposed,PCU541810541810,Advertising agencies,2009-01-01,128.0,BLS PCU541810541810
ppi,exposed,PCU541810541810,Advertising agencies,2009-02-01,127.8,BLS PCU541810541810
ppi,exposed,PCU541810541810,Advertising agencies,2009-03-01,127.7,BLS PCU541810541810
ppi,exposed,PCU541810541810,Advertising agencies,2009-04-01,127.6,BLS PCU541810541810
ppi,exposed,PCU541810541810,Advertising agencies,2009-05-01,127.8,BLS PCU541810541810
ppi,exposed,PCU541810541810,Advertising agencies,2009-06-01,127.7,BLS PCU541810541810
ppi,exposed,PCU541810541810,Advertising agencies,2009-07-01,127.7,BLS PCU541810541810
ppi,exposed,PCU541810541810,Advertising agencies,2009-08-01,127.2,BLS PCU541810541810
ppi,exposed,PCU541810541810,Advertising agencies,2009-09-01,127.0,BLS PCU541810541810
ppi,exposed,PCU541810541810,Advertising agencies,2009-10-01,126.8,BLS PCU541810541810
ppi,exposed,PCU541810541810,Advertising agencies,2009-11-01,127.0,BLS PCU541810541810
ppi,exposed,PCU541810541810,Advertising agencies,2009-12-01,126.9,BLS PCU541810541810
ppi,exposed,PCU541810541810,Advertising agencies,2010-01-01,127.0,BLS PCU541810541810
ppi,exposed,PCU541810541810,Advertising agencies,2010-02-01,127.0,BLS PCU541810541810
ppi,exposed,PCU541810541810,Advertising agencies,2010-03-01,127.0,BLS PCU541810541810
ppi,exposed,PCU541810541810,Advertising agencies,2010-04-01,127.0,BLS PCU541810541810
ppi,exposed,PCU541810541810,Advertising agencies,2010-05-01,127.0,BLS PCU541810541810
ppi,exposed,PCU541810541810,Advertising agencies,2010-06-01,127.0,BLS PCU541810541810
ppi,exposed,PCU541810541810,Advertising agencies,2010-07-01,127.7,BLS PCU541810541810
ppi,exposed,PCU541810541810,Advertising agencies,2010-08-01,127.7,BLS PCU541810541810
ppi,exposed,PCU541810541810,Advertising agencies,2010-09-01,127.7,BLS PCU541810541810
ppi,exposed,PCU541810541810,Advertising agencies,2010-10-01,127.6,BLS PCU541810541810
ppi,exposed,PCU541810541810,Advertising agencies,2010-11-01,127.7,BLS PCU541810541810
ppi,exposed,PCU541810541810,Advertising agencies,2010-12-01,127.7,BLS PCU541810541810
ppi,exposed,PCU541810541810,Advertising agencies,2011-01-01,127.8,BLS PCU541810541810
ppi,exposed,PCU541810541810,Advertising agencies,2011-02-01,127.7,BLS PCU541810541810
ppi,exposed,PCU541810541810,Advertising agencies,2011-03-01,128.2,BLS PCU541810541810
ppi,exposed,PCU541810541810,Advertising agencies,2011-04-01,127.9,BLS PCU541810541810
ppi,exposed,PCU541810541810,Advertising agencies,2011-05-01,128.0,BLS PCU541810541810
ppi,exposed,PCU541810541810,Advertising agencies,2011-06-01,128.0,BLS PCU541810541810
ppi,exposed,PCU541810541810,Advertising agencies,2011-07-01,128.8,BLS PCU541810541810
ppi,exposed,PCU541810541810,Advertising agencies,2011-08-01,128.9,BLS PCU541810541810
ppi,exposed,PCU541810541810,Advertising agencies,2011-09-01,128.9,BLS PCU541810541810
ppi,exposed,PCU541810541810,Advertising agencies,2011-10-01,128.8,BLS PCU541810541810
ppi,exposed,PCU541810541810,Advertising agencies,2011-11-01,128.8,BLS PCU541810541810
ppi,exposed,PCU541810541810,Advertising agencies,2011-12-01,128.9,BLS PCU541810541810
ppi,exposed,PCU541810541810,Advertising agencies,2012-01-01,129.2,BLS PCU541810541810
ppi,exposed,PCU541810541810,Advertising agencies,2012-02-01,129.6,BLS PCU541810541810
ppi,exposed,PCU541810541810,Advertising agencies,2012-03-01,129.7,BLS PCU541810541810
ppi,exposed,PCU541810541810,Advertising agencies,2012-04-01,129.5,BLS PCU541810541810
ppi,exposed,PCU541810541810,Advertising agencies,2012-05-01,130.3,BLS PCU541810541810
ppi,exposed,PCU541810541810,Advertising agencies,2012-06-01,130.3,BLS PCU541810541810
ppi,exposed,PCU541810541810,Advertising agencies,2012-07-01,130.5,BLS PCU541810541810
ppi,exposed,PCU541810541810,Advertising agencies,2012-08-01,130.7,BLS PCU541810541810
ppi,exposed,PCU541810541810,Advertising agencies,2012-09-01,130.8,BLS PCU541810541810
ppi,exposed,PCU541810541810,Advertising agencies,2012-10-01,130.8,BLS PCU541810541810
ppi,exposed,PCU541810541810,Advertising agencies,2012-11-01,130.7,BLS PCU541810541810
ppi,exposed,PCU541810541810,Advertising agencies,2012-12-01,130.7,BLS PCU541810541810
ppi,exposed,PCU541810541810,Advertising agencies,2013-01-01,131.4,BLS PCU541810541810
ppi,exposed,PCU541810541810,Advertising agencies,2013-02-01,131.5,BLS PCU541810541810
ppi,exposed,PCU541810541810,Advertising agencies,2013-03-01,132.1,BLS PCU541810541810
ppi,exposed,PCU541810541810,Advertising agencies,2013-04-01,132.2,BLS PCU541810541810
ppi,exposed,PCU541810541810,Advertising agencies,2013-05-01,132.1,BLS PCU541810541810
ppi,exposed,PCU541810541810,Advertising agencies,2013-06-01,132.3,BLS PCU541810541810
ppi,exposed,PCU541810541810,Advertising agencies,2013-07-01,132.4,BLS PCU541810541810
ppi,exposed,PCU541810541810,Advertising agencies,2013-08-01,132.3,BLS PCU541810541810
ppi,exposed,PCU541810541810,Advertising agencies,2013-09-01,132.5,BLS PCU541810541810
ppi,exposed,PCU541810541810,Advertising agencies,2013-10-01,132.6,BLS PCU541810541810
ppi,exposed,PCU541810541810,Advertising agencies,2013-11-01,132.6,BLS PCU541810541810
ppi,exposed,PCU541810541810,Advertising agencies,2013-12-01,132.7,BLS PCU541810541810
ppi,exposed,PCU541810541810,Advertising agencies,2014-01-01,134.5,BLS PCU541810541810
ppi,exposed,PCU541810541810,Advertising agencies,2014-02-01,134.6,BLS PCU541810541810
ppi,exposed,PCU541810541810,Advertising agencies,2014-03-01,134.2,BLS PCU541810541810
ppi,exposed,PCU541810541810,Advertising agencies,2014-04-01,134.4,BLS PCU541810541810
ppi,exposed,PCU541810541810,Advertising agencies,2014-05-01,134.5,BLS PCU541810541810
ppi,exposed,PCU541810541810,Advertising agencies,2014-06-01,134.2,BLS PCU541810541810
ppi,exposed,PCU541810541810,Advertising agencies,2014-07-01,134.5,BLS PCU541810541810
ppi,exposed,PCU541810541810,Advertising agencies,2014-08-01,134.6,BLS PCU541810541810
ppi,exposed,PCU541810541810,Advertising agencies,2014-09-01,134.8,BLS PCU541810541810
ppi,exposed,PCU541810541810,Advertising agencies,2014-10-01,136.8,BLS PCU541810541810
ppi,exposed,PCU541810541810,Advertising agencies,2014-11-01,136.8,BLS PCU541810541810
ppi,exposed,PCU541810541810,Advertising agencies,2014-12-01,136.5,BLS PCU541810541810
ppi,exposed,PCU541810541810,Advertising agencies,2015-01-01,136.5,BLS PCU541810541810
ppi,exposed,PCU541810541810,Advertising agencies,2015-02-01,136.6,BLS PCU541810541810
ppi,exposed,PCU541810541810,Advertising agencies,2015-03-01,136.4,BLS PCU541810541810
ppi,exposed,PCU541810541810,Advertising agencies,2015-04-01,136.4,BLS PCU541810541810
ppi,exposed,PCU541810541810,Advertising agencies,2015-05-01,136.3,BLS PCU541810541810
ppi,exposed,PCU541810541810,Advertising agencies,2015-06-01,136.1,BLS PCU541810541810
ppi,exposed,PCU541810541810,Advertising agencies,2015-07-01,136.8,BLS PCU541810541810
ppi,exposed,PCU541810541810,Advertising agencies,2015-08-01,136.9,BLS PCU541810541810
ppi,exposed,PCU541810541810,Advertising agencies,2015-09-01,137.3,BLS PCU541810541810
ppi,exposed,PCU541810541810,Advertising agencies,2015-10-01,137.4,BLS PCU541810541810
ppi,exposed,PCU541810541810,Advertising agencies,2015-11-01,137.1,BLS PCU541810541810
ppi,exposed,PCU541810541810,Advertising agencies,2015-12-01,137.2,BLS PCU541810541810
ppi,exposed,PCU541810541810,Advertising agencies,2016-01-01,137.9,BLS PCU541810541810
ppi,exposed,PCU541810541810,Advertising agencies,2016-02-01,138.1,BLS PCU541810541810
ppi,exposed,PCU541810541810,Advertising agencies,2016-03-01,137.8,BLS PCU541810541810
ppi,exposed,PCU541810541810,Advertising agencies,2016-04-01,137.6,BLS PCU541810541810
ppi,exposed,PCU541810541810,Advertising agencies,2016-05-01,138.2,BLS PCU541810541810
ppi,exposed,PCU541810541810,Advertising agencies,2016-06-01,138.3,BLS PCU541810541810
ppi,exposed,PCU541810541810,Advertising agencies,2016-07-01,138.1,BLS PCU541810541810
ppi,exposed,PCU541810541810,Advertising agencies,2016-08-01,137.9,BLS PCU541810541810
ppi,exposed,PCU541810541810,Advertising agencies,2016-09-01,138.0,BLS PCU541810541810
ppi,exposed,PCU541810541810,Advertising agencies,2016-10-01,138.1,BLS PCU541810541810
ppi,exposed,PCU541810541810,Advertising agencies,2016-11-01,138.6,BLS PCU541810541810
ppi,exposed,PCU541810541810,Advertising agencies,2016-12-01,138.8,BLS PCU541810541810
ppi,exposed,PCU541810541810,Advertising agencies,2017-01-01,139.0,BLS PCU541810541810
ppi,exposed,PCU541810541810,Advertising agencies,2017-02-01,139.1,BLS PCU541810541810
ppi,exposed,PCU541810541810,Advertising agencies,2017-03-01,139.1,BLS PCU541810541810
ppi,exposed,PCU541810541810,Advertising agencies,2017-04-01,139.1,BLS PCU541810541810
ppi,exposed,PCU541810541810,Advertising agencies,2017-05-01,139.4,BLS PCU541810541810
ppi,exposed,PCU541810541810,Advertising agencies,2017-06-01,139.3,BLS PCU541810541810
ppi,exposed,PCU541810541810,Advertising agencies,2017-07-01,139.4,BLS PCU541810541810
ppi,exposed,PCU541810541810,Advertising agencies,2017-08-01,139.4,BLS PCU541810541810
ppi,exposed,PCU541810541810,Advertising agencies,2017-09-01,139.2,BLS PCU541810541810
ppi,exposed,PCU541810541810,Advertising agencies,2017-10-01,139.3,BLS PCU541810541810
ppi,exposed,PCU541810541810,Advertising agencies,2017-11-01,139.6,BLS PCU541810541810
ppi,exposed,PCU541810541810,Advertising agencies,2017-12-01,139.6,BLS PCU541810541810
ppi,exposed,PCU541810541810,Advertising agencies,2018-01-01,139.6,BLS PCU541810541810
ppi,exposed,PCU541810541810,Advertising agencies,2018-02-01,139.9,BLS PCU541810541810
ppi,exposed,PCU541810541810,Advertising agencies,2018-03-01,139.8,BLS PCU541810541810
ppi,exposed,PCU541810541810,Advertising agencies,2018-04-01,139.6,BLS PCU541810541810
ppi,exposed,PCU541810541810,Advertising agencies,2018-05-01,139.5,BLS PCU541810541810
ppi,exposed,PCU541810541810,Advertising agencies,2018-06-01,139.6,BLS PCU541810541810
ppi,exposed,PCU541810541810,Advertising agencies,2018-07-01,139.8,BLS PCU541810541810
ppi,exposed,PCU541810541810,Advertising agencies,2018-08-01,139.8,BLS PCU541810541810
ppi,exposed,PCU541810541810,Advertising agencies,2018-09-01,139.8,BLS PCU541810541810
ppi,exposed,PCU541810541810,Advertising agencies,2018-10-01,139.8,BLS PCU541810541810
ppi,exposed,PCU541810541810,Advertising agencies,2018-11-01,139.7,BLS PCU541810541810
ppi,exposed,PCU541810541810,Advertising agencies,2018-12-01,139.8,BLS PCU541810541810
ppi,exposed,PCU541810541810,Advertising agencies,2019-01-01,140.5,BLS PCU541810541810
ppi,exposed,PCU541810541810,Advertising agencies,2019-02-01,140.4,BLS PCU541810541810
ppi,exposed,PCU541810541810,Advertising agencies,2019-03-01,140.4,BLS PCU541810541810
ppi,exposed,PCU541810541810,Advertising agencies,2019-04-01,140.5,BLS PCU541810541810
ppi,exposed,PCU541810541810,Advertising agencies,2019-05-01,140.4,BLS PCU541810541810
ppi,exposed,PCU541810541810,Advertising agencies,2019-06-01,140.4,BLS PCU541810541810
ppi,exposed,PCU541810541810,Advertising agencies,2019-07-01,141.3,BLS PCU541810541810
ppi,exposed,PCU541810541810,Advertising agencies,2019-08-01,141.3,BLS PCU541810541810
ppi,exposed,PCU541810541810,Advertising agencies,2019-09-01,141.3,BLS PCU541810541810
ppi,exposed,PCU541810541810,Advertising agencies,2019-10-01,141.2,BLS PCU541810541810
ppi,exposed,PCU541810541810,Advertising agencies,2019-11-01,141.3,BLS PCU541810541810
ppi,exposed,PCU541810541810,Advertising agencies,2019-12-01,141.5,BLS PCU541810541810
ppi,exposed,PCU541810541810,Advertising agencies,2020-01-01,139.2,BLS PCU541810541810
ppi,exposed,PCU541810541810,Advertising agencies,2020-02-01,139.3,BLS PCU541810541810
ppi,exposed,PCU541810541810,Advertising agencies,2020-03-01,138.8,BLS PCU541810541810
ppi,exposed,PCU541810541810,Advertising agencies,2020-04-01,139.0,BLS PCU541810541810
ppi,exposed,PCU541810541810,Advertising agencies,2020-05-01,138.4,BLS PCU541810541810
ppi,exposed,PCU541810541810,Advertising agencies,2020-06-01,137.8,BLS PCU541810541810
ppi,exposed,PCU541810541810,Advertising agencies,2020-07-01,137.6,BLS PCU541810541810
ppi,exposed,PCU541810541810,Advertising agencies,2020-08-01,137.1,BLS PCU541810541810
ppi,exposed,PCU541810541810,Advertising agencies,2020-09-01,137.9,BLS PCU541810541810
ppi,exposed,PCU541810541810,Advertising agencies,2020-10-01,138.1,BLS PCU541810541810
ppi,exposed,PCU541810541810,Advertising agencies,2020-11-01,138.3,BLS PCU541810541810
ppi,exposed,PCU541810541810,Advertising agencies,2020-12-01,138.4,BLS PCU541810541810
ppi,exposed,PCU541810541810,Advertising agencies,2021-01-01,138.4,BLS PCU541810541810
ppi,exposed,PCU541810541810,Advertising agencies,2021-02-01,138.3,BLS PCU541810541810
ppi,exposed,PCU541810541810,Advertising agencies,2021-03-01,138.1,BLS PCU541810541810
ppi,exposed,PCU541810541810,Advertising agencies,2021-04-01,138.1,BLS PCU541810541810
ppi,exposed,PCU541810541810,Advertising agencies,2021-05-01,138.3,BLS PCU541810541810
ppi,exposed,PCU541810541810,Advertising agencies,2021-06-01,138.4,BLS PCU541810541810
ppi,exposed,PCU541810541810,Advertising agencies,2021-07-01,138.483,BLS PCU541810541810
ppi,exposed,PCU541810541810,Advertising agencies,2021-08-01,138.353,BLS PCU541810541810
ppi,exposed,PCU541810541810,Advertising agencies,2021-09-01,138.358,BLS PCU541810541810
ppi,exposed,PCU541810541810,Advertising agencies,2021-10-01,134.953,BLS PCU541810541810
ppi,exposed,PCU541810541810,Advertising agencies,2021-11-01,141.008,BLS PCU541810541810
ppi,exposed,PCU541810541810,Advertising agencies,2021-12-01,143.024,BLS PCU541810541810
ppi,exposed,PCU541810541810,Advertising agencies,2022-01-01,146.013,BLS PCU541810541810
ppi,exposed,PCU541810541810,Advertising agencies,2022-02-01,147.914,BLS PCU541810541810
ppi,exposed,PCU541810541810,Advertising agencies,2022-03-01,148.127,BLS PCU541810541810
ppi,exposed,PCU541810541810,Advertising agencies,2022-04-01,148.8,BLS PCU541810541810
ppi,exposed,PCU541810541810,Advertising agencies,2022-05-01,148.846,BLS PCU541810541810
ppi,exposed,PCU541810541810,Advertising agencies,2022-06-01,148.915,BLS PCU541810541810
ppi,exposed,PCU541810541810,Advertising agencies,2022-07-01,149.355,BLS PCU541810541810
ppi,exposed,PCU541810541810,Advertising agencies,2022-08-01,149.225,BLS PCU541810541810
ppi,exposed,PCU541810541810,Advertising agencies,2022-09-01,149.161,BLS PCU541810541810
ppi,exposed,PCU541810541810,Advertising agencies,2022-10-01,149.141,BLS PCU541810541810
ppi,exposed,PCU541810541810,Advertising agencies,2022-11-01,149.237,BLS PCU541810541810
ppi,exposed,PCU541810541810,Advertising agencies,2022-12-01,149.269,BLS PCU541810541810
ppi,exposed,PCU541810541810,Advertising agencies,2023-01-01,149.406,BLS PCU541810541810
ppi,exposed,PCU541810541810,Advertising agencies,2023-02-01,149.87,BLS PCU541810541810
ppi,exposed,PCU541810541810,Advertising agencies,2023-03-01,150.276,BLS PCU541810541810
ppi,exposed,PCU541810541810,Advertising agencies,2023-04-01,150.269,BLS PCU541810541810
ppi,exposed,PCU541810541810,Advertising agencies,2023-05-01,150.69,BLS PCU541810541810
ppi,exposed,PCU541810541810,Advertising agencies,2023-06-01,150.514,BLS PCU541810541810
ppi,exposed,PCU541810541810,Advertising agencies,2023-07-01,150.466,BLS PCU541810541810
ppi,exposed,PCU541810541810,Advertising agencies,2023-08-01,150.139,BLS PCU541810541810
ppi,exposed,PCU541810541810,Advertising agencies,2023-09-01,150.174,BLS PCU541810541810
ppi,exposed,PCU541810541810,Advertising agencies,2023-10-01,150.113,BLS PCU541810541810
ppi,exposed,PCU541810541810,Advertising agencies,2023-11-01,150.061,BLS PCU541810541810
ppi,exposed,PCU541810541810,Advertising agencies,2023-12-01,150.109,BLS PCU541810541810
ppi,exposed,PCU541810541810,Advertising agencies,2024-01-01,150.11,BLS PCU541810541810
ppi,exposed,PCU541810541810,Advertising agencies,2024-02-01,150.542,BLS PCU541810541810
ppi,exposed,PCU541810541810,Advertising agencies,2024-03-01,150.716,BLS PCU541810541810
ppi,exposed,PCU541810541810,Advertising agencies,2024-04-01,150.726,BLS PCU541810541810
ppi,exposed,PCU541810541810,Advertising agencies,2024-05-01,151.536,BLS PCU541810541810
ppi,exposed,PCU541810541810,Advertising agencies,2024-06-01,151.089,BLS PCU541810541810
ppi,exposed,PCU541810541810,Advertising agencies,2024-07-01,151.089,BLS PCU541810541810
ppi,exposed,PCU541810541810,Advertising agencies,2024-08-01,152.056,BLS PCU541810541810
ppi,exposed,PCU541810541810,Advertising agencies,2024-09-01,151.766,BLS PCU541810541810
ppi,exposed,PCU541810541810,Advertising agencies,2024-10-01,152.753,BLS PCU541810541810
ppi,exposed,PCU541810541810,Advertising agencies,2024-11-01,152.514,BLS PCU541810541810
ppi,exposed,PCU541810541810,Advertising agencies,2024-12-01,152.579,BLS PCU541810541810
ppi,exposed,PCU541810541810,Advertising agencies,2025-01-01,152.874,BLS PCU541810541810
ppi,exposed,PCU541810541810,Advertising agencies,2025-02-01,152.093,BLS PCU541810541810
ppi,exposed,PCU541810541810,Advertising agencies,2025-03-01,152.106,BLS PCU541810541810
ppi,exposed,PCU541810541810,Advertising agencies,2025-04-01,152.206,BLS PCU541810541810
ppi,exposed,PCU541810541810,Advertising agencies,2025-05-01,152.724,BLS PCU541810541810
ppi,exposed,PCU541810541810,Advertising agencies,2025-06-01,152.649,BLS PCU541810541810
ppi,exposed,PCU541810541810,Advertising agencies,2025-07-01,152.373,BLS PCU541810541810
ppi,exposed,PCU541810541810,Advertising agencies,2025-08-01,152.697,BLS PCU541810541810
ppi,exposed,PCU541810541810,Advertising agencies,2025-09-01,152.859,BLS PCU541810541810
ppi,exposed,PCU541810541810,Advertising agencies,2025-10-01,152.815,BLS PCU541810541810
ppi,exposed,PCU541810541810,Advertising agencies,2025-11-01,152.572,BLS PCU541810541810
ppi,exposed,PCU541810541810,Advertising agencies,2025-12-01,153.0,BLS PCU541810541810
ppi,exposed,PCU541810541810,Advertising agencies,2026-01-01,153.7,BLS PCU541810541810
ppi,exposed,PCU541810541810,Advertising agencies,2026-02-01,153.349,BLS PCU541810541810
ppi,exposed,PCU541810541810,Advertising agencies,2026-03-01,153.295,BLS PCU541810541810
ppi,exposed,PCU541810541810,Advertising agencies,2026-04-01,153.239,BLS PCU541810541810
ppi,exposed,PCU541810541810,Advertising agencies,2026-05-01,154.067,BLS PCU541810541810
ppi,exposed,PCU541810541810,Advertising agencies,2026-06-01,154.077,BLS PCU541810541810
ppi,exposed,PCU541810541810,Advertising agencies,2026-07-01,154.085,BLS PCU541810541810
ppi,exposed,PCU541810541810,Advertising agencies,2026-08-01,154.584,BLS PCU541810541810
ppi,exposed,PCU5613--5613--,Employment services,2007-01-01,120.8,BLS PCU5613--5613--
ppi,exposed,PCU5613--5613--,Employment services,2007-02-01,121.0,BLS PCU5613--5613--
ppi,exposed,PCU5613--5613--,Employment services,2007-03-01,121.2,BLS PCU5613--5613--
ppi,exposed,PCU5613--5613--,Employment services,2007-04-01,121.3,BLS PCU5613--5613--
ppi,exposed,PCU5613--5613--,Employment services,2007-05-01,121.4,BLS PCU5613--5613--
ppi,exposed,PCU5613--5613--,Employment services,2007-06-01,121.6,BLS PCU5613--5613--
ppi,exposed,PCU5613--5613--,Employment services,2007-07-01,121.8,BLS PCU5613--5613--
ppi,exposed,PCU5613--5613--,Employment services,2007-08-01,121.9,BLS PCU5613--5613--
ppi,exposed,PCU5613--5613--,Employment services,2007-09-01,122.0,BLS PCU5613--5613--
ppi,exposed,PCU5613--5613--,Employment services,2007-10-01,122.4,BLS PCU5613--5613--
ppi,exposed,PCU5613--5613--,Employment services,2007-11-01,122.3,BLS PCU5613--5613--
ppi,exposed,PCU5613--5613--,Employment services,2007-12-01,122.2,BLS PCU5613--5613--
ppi,exposed,PCU5613--5613--,Employment services,2008-01-01,122.3,BLS PCU5613--5613--
ppi,exposed,PCU5613--5613--,Employment services,2008-02-01,123.0,BLS PCU5613--5613--
ppi,exposed,PCU5613--5613--,Employment services,2008-03-01,123.0,BLS PCU5613--5613--
ppi,exposed,PCU5613--5613--,Employment services,2008-04-01,122.9,BLS PCU5613--5613--
ppi,exposed,PCU5613--5613--,Employment services,2008-05-01,122.7,BLS PCU5613--5613--
ppi,exposed,PCU5613--5613--,Employment services,2008-06-01,122.8,BLS PCU5613--5613--
ppi,exposed,PCU5613--5613--,Employment services,2008-07-01,123.0,BLS PCU5613--5613--
ppi,exposed,PCU5613--5613--,Employment services,2008-08-01,123.4,BLS PCU5613--5613--
ppi,exposed,PCU5613--5613--,Employment services,2008-09-01,123.1,BLS PCU5613--5613--
ppi,exposed,PCU5613--5613--,Employment services,2008-10-01,123.6,BLS PCU5613--5613--
ppi,exposed,PCU5613--5613--,Employment services,2008-11-01,124.1,BLS PCU5613--5613--
ppi,exposed,PCU5613--5613--,Employment services,2008-12-01,124.2,BLS PCU5613--5613--
ppi,exposed,PCU5613--5613--,Employment services,2009-01-01,123.8,BLS PCU5613--5613--
ppi,exposed,PCU5613--5613--,Employment services,2009-02-01,124.0,BLS PCU5613--5613--
ppi,exposed,PCU5613--5613--,Employment services,2009-03-01,123.6,BLS PCU5613--5613--
ppi,exposed,PCU5613--5613--,Employment services,2009-04-01,123.9,BLS PCU5613--5613--
ppi,exposed,PCU5613--5613--,Employment services,2009-05-01,123.5,BLS PCU5613--5613--
ppi,exposed,PCU5613--5613--,Employment services,2009-06-01,123.6,BLS PCU5613--5613--
ppi,exposed,PCU5613--5613--,Employment services,2009-07-01,123.7,BLS PCU5613--5613--
ppi,exposed,PCU5613--5613--,Employment services,2009-08-01,123.6,BLS PCU5613--5613--
ppi,exposed,PCU5613--5613--,Employment services,2009-09-01,123.3,BLS PCU5613--5613--
ppi,exposed,PCU5613--5613--,Employment services,2009-10-01,123.2,BLS PCU5613--5613--
ppi,exposed,PCU5613--5613--,Employment services,2009-11-01,122.8,BLS PCU5613--5613--
ppi,exposed,PCU5613--5613--,Employment services,2009-12-01,122.8,BLS PCU5613--5613--
ppi,exposed,PCU5613--5613--,Employment services,2010-01-01,123.9,BLS PCU5613--5613--
ppi,exposed,PCU5613--5613--,Employment services,2010-02-01,123.6,BLS PCU5613--5613--
ppi,exposed,PCU5613--5613--,Employment services,2010-03-01,123.7,BLS PCU5613--5613--
ppi,exposed,PCU5613--5613--,Employment services,2010-04-01,124.5,BLS PCU5613--5613--
ppi,exposed,PCU5613--5613--,Employment services,2010-05-01,124.9,BLS PCU5613--5613--
ppi,exposed,PCU5613--5613--,Employment services,2010-06-01,125.2,BLS PCU5613--5613--
ppi,exposed,PCU5613--5613--,Employment services,2010-07-01,125.7,BLS PCU5613--5613--
ppi,exposed,PCU5613--5613--,Employment services,2010-08-01,125.8,BLS PCU5613--5613--
ppi,exposed,PCU5613--5613--,Employment services,2010-09-01,125.6,BLS PCU5613--5613--
ppi,exposed,PCU5613--5613--,Employment services,2010-10-01,125.4,BLS PCU5613--5613--
ppi,exposed,PCU5613--5613--,Employment services,2010-11-01,125.3,BLS PCU5613--5613--
ppi,exposed,PCU5613--5613--,Employment services,2010-12-01,125.3,BLS PCU5613--5613--
ppi,exposed,PCU5613--5613--,Employment services,2011-01-01,125.5,BLS PCU5613--5613--
ppi,exposed,PCU5613--5613--,Employment services,2011-02-01,125.6,BLS PCU5613--5613--
ppi,exposed,PCU5613--5613--,Employment services,2011-03-01,125.6,BLS PCU5613--5613--
ppi,exposed,PCU5613--5613--,Employment services,2011-04-01,125.4,BLS PCU5613--5613--
ppi,exposed,PCU5613--5613--,Employment services,2011-05-01,125.3,BLS PCU5613--5613--
ppi,exposed,PCU5613--5613--,Employment services,2011-06-01,125.4,BLS PCU5613--5613--
ppi,exposed,PCU5613--5613--,Employment services,2011-07-01,125.1,BLS PCU5613--5613--
ppi,exposed,PCU5613--5613--,Employment services,2011-08-01,125.3,BLS PCU5613--5613--
ppi,exposed,PCU5613--5613--,Employment services,2011-09-01,125.2,BLS PCU5613--5613--
ppi,exposed,PCU5613--5613--,Employment services,2011-10-01,125.6,BLS PCU5613--5613--
ppi,exposed,PCU5613--5613--,Employment services,2011-11-01,125.6,BLS PCU5613--5613--
ppi,exposed,PCU5613--5613--,Employment services,2011-12-01,125.9,BLS PCU5613--5613--
ppi,exposed,PCU5613--5613--,Employment services,2012-01-01,125.5,BLS PCU5613--5613--
ppi,exposed,PCU5613--5613--,Employment services,2012-02-01,126.1,BLS PCU5613--5613--
ppi,exposed,PCU5613--5613--,Employment services,2012-03-01,126.0,BLS PCU5613--5613--
ppi,exposed,PCU5613--5613--,Employment services,2012-04-01,126.6,BLS PCU5613--5613--
ppi,exposed,PCU5613--5613--,Employment services,2012-05-01,126.1,BLS PCU5613--5613--
ppi,exposed,PCU5613--5613--,Employment services,2012-06-01,126.2,BLS PCU5613--5613--
ppi,exposed,PCU5613--5613--,Employment services,2012-07-01,126.6,BLS PCU5613--5613--
ppi,exposed,PCU5613--5613--,Employment services,2012-08-01,126.4,BLS PCU5613--5613--
ppi,exposed,PCU5613--5613--,Employment services,2012-09-01,126.2,BLS PCU5613--5613--
ppi,exposed,PCU5613--5613--,Employment services,2012-10-01,126.5,BLS PCU5613--5613--
ppi,exposed,PCU5613--5613--,Employment services,2012-11-01,126.8,BLS PCU5613--5613--
ppi,exposed,PCU5613--5613--,Employment services,2012-12-01,126.7,BLS PCU5613--5613--
ppi,exposed,PCU5613--5613--,Employment services,2013-01-01,127.3,BLS PCU5613--5613--
ppi,exposed,PCU5613--5613--,Employment services,2013-02-01,127.8,BLS PCU5613--5613--
ppi,exposed,PCU5613--5613--,Employment services,2013-03-01,127.9,BLS PCU5613--5613--
ppi,exposed,PCU5613--5613--,Employment services,2013-04-01,128.2,BLS PCU5613--5613--
ppi,exposed,PCU5613--5613--,Employment services,2013-05-01,128.4,BLS PCU5613--5613--
ppi,exposed,PCU5613--5613--,Employment services,2013-06-01,128.2,BLS PCU5613--5613--
ppi,exposed,PCU5613--5613--,Employment services,2013-07-01,129.0,BLS PCU5613--5613--
ppi,exposed,PCU5613--5613--,Employment services,2013-08-01,128.9,BLS PCU5613--5613--
ppi,exposed,PCU5613--5613--,Employment services,2013-09-01,128.9,BLS PCU5613--5613--
ppi,exposed,PCU5613--5613--,Employment services,2013-10-01,129.4,BLS PCU5613--5613--
ppi,exposed,PCU5613--5613--,Employment services,2013-11-01,129.5,BLS PCU5613--5613--
ppi,exposed,PCU5613--5613--,Employment services,2013-12-01,129.3,BLS PCU5613--5613--
ppi,exposed,PCU5613--5613--,Employment services,2014-01-01,129.9,BLS PCU5613--5613--
ppi,exposed,PCU5613--5613--,Employment services,2014-02-01,130.6,BLS PCU5613--5613--
ppi,exposed,PCU5613--5613--,Employment services,2014-03-01,130.5,BLS PCU5613--5613--
ppi,exposed,PCU5613--5613--,Employment services,2014-04-01,130.4,BLS PCU5613--5613--
ppi,exposed,PCU5613--5613--,Employment services,2014-05-01,131.1,BLS PCU5613--5613--
ppi,exposed,PCU5613--5613--,Employment services,2014-06-01,131.1,BLS PCU5613--5613--
ppi,exposed,PCU5613--5613--,Employment services,2014-07-01,131.3,BLS PCU5613--5613--
ppi,exposed,PCU5613--5613--,Employment services,2014-08-01,131.5,BLS PCU5613--5613--
ppi,exposed,PCU5613--5613--,Employment services,2014-09-01,131.6,BLS PCU5613--5613--
ppi,exposed,PCU5613--5613--,Employment services,2014-10-01,132.1,BLS PCU5613--5613--
ppi,exposed,PCU5613--5613--,Employment services,2014-11-01,131.8,BLS PCU5613--5613--
ppi,exposed,PCU5613--5613--,Employment services,2014-12-01,131.9,BLS PCU5613--5613--
ppi,exposed,PCU5613--5613--,Employment services,2015-01-01,132.4,BLS PCU5613--5613--
ppi,exposed,PCU5613--5613--,Employment services,2015-02-01,132.0,BLS PCU5613--5613--
ppi,exposed,PCU5613--5613--,Employment services,2015-03-01,132.1,BLS PCU5613--5613--
ppi,exposed,PCU5613--5613--,Employment services,2015-04-01,132.3,BLS PCU5613--5613--
ppi,exposed,PCU5613--5613--,Employment services,2015-05-01,133.0,BLS PCU5613--5613--
ppi,exposed,PCU5613--5613--,Employment services,2015-06-01,133.1,BLS PCU5613--5613--
ppi,exposed,PCU5613--5613--,Employment services,2015-07-01,133.6,BLS PCU5613--5613--
ppi,exposed,PCU5613--5613--,Employment services,2015-08-01,133.8,BLS PCU5613--5613--
ppi,exposed,PCU5613--5613--,Employment services,2015-09-01,134.1,BLS PCU5613--5613--
ppi,exposed,PCU5613--5613--,Employment services,2015-10-01,134.5,BLS PCU5613--5613--
ppi,exposed,PCU5613--5613--,Employment services,2015-11-01,135.3,BLS PCU5613--5613--
ppi,exposed,PCU5613--5613--,Employment services,2015-12-01,135.2,BLS PCU5613--5613--
ppi,exposed,PCU5613--5613--,Employment services,2016-01-01,136.2,BLS PCU5613--5613--
ppi,exposed,PCU5613--5613--,Employment services,2016-02-01,135.7,BLS PCU5613--5613--
ppi,exposed,PCU5613--5613--,Employment services,2016-03-01,137.0,BLS PCU5613--5613--
ppi,exposed,PCU5613--5613--,Employment services,2016-04-01,137.1,BLS PCU5613--5613--
ppi,exposed,PCU5613--5613--,Employment services,2016-05-01,137.1,BLS PCU5613--5613--
ppi,exposed,PCU5613--5613--,Employment services,2016-06-01,136.1,BLS PCU5613--5613--
ppi,exposed,PCU5613--5613--,Employment services,2016-07-01,136.1,BLS PCU5613--5613--
ppi,exposed,PCU5613--5613--,Employment services,2016-08-01,136.5,BLS PCU5613--5613--
ppi,exposed,PCU5613--5613--,Employment services,2016-09-01,136.9,BLS PCU5613--5613--
ppi,exposed,PCU5613--5613--,Employment services,2016-10-01,137.0,BLS PCU5613--5613--
ppi,exposed,PCU5613--5613--,Employment services,2016-11-01,137.3,BLS PCU5613--5613--
ppi,exposed,PCU5613--5613--,Employment services,2016-12-01,137.9,BLS PCU5613--5613--
ppi,exposed,PCU5613--5613--,Employment services,2017-01-01,137.9,BLS PCU5613--5613--
ppi,exposed,PCU5613--5613--,Employment services,2017-02-01,137.9,BLS PCU5613--5613--
ppi,exposed,PCU5613--5613--,Employment services,2017-03-01,138.1,BLS PCU5613--5613--
ppi,exposed,PCU5613--5613--,Employment services,2017-04-01,138.4,BLS PCU5613--5613--
ppi,exposed,PCU5613--5613--,Employment services,2017-05-01,138.4,BLS PCU5613--5613--
ppi,exposed,PCU5613--5613--,Employment services,2017-06-01,138.7,BLS PCU5613--5613--
ppi,exposed,PCU5613--5613--,Employment services,2017-07-01,139.0,BLS PCU5613--5613--
ppi,exposed,PCU5613--5613--,Employment services,2017-08-01,138.7,BLS PCU5613--5613--
ppi,exposed,PCU5613--5613--,Employment services,2017-09-01,139.0,BLS PCU5613--5613--
ppi,exposed,PCU5613--5613--,Employment services,2017-10-01,139.5,BLS PCU5613--5613--
ppi,exposed,PCU5613--5613--,Employment services,2017-11-01,139.4,BLS PCU5613--5613--
ppi,exposed,PCU5613--5613--,Employment services,2017-12-01,138.8,BLS PCU5613--5613--
ppi,exposed,PCU5613--5613--,Employment services,2018-01-01,139.3,BLS PCU5613--5613--
ppi,exposed,PCU5613--5613--,Employment services,2018-02-01,139.4,BLS PCU5613--5613--
ppi,exposed,PCU5613--5613--,Employment services,2018-03-01,139.3,BLS PCU5613--5613--
ppi,exposed,PCU5613--5613--,Employment services,2018-04-01,139.1,BLS PCU5613--5613--
ppi,exposed,PCU5613--5613--,Employment services,2018-05-01,140.0,BLS PCU5613--5613--
ppi,exposed,PCU5613--5613--,Employment services,2018-06-01,139.5,BLS PCU5613--5613--
ppi,exposed,PCU5613--5613--,Employment services,2018-07-01,139.3,BLS PCU5613--5613--
ppi,exposed,PCU5613--5613--,Employment services,2018-08-01,139.6,BLS PCU5613--5613--
ppi,exposed,PCU5613--5613--,Employment services,2018-09-01,139.3,BLS PCU5613--5613--
ppi,exposed,PCU5613--5613--,Employment services,2018-10-01,139.2,BLS PCU5613--5613--
ppi,exposed,PCU5613--5613--,Employment services,2018-11-01,140.1,BLS PCU5613--5613--
ppi,exposed,PCU5613--5613--,Employment services,2018-12-01,139.5,BLS PCU5613--5613--
ppi,exposed,PCU5613--5613--,Employment services,2019-01-01,140.4,BLS PCU5613--5613--
ppi,exposed,PCU5613--5613--,Employment services,2019-02-01,140.7,BLS PCU5613--5613--
ppi,exposed,PCU5613--5613--,Employment services,2019-03-01,142.5,BLS PCU5613--5613--
ppi,exposed,PCU5613--5613--,Employment services,2019-04-01,141.0,BLS PCU5613--5613--
ppi,exposed,PCU5613--5613--,Employment services,2019-05-01,143.4,BLS PCU5613--5613--
ppi,exposed,PCU5613--5613--,Employment services,2019-06-01,141.4,BLS PCU5613--5613--
ppi,exposed,PCU5613--5613--,Employment services,2019-07-01,142.4,BLS PCU5613--5613--
ppi,exposed,PCU5613--5613--,Employment services,2019-08-01,143.0,BLS PCU5613--5613--
ppi,exposed,PCU5613--5613--,Employment services,2019-09-01,142.1,BLS PCU5613--5613--
ppi,exposed,PCU5613--5613--,Employment services,2019-10-01,143.4,BLS PCU5613--5613--
ppi,exposed,PCU5613--5613--,Employment services,2019-11-01,143.3,BLS PCU5613--5613--
ppi,exposed,PCU5613--5613--,Employment services,2019-12-01,143.9,BLS PCU5613--5613--
ppi,exposed,PCU5613--5613--,Employment services,2020-01-01,143.0,BLS PCU5613--5613--
ppi,exposed,PCU5613--5613--,Employment services,2020-02-01,142.7,BLS PCU5613--5613--
ppi,exposed,PCU5613--5613--,Employment services,2020-03-01,142.7,BLS PCU5613--5613--
ppi,exposed,PCU5613--5613--,Employment services,2020-04-01,142.8,BLS PCU5613--5613--
ppi,exposed,PCU5613--5613--,Employment services,2020-05-01,145.6,BLS PCU5613--5613--
ppi,exposed,PCU5613--5613--,Employment services,2020-06-01,146.0,BLS PCU5613--5613--
ppi,exposed,PCU5613--5613--,Employment services,2020-07-01,145.9,BLS PCU5613--5613--
ppi,exposed,PCU5613--5613--,Employment services,2020-08-01,146.9,BLS PCU5613--5613--
ppi,exposed,PCU5613--5613--,Employment services,2020-09-01,145.9,BLS PCU5613--5613--
ppi,exposed,PCU5613--5613--,Employment services,2020-10-01,146.3,BLS PCU5613--5613--
ppi,exposed,PCU5613--5613--,Employment services,2020-11-01,146.2,BLS PCU5613--5613--
ppi,exposed,PCU5613--5613--,Employment services,2020-12-01,146.9,BLS PCU5613--5613--
ppi,exposed,PCU5613--5613--,Employment services,2021-01-01,147.5,BLS PCU5613--5613--
ppi,exposed,PCU5613--5613--,Employment services,2021-02-01,148.9,BLS PCU5613--5613--
ppi,exposed,PCU5613--5613--,Employment services,2021-03-01,147.1,BLS PCU5613--5613--
ppi,exposed,PCU5613--5613--,Employment services,2021-04-01,149.6,BLS PCU5613--5613--
ppi,exposed,PCU5613--5613--,Employment services,2021-05-01,149.9,BLS PCU5613--5613--
ppi,exposed,PCU5613--5613--,Employment services,2021-06-01,151.7,BLS PCU5613--5613--
ppi,exposed,PCU5613--5613--,Employment services,2021-07-01,151.56,BLS PCU5613--5613--
ppi,exposed,PCU5613--5613--,Employment services,2021-08-01,151.477,BLS PCU5613--5613--
ppi,exposed,PCU5613--5613--,Employment services,2021-09-01,151.531,BLS PCU5613--5613--
ppi,exposed,PCU5613--5613--,Employment services,2021-10-01,151.774,BLS PCU5613--5613--
ppi,exposed,PCU5613--5613--,Employment services,2021-11-01,153.106,BLS PCU5613--5613--
ppi,exposed,PCU5613--5613--,Employment services,2021-12-01,154.532,BLS PCU5613--5613--
ppi,exposed,PCU5613--5613--,Employment services,2022-01-01,156.006,BLS PCU5613--5613--
ppi,exposed,PCU5613--5613--,Employment services,2022-02-01,156.523,BLS PCU5613--5613--
ppi,exposed,PCU5613--5613--,Employment services,2022-03-01,157.688,BLS PCU5613--5613--
ppi,exposed,PCU5613--5613--,Employment services,2022-04-01,157.721,BLS PCU5613--5613--
ppi,exposed,PCU5613--5613--,Employment services,2022-05-01,158.928,BLS PCU5613--5613--
ppi,exposed,PCU5613--5613--,Employment services,2022-06-01,159.173,BLS PCU5613--5613--
ppi,exposed,PCU5613--5613--,Employment services,2022-07-01,158.826,BLS PCU5613--5613--
ppi,exposed,PCU5613--5613--,Employment services,2022-08-01,158.954,BLS PCU5613--5613--
ppi,exposed,PCU5613--5613--,Employment services,2022-09-01,159.207,BLS PCU5613--5613--
ppi,exposed,PCU5613--5613--,Employment services,2022-10-01,159.051,BLS PCU5613--5613--
ppi,exposed,PCU5613--5613--,Employment services,2022-11-01,159.17,BLS PCU5613--5613--
ppi,exposed,PCU5613--5613--,Employment services,2022-12-01,159.162,BLS PCU5613--5613--
ppi,exposed,PCU5613--5613--,Employment services,2023-01-01,159.508,BLS PCU5613--5613--
ppi,exposed,PCU5613--5613--,Employment services,2023-02-01,159.102,BLS PCU5613--5613--
ppi,exposed,PCU5613--5613--,Employment services,2023-03-01,159.966,BLS PCU5613--5613--
ppi,exposed,PCU5613--5613--,Employment services,2023-04-01,160.653,BLS PCU5613--5613--
ppi,exposed,PCU5613--5613--,Employment services,2023-05-01,160.528,BLS PCU5613--5613--
ppi,exposed,PCU5613--5613--,Employment services,2023-06-01,160.267,BLS PCU5613--5613--
ppi,exposed,PCU5613--5613--,Employment services,2023-07-01,160.385,BLS PCU5613--5613--
ppi,exposed,PCU5613--5613--,Employment services,2023-08-01,159.886,BLS PCU5613--5613--
ppi,exposed,PCU5613--5613--,Employment services,2023-09-01,159.842,BLS PCU5613--5613--
ppi,exposed,PCU5613--5613--,Employment services,2023-10-01,160.165,BLS PCU5613--5613--
ppi,exposed,PCU5613--5613--,Employment services,2023-11-01,160.539,BLS PCU5613--5613--
ppi,exposed,PCU5613--5613--,Employment services,2023-12-01,160.948,BLS PCU5613--5613--
ppi,exposed,PCU5613--5613--,Employment services,2024-01-01,161.1,BLS PCU5613--5613--
ppi,exposed,PCU5613--5613--,Employment services,2024-02-01,161.495,BLS PCU5613--5613--
ppi,exposed,PCU5613--5613--,Employment services,2024-03-01,161.262,BLS PCU5613--5613--
ppi,exposed,PCU5613--5613--,Employment services,2024-04-01,159.772,BLS PCU5613--5613--
ppi,exposed,PCU5613--5613--,Employment services,2024-05-01,159.829,BLS PCU5613--5613--
ppi,exposed,PCU5613--5613--,Employment services,2024-06-01,159.395,BLS PCU5613--5613--
ppi,exposed,PCU5613--5613--,Employment services,2024-07-01,160.495,BLS PCU5613--5613--
ppi,exposed,PCU5613--5613--,Employment services,2024-08-01,160.531,BLS PCU5613--5613--
ppi,exposed,PCU5613--5613--,Employment services,2024-09-01,162.685,BLS PCU5613--5613--
ppi,exposed,PCU5613--5613--,Employment services,2024-10-01,163.071,BLS PCU5613--5613--
ppi,exposed,PCU5613--5613--,Employment services,2024-11-01,163.075,BLS PCU5613--5613--
ppi,exposed,PCU5613--5613--,Employment services,2024-12-01,163.234,BLS PCU5613--5613--
ppi,exposed,PCU5613--5613--,Employment services,2025-01-01,164.044,BLS PCU5613--5613--
ppi,exposed,PCU5613--5613--,Employment services,2025-02-01,164.038,BLS PCU5613--5613--
ppi,exposed,PCU5613--5613--,Employment services,2025-03-01,165.129,BLS PCU5613--5613--
ppi,exposed,PCU5613--5613--,Employment services,2025-04-01,166.134,BLS PCU5613--5613--
ppi,exposed,PCU5613--5613--,Employment services,2025-05-01,166.121,BLS PCU5613--5613--
ppi,exposed,PCU5613--5613--,Employment services,2025-06-01,166.389,BLS PCU5613--5613--
ppi,exposed,PCU5613--5613--,Employment services,2025-07-01,166.731,BLS PCU5613--5613--
ppi,exposed,PCU5613--5613--,Employment services,2025-08-01,168.21,BLS PCU5613--5613--
ppi,exposed,PCU5613--5613--,Employment services,2025-09-01,168.451,BLS PCU5613--5613--
ppi,exposed,PCU5613--5613--,Employment services,2025-10-01,169.012,BLS PCU5613--5613--
ppi,exposed,PCU5613--5613--,Employment services,2025-11-01,169.03,BLS PCU5613--5613--
ppi,exposed,PCU5613--5613--,Employment services,2025-12-01,169.506,BLS PCU5613--5613--
ppi,exposed,PCU5613--5613--,Employment services,2026-01-01,173.576,BLS PCU5613--5613--
ppi,exposed,PCU5613--5613--,Employment services,2026-02-01,173.231,BLS PCU5613--5613--
ppi,exposed,PCU5613--5613--,Employment services,2026-03-01,173.214,BLS PCU5613--5613--
ppi,exposed,PCU5613--5613--,Employment services,2026-04-01,175.092,BLS PCU5613--5613--
ppi,exposed,PCU5613--5613--,Employment services,2026-05-01,175.17,BLS PCU5613--5613--
ppi,exposed,PCU5613--5613--,Employment services,2026-06-01,174.793,BLS PCU5613--5613--
ppi,exposed,PCU5613--5613--,Employment services,2026-07-01,175.623,BLS PCU5613--5613--
ppi,exposed,PCU5613--5613--,Employment services,2026-08-01,174.047,BLS PCU5613--5613--
ppi,unexposed,PCU2211--2211--,Electric power,2007-01-01,116.9,BLS PCU2211--2211--
ppi,unexposed,PCU2211--2211--,Electric power,2007-02-01,121.2,BLS PCU2211--2211--
ppi,unexposed,PCU2211--2211--,Electric power,2007-03-01,118.9,BLS PCU2211--2211--
ppi,unexposed,PCU2211--2211--,Electric power,2007-04-01,119.3,BLS PCU2211--2211--
ppi,unexposed,PCU2211--2211--,Electric power,2007-05-01,120.4,BLS PCU2211--2211--
ppi,unexposed,PCU2211--2211--,Electric power,2007-06-01,125.2,BLS PCU2211--2211--
ppi,unexposed,PCU2211--2211--,Electric power,2007-07-01,127.1,BLS PCU2211--2211--
ppi,unexposed,PCU2211--2211--,Electric power,2007-08-01,128.1,BLS PCU2211--2211--
ppi,unexposed,PCU2211--2211--,Electric power,2007-09-01,126.2,BLS PCU2211--2211--
ppi,unexposed,PCU2211--2211--,Electric power,2007-10-01,123.9,BLS PCU2211--2211--
ppi,unexposed,PCU2211--2211--,Electric power,2007-11-01,122.3,BLS PCU2211--2211--
ppi,unexposed,PCU2211--2211--,Electric power,2007-12-01,123.0,BLS PCU2211--2211--
ppi,unexposed,PCU2211--2211--,Electric power,2008-01-01,123.6,BLS PCU2211--2211--
ppi,unexposed,PCU2211--2211--,Electric power,2008-02-01,125.1,BLS PCU2211--2211--
ppi,unexposed,PCU2211--2211--,Electric power,2008-03-01,125.6,BLS PCU2211--2211--
ppi,unexposed,PCU2211--2211--,Electric power,2008-04-01,128.6,BLS PCU2211--2211--
ppi,unexposed,PCU2211--2211--,Electric power,2008-05-01,129.9,BLS PCU2211--2211--
ppi,unexposed,PCU2211--2211--,Electric power,2008-06-01,134.2,BLS PCU2211--2211--
ppi,unexposed,PCU2211--2211--,Electric power,2008-07-01,137.5,BLS PCU2211--2211--
ppi,unexposed,PCU2211--2211--,Electric power,2008-08-01,139.2,BLS PCU2211--2211--
ppi,unexposed,PCU2211--2211--,Electric power,2008-09-01,135.3,BLS PCU2211--2211--
ppi,unexposed,PCU2211--2211--,Electric power,2008-10-01,131.9,BLS PCU2211--2211--
ppi,unexposed,PCU2211--2211--,Electric power,2008-11-01,128.8,BLS PCU2211--2211--
ppi,unexposed,PCU2211--2211--,Electric power,2008-12-01,128.5,BLS PCU2211--2211--
ppi,unexposed,PCU2211--2211--,Electric power,2009-01-01,129.7,BLS PCU2211--2211--
ppi,unexposed,PCU2211--2211--,Electric power,2009-02-01,129.9,BLS PCU2211--2211--
ppi,unexposed,PCU2211--2211--,Electric power,2009-03-01,128.1,BLS PCU2211--2211--
ppi,unexposed,PCU2211--2211--,Electric power,2009-04-01,126.8,BLS PCU2211--2211--
ppi,unexposed,PCU2211--2211--,Electric power,2009-05-01,128.1,BLS PCU2211--2211--
ppi,unexposed,PCU2211--2211--,Electric power,2009-06-01,129.6,BLS PCU2211--2211--
ppi,unexposed,PCU2211--2211--,Electric power,2009-07-01,131.4,BLS PCU2211--2211--
ppi,unexposed,PCU2211--2211--,Electric power,2009-08-01,132.4,BLS PCU2211--2211--
ppi,unexposed,PCU2211--2211--,Electric power,2009-09-01,130.7,BLS PCU2211--2211--
ppi,unexposed,PCU2211--2211--,Electric power,2009-10-01,128.8,BLS PCU2211--2211--
ppi,unexposed,PCU2211--2211--,Electric power,2009-11-01,127.9,BLS PCU2211--2211--
ppi,unexposed,PCU2211--2211--,Electric power,2009-12-01,128.6,BLS PCU2211--2211--
ppi,unexposed,PCU2211--2211--,Electric power,2010-01-01,130.6,BLS PCU2211--2211--
ppi,unexposed,PCU2211--2211--,Electric power,2010-02-01,131.5,BLS PCU2211--2211--
ppi,unexposed,PCU2211--2211--,Electric power,2010-03-01,131.2,BLS PCU2211--2211--
ppi,unexposed,PCU2211--2211--,Electric power,2010-04-01,130.6,BLS PCU2211--2211--
ppi,unexposed,PCU2211--2211--,Electric power,2010-05-01,131.1,BLS PCU2211--2211--
ppi,unexposed,PCU2211--2211--,Electric power,2010-06-01,134.7,BLS PCU2211--2211--
ppi,unexposed,PCU2211--2211--,Electric power,2010-07-01,136.8,BLS PCU2211--2211--
ppi,unexposed,PCU2211--2211--,Electric power,2010-08-01,138.8,BLS PCU2211--2211--
ppi,unexposed,PCU2211--2211--,Electric power,2010-09-01,136.4,BLS PCU2211--2211--
ppi,unexposed,PCU2211--2211--,Electric power,2010-10-01,131.7,BLS PCU2211--2211--
ppi,unexposed,PCU2211--2211--,Electric power,2010-11-01,130.1,BLS PCU2211--2211--
ppi,unexposed,PCU2211--2211--,Electric power,2010-12-01,132.0,BLS PCU2211--2211--
ppi,unexposed,PCU2211--2211--,Electric power,2011-01-01,134.3,BLS PCU2211--2211--
ppi,unexposed,PCU2211--2211--,Electric power,2011-02-01,134.9,BLS PCU2211--2211--
ppi,unexposed,PCU2211--2211--,Electric power,2011-03-01,133.2,BLS PCU2211--2211--
ppi,unexposed,PCU2211--2211--,Electric power,2011-04-01,133.5,BLS PCU2211--2211--
ppi,unexposed,PCU2211--2211--,Electric power,2011-05-01,135.4,BLS PCU2211--2211--
ppi,unexposed,PCU2211--2211--,Electric power,2011-06-01,139.7,BLS PCU2211--2211--
ppi,unexposed,PCU2211--2211--,Electric power,2011-07-01,141.8,BLS PCU2211--2211--
ppi,unexposed,PCU2211--2211--,Electric power,2011-08-01,143.4,BLS PCU2211--2211--
ppi,unexposed,PCU2211--2211--,Electric power,2011-09-01,140.7,BLS PCU2211--2211--
ppi,unexposed,PCU2211--2211--,Electric power,2011-10-01,134.2,BLS PCU2211--2211--
ppi,unexposed,PCU2211--2211--,Electric power,2011-11-01,131.6,BLS PCU2211--2211--
ppi,unexposed,PCU2211--2211--,Electric power,2011-12-01,131.9,BLS PCU2211--2211--
ppi,unexposed,PCU2211--2211--,Electric power,2012-01-01,131.0,BLS PCU2211--2211--
ppi,unexposed,PCU2211--2211--,Electric power,2012-02-01,130.5,BLS PCU2211--2211--
ppi,unexposed,PCU2211--2211--,Electric power,2012-03-01,129.1,BLS PCU2211--2211--
ppi,unexposed,PCU2211--2211--,Electric power,2012-04-01,128.8,BLS PCU2211--2211--
ppi,unexposed,PCU2211--2211--,Electric power,2012-05-01,131.6,BLS PCU2211--2211--
ppi,unexposed,PCU2211--2211--,Electric power,2012-06-01,134.5,BLS PCU2211--2211--
ppi,unexposed,PCU2211--2211--,Electric power,2012-07-01,137.9,BLS PCU2211--2211--
ppi,unexposed,PCU2211--2211--,Electric power,2012-08-01,137.9,BLS PCU2211--2211--
ppi,unexposed,PCU2211--2211--,Electric power,2012-09-01,136.9,BLS PCU2211--2211--
ppi,unexposed,PCU2211--2211--,Electric power,2012-10-01,133.6,BLS PCU2211--2211--
ppi,unexposed,PCU2211--2211--,Electric power,2012-11-01,132.9,BLS PCU2211--2211--
ppi,unexposed,PCU2211--2211--,Electric power,2012-12-01,133.9,BLS PCU2211--2211--
ppi,unexposed,PCU2211--2211--,Electric power,2013-01-01,133.4,BLS PCU2211--2211--
ppi,unexposed,PCU2211--2211--,Electric power,2013-02-01,133.5,BLS PCU2211--2211--
ppi,unexposed,PCU2211--2211--,Electric power,2013-03-01,133.4,BLS PCU2211--2211--
ppi,unexposed,PCU2211--2211--,Electric power,2013-04-01,133.7,BLS PCU2211--2211--
ppi,unexposed,PCU2211--2211--,Electric power,2013-05-01,136.8,BLS PCU2211--2211--
ppi,unexposed,PCU2211--2211--,Electric power,2013-06-01,138.5,BLS PCU2211--2211--
ppi,unexposed,PCU2211--2211--,Electric power,2013-07-01,141.3,BLS PCU2211--2211--
ppi,unexposed,PCU2211--2211--,Electric power,2013-08-01,139.5,BLS PCU2211--2211--
ppi,unexposed,PCU2211--2211--,Electric power,2013-09-01,140.8,BLS PCU2211--2211--
ppi,unexposed,PCU2211--2211--,Electric power,2013-10-01,135.8,BLS PCU2211--2211--
ppi,unexposed,PCU2211--2211--,Electric power,2013-11-01,134.8,BLS PCU2211--2211--
ppi,unexposed,PCU2211--2211--,Electric power,2013-12-01,142.1,BLS PCU2211--2211--
ppi,unexposed,PCU2211--2211--,Electric power,2014-01-01,150.6,BLS PCU2211--2211--
ppi,unexposed,PCU2211--2211--,Electric power,2014-02-01,151.5,BLS PCU2211--2211--
ppi,unexposed,PCU2211--2211--,Electric power,2014-03-01,146.8,BLS PCU2211--2211--
ppi,unexposed,PCU2211--2211--,Electric power,2014-04-01,145.1,BLS PCU2211--2211--
ppi,unexposed,PCU2211--2211--,Electric power,2014-05-01,141.6,BLS PCU2211--2211--
ppi,unexposed,PCU2211--2211--,Electric power,2014-06-01,144.9,BLS PCU2211--2211--
ppi,unexposed,PCU2211--2211--,Electric power,2014-07-01,146.4,BLS PCU2211--2211--
ppi,unexposed,PCU2211--2211--,Electric power,2014-08-01,145.9,BLS PCU2211--2211--
ppi,unexposed,PCU2211--2211--,Electric power,2014-09-01,145.6,BLS PCU2211--2211--
ppi,unexposed,PCU2211--2211--,Electric power,2014-10-01,141.4,BLS PCU2211--2211--
ppi,unexposed,PCU2211--2211--,Electric power,2014-11-01,139.2,BLS PCU2211--2211--
ppi,unexposed,PCU2211--2211--,Electric power,2014-12-01,140.1,BLS PCU2211--2211--
ppi,unexposed,PCU2211--2211--,Electric power,2015-01-01,144.3,BLS PCU2211--2211--
ppi,unexposed,PCU2211--2211--,Electric power,2015-02-01,140.1,BLS PCU2211--2211--
ppi,unexposed,PCU2211--2211--,Electric power,2015-03-01,146.4,BLS PCU2211--2211--
ppi,unexposed,PCU2211--2211--,Electric power,2015-04-01,138.8,BLS PCU2211--2211--
ppi,unexposed,PCU2211--2211--,Electric power,2015-05-01,139.2,BLS PCU2211--2211--
ppi,unexposed,PCU2211--2211--,Electric power,2015-06-01,144.9,BLS PCU2211--2211--
ppi,unexposed,PCU2211--2211--,Electric power,2015-07-01,147.7,BLS PCU2211--2211--
ppi,unexposed,PCU2211--2211--,Electric power,2015-08-01,146.7,BLS PCU2211--2211--
ppi,unexposed,PCU2211--2211--,Electric power,2015-09-01,144.9,BLS PCU2211--2211--
ppi,unexposed,PCU2211--2211--,Electric power,2015-10-01,138.7,BLS PCU2211--2211--
ppi,unexposed,PCU2211--2211--,Electric power,2015-11-01,135.9,BLS PCU2211--2211--
ppi,unexposed,PCU2211--2211--,Electric power,2015-12-01,135.8,BLS PCU2211--2211--
ppi,unexposed,PCU2211--2211--,Electric power,2016-01-01,134.9,BLS PCU2211--2211--
ppi,unexposed,PCU2211--2211--,Electric power,2016-02-01,133.9,BLS PCU2211--2211--
ppi,unexposed,PCU2211--2211--,Electric power,2016-03-01,133.7,BLS PCU2211--2211--
ppi,unexposed,PCU2211--2211--,Electric power,2016-04-01,133.1,BLS PCU2211--2211--
ppi,unexposed,PCU2211--2211--,Electric power,2016-05-01,134.5,BLS PCU2211--2211--
ppi,unexposed,PCU2211--2211--,Electric power,2016-06-01,140.4,BLS PCU2211--2211--
ppi,unexposed,PCU2211--2211--,Electric power,2016-07-01,142.2,BLS PCU2211--2211--
ppi,unexposed,PCU2211--2211--,Electric power,2016-08-01,143.8,BLS PCU2211--2211--
ppi,unexposed,PCU2211--2211--,Electric power,2016-09-01,143.1,BLS PCU2211--2211--
ppi,unexposed,PCU2211--2211--,Electric power,2016-10-01,138.1,BLS PCU2211--2211--
ppi,unexposed,PCU2211--2211--,Electric power,2016-11-01,135.6,BLS PCU2211--2211--
ppi,unexposed,PCU2211--2211--,Electric power,2016-12-01,137.6,BLS PCU2211--2211--
ppi,unexposed,PCU2211--2211--,Electric power,2017-01-01,141.0,BLS PCU2211--2211--
ppi,unexposed,PCU2211--2211--,Electric power,2017-02-01,140.6,BLS PCU2211--2211--
ppi,unexposed,PCU2211--2211--,Electric power,2017-03-01,140.5,BLS PCU2211--2211--
ppi,unexposed,PCU2211--2211--,Electric power,2017-04-01,140.2,BLS PCU2211--2211--
ppi,unexposed,PCU2211--2211--,Electric power,2017-05-01,141.1,BLS PCU2211--2211--
ppi,unexposed,PCU2211--2211--,Electric power,2017-06-01,145.5,BLS PCU2211--2211--
ppi,unexposed,PCU2211--2211--,Electric power,2017-07-01,147.7,BLS PCU2211--2211--
ppi,unexposed,PCU2211--2211--,Electric power,2017-08-01,147.7,BLS PCU2211--2211--
ppi,unexposed,PCU2211--2211--,Electric power,2017-09-01,147.2,BLS PCU2211--2211--
ppi,unexposed,PCU2211--2211--,Electric power,2017-10-01,142.8,BLS PCU2211--2211--
ppi,unexposed,PCU2211--2211--,Electric power,2017-11-01,141.0,BLS PCU2211--2211--
ppi,unexposed,PCU2211--2211--,Electric power,2017-12-01,140.9,BLS PCU2211--2211--
ppi,unexposed,PCU2211--2211--,Electric power,2018-01-01,150.8,BLS PCU2211--2211--
ppi,unexposed,PCU2211--2211--,Electric power,2018-02-01,145.2,BLS PCU2211--2211--
ppi,unexposed,PCU2211--2211--,Electric power,2018-03-01,142.5,BLS PCU2211--2211--
ppi,unexposed,PCU2211--2211--,Electric power,2018-04-01,143.0,BLS PCU2211--2211--
ppi,unexposed,PCU2211--2211--,Electric power,2018-05-01,143.1,BLS PCU2211--2211--
ppi,unexposed,PCU2211--2211--,Electric power,2018-06-01,149.4,BLS PCU2211--2211--
ppi,unexposed,PCU2211--2211--,Electric power,2018-07-01,152.6,BLS PCU2211--2211--
ppi,unexposed,PCU2211--2211--,Electric power,2018-08-01,158.5,BLS PCU2211--2211--
ppi,unexposed,PCU2211--2211--,Electric power,2018-09-01,150.0,BLS PCU2211--2211--
ppi,unexposed,PCU2211--2211--,Electric power,2018-10-01,148.0,BLS PCU2211--2211--
ppi,unexposed,PCU2211--2211--,Electric power,2018-11-01,147.0,BLS PCU2211--2211--
ppi,unexposed,PCU2211--2211--,Electric power,2018-12-01,151.8,BLS PCU2211--2211--
ppi,unexposed,PCU2211--2211--,Electric power,2019-01-01,146.2,BLS PCU2211--2211--
ppi,unexposed,PCU2211--2211--,Electric power,2019-02-01,150.5,BLS PCU2211--2211--
ppi,unexposed,PCU2211--2211--,Electric power,2019-03-01,151.4,BLS PCU2211--2211--
ppi,unexposed,PCU2211--2211--,Electric power,2019-04-01,144.6,BLS PCU2211--2211--
ppi,unexposed,PCU2211--2211--,Electric power,2019-05-01,145.3,BLS PCU2211--2211--
ppi,unexposed,PCU2211--2211--,Electric power,2019-06-01,151.3,BLS PCU2211--2211--
ppi,unexposed,PCU2211--2211--,Electric power,2019-07-01,151.8,BLS PCU2211--2211--
ppi,unexposed,PCU2211--2211--,Electric power,2019-08-01,161.5,BLS PCU2211--2211--
ppi,unexposed,PCU2211--2211--,Electric power,2019-09-01,160.8,BLS PCU2211--2211--
ppi,unexposed,PCU2211--2211--,Electric power,2019-10-01,147.1,BLS PCU2211--2211--
ppi,unexposed,PCU2211--2211--,Electric power,2019-11-01,146.0,BLS PCU2211--2211--
ppi,unexposed,PCU2211--2211--,Electric power,2019-12-01,143.2,BLS PCU2211--2211--
ppi,unexposed,PCU2211--2211--,Electric power,2020-01-01,142.5,BLS PCU2211--2211--
ppi,unexposed,PCU2211--2211--,Electric power,2020-02-01,140.9,BLS PCU2211--2211--
ppi,unexposed,PCU2211--2211--,Electric power,2020-03-01,140.3,BLS PCU2211--2211--
ppi,unexposed,PCU2211--2211--,Electric power,2020-04-01,139.1,BLS PCU2211--2211--
ppi,unexposed,PCU2211--2211--,Electric power,2020-05-01,139.5,BLS PCU2211--2211--
ppi,unexposed,PCU2211--2211--,Electric power,2020-06-01,146.4,BLS PCU2211--2211--
ppi,unexposed,PCU2211--2211--,Electric power,2020-07-01,149.6,BLS PCU2211--2211--
ppi,unexposed,PCU2211--2211--,Electric power,2020-08-01,155.8,BLS PCU2211--2211--
ppi,unexposed,PCU2211--2211--,Electric power,2020-09-01,153.0,BLS PCU2211--2211--
ppi,unexposed,PCU2211--2211--,Electric power,2020-10-01,148.0,BLS PCU2211--2211--
ppi,unexposed,PCU2211--2211--,Electric power,2020-11-01,148.0,BLS PCU2211--2211--
ppi,unexposed,PCU2211--2211--,Electric power,2020-12-01,146.2,BLS PCU2211--2211--
ppi,unexposed,PCU2211--2211--,Electric power,2021-01-01,146.0,BLS PCU2211--2211--
ppi,unexposed,PCU2211--2211--,Electric power,2021-02-01,328.0,BLS PCU2211--2211--
ppi,unexposed,PCU2211--2211--,Electric power,2021-03-01,156.6,BLS PCU2211--2211--
ppi,unexposed,PCU2211--2211--,Electric power,2021-04-01,149.3,BLS PCU2211--2211--
ppi,unexposed,PCU2211--2211--,Electric power,2021-05-01,151.4,BLS PCU2211--2211--
ppi,unexposed,PCU2211--2211--,Electric power,2021-06-01,166.7,BLS PCU2211--2211--
ppi,unexposed,PCU2211--2211--,Electric power,2021-07-01,169.853,BLS PCU2211--2211--
ppi,unexposed,PCU2211--2211--,Electric power,2021-08-01,172.716,BLS PCU2211--2211--
ppi,unexposed,PCU2211--2211--,Electric power,2021-09-01,174.885,BLS PCU2211--2211--
ppi,unexposed,PCU2211--2211--,Electric power,2021-10-01,174.986,BLS PCU2211--2211--
ppi,unexposed,PCU2211--2211--,Electric power,2021-11-01,171.814,BLS PCU2211--2211--
ppi,unexposed,PCU2211--2211--,Electric power,2021-12-01,165.075,BLS PCU2211--2211--
ppi,unexposed,PCU2211--2211--,Electric power,2022-01-01,169.035,BLS PCU2211--2211--
ppi,unexposed,PCU2211--2211--,Electric power,2022-02-01,172.565,BLS PCU2211--2211--
ppi,unexposed,PCU2211--2211--,Electric power,2022-03-01,171.985,BLS PCU2211--2211--
ppi,unexposed,PCU2211--2211--,Electric power,2022-04-01,180.101,BLS PCU2211--2211--
ppi,unexposed,PCU2211--2211--,Electric power,2022-05-01,209.113,BLS PCU2211--2211--
ppi,unexposed,PCU2211--2211--,Electric power,2022-06-01,206.148,BLS PCU2211--2211--
ppi,unexposed,PCU2211--2211--,Electric power,2022-07-01,224.432,BLS PCU2211--2211--
ppi,unexposed,PCU2211--2211--,Electric power,2022-08-01,233.141,BLS PCU2211--2211--
ppi,unexposed,PCU2211--2211--,Electric power,2022-09-01,228.061,BLS PCU2211--2211--
ppi,unexposed,PCU2211--2211--,Electric power,2022-10-01,195.61,BLS PCU2211--2211--
ppi,unexposed,PCU2211--2211--,Electric power,2022-11-01,185.463,BLS PCU2211--2211--
ppi,unexposed,PCU2211--2211--,Electric power,2022-12-01,223.761,BLS PCU2211--2211--
ppi,unexposed,PCU2211--2211--,Electric power,2023-01-01,212.624,BLS PCU2211--2211--
ppi,unexposed,PCU2211--2211--,Electric power,2023-02-01,178.764,BLS PCU2211--2211--
ppi,unexposed,PCU2211--2211--,Electric power,2023-03-01,179.142,BLS PCU2211--2211--
ppi,unexposed,PCU2211--2211--,Electric power,2023-04-01,170.506,BLS PCU2211--2211--
ppi,unexposed,PCU2211--2211--,Electric power,2023-05-01,167.228,BLS PCU2211--2211--
ppi,unexposed,PCU2211--2211--,Electric power,2023-06-01,179.271,BLS PCU2211--2211--
ppi,unexposed,PCU2211--2211--,Electric power,2023-07-01,189.333,BLS PCU2211--2211--
ppi,unexposed,PCU2211--2211--,Electric power,2023-08-01,219.378,BLS PCU2211--2211--
ppi,unexposed,PCU2211--2211--,Electric power,2023-09-01,196.584,BLS PCU2211--2211--
ppi,unexposed,PCU2211--2211--,Electric power,2023-10-01,178.539,BLS PCU2211--2211--
ppi,unexposed,PCU2211--2211--,Electric power,2023-11-01,179.709,BLS PCU2211--2211--
ppi,unexposed,PCU2211--2211--,Electric power,2023-12-01,175.401,BLS PCU2211--2211--
ppi,unexposed,PCU2211--2211--,Electric power,2024-01-01,188.805,BLS PCU2211--2211--
ppi,unexposed,PCU2211--2211--,Electric power,2024-02-01,175.449,BLS PCU2211--2211--
ppi,unexposed,PCU2211--2211--,Electric power,2024-03-01,174.744,BLS PCU2211--2211--
ppi,unexposed,PCU2211--2211--,Electric power,2024-04-01,172.841,BLS PCU2211--2211--
ppi,unexposed,PCU2211--2211--,Electric power,2024-05-01,178.4,BLS PCU2211--2211--
ppi,unexposed,PCU2211--2211--,Electric power,2024-06-01,186.396,BLS PCU2211--2211--
ppi,unexposed,PCU2211--2211--,Electric power,2024-07-01,191.102,BLS PCU2211--2211--
ppi,unexposed,PCU2211--2211--,Electric power,2024-08-01,188.11,BLS PCU2211--2211--
ppi,unexposed,PCU2211--2211--,Electric power,2024-09-01,186.998,BLS PCU2211--2211--
ppi,unexposed,PCU2211--2211--,Electric power,2024-10-01,181.307,BLS PCU2211--2211--
ppi,unexposed,PCU2211--2211--,Electric power,2024-11-01,172.83,BLS PCU2211--2211--
ppi,unexposed,PCU2211--2211--,Electric power,2024-12-01,179.844,BLS PCU2211--2211--
ppi,unexposed,PCU2211--2211--,Electric power,2025-01-01,182.169,BLS PCU2211--2211--
ppi,unexposed,PCU2211--2211--,Electric power,2025-02-01,185.358,BLS PCU2211--2211--
ppi,unexposed,PCU2211--2211--,Electric power,2025-03-01,182.607,BLS PCU2211--2211--
ppi,unexposed,PCU2211--2211--,Electric power,2025-04-01,182.008,BLS PCU2211--2211--
ppi,unexposed,PCU2211--2211--,Electric power,2025-05-01,181.577,BLS PCU2211--2211--
ppi,unexposed,PCU2211--2211--,Electric power,2025-06-01,193.149,BLS PCU2211--2211--
ppi,unexposed,PCU2211--2211--,Electric power,2025-07-01,199.197,BLS PCU2211--2211--
ppi,unexposed,PCU2211--2211--,Electric power,2025-08-01,197.831,BLS PCU2211--2211--
ppi,unexposed,PCU2211--2211--,Electric power,2025-09-01,195.356,BLS PCU2211--2211--
ppi,unexposed,PCU2211--2211--,Electric power,2025-10-01,190.18,BLS PCU2211--2211--
ppi,unexposed,PCU2211--2211--,Electric power,2025-11-01,189.785,BLS PCU2211--2211--
ppi,unexposed,PCU2211--2211--,Electric power,2025-12-01,196.463,BLS PCU2211--2211--
ppi,unexposed,PCU2211--2211--,Electric power,2026-01-01,191.153,BLS PCU2211--2211--
ppi,unexposed,PCU2211--2211--,Electric power,2026-02-01,203.935,BLS PCU2211--2211--
ppi,unexposed,PCU2211--2211--,Electric power,2026-03-01,182.204,BLS PCU2211--2211--
ppi,unexposed,PCU2211--2211--,Electric power,2026-04-01,182.728,BLS PCU2211--2211--
ppi,unexposed,PCU2211--2211--,Electric power,2026-05-01,182.279,BLS PCU2211--2211--
ppi,unexposed,PCU2211--2211--,Electric power,2026-06-01,194.884,BLS PCU2211--2211--
ppi,unexposed,PCU2211--2211--,Electric power,2026-07-01,209.703,BLS PCU2211--2211--
ppi,unexposed,PCU2211--2211--,Electric power,2026-08-01,203.482,BLS PCU2211--2211--
ppi,unexposed,PCU484---484---,Truck transportation,2007-01-01,113.8,BLS PCU484---484---
ppi,unexposed,PCU484---484---,Truck transportation,2007-02-01,113.5,BLS PCU484---484---
ppi,unexposed,PCU484---484---,Truck transportation,2007-03-01,114.0,BLS PCU484---484---
ppi,unexposed,PCU484---484---,Truck transportation,2007-04-01,115.0,BLS PCU484---484---
ppi,unexposed,PCU484---484---,Truck transportation,2007-05-01,115.4,BLS PCU484---484---
ppi,unexposed,PCU484---484---,Truck transportation,2007-06-01,115.5,BLS PCU484---484---
ppi,unexposed,PCU484---484---,Truck transportation,2007-07-01,115.3,BLS PCU484---484---
ppi,unexposed,PCU484---484---,Truck transportation,2007-08-01,115.5,BLS PCU484---484---
ppi,unexposed,PCU484---484---,Truck transportation,2007-09-01,115.5,BLS PCU484---484---
ppi,unexposed,PCU484---484---,Truck transportation,2007-10-01,116.1,BLS PCU484---484---
ppi,unexposed,PCU484---484---,Truck transportation,2007-11-01,117.1,BLS PCU484---484---
ppi,unexposed,PCU484---484---,Truck transportation,2007-12-01,117.8,BLS PCU484---484---
ppi,unexposed,PCU484---484---,Truck transportation,2008-01-01,119.0,BLS PCU484---484---
ppi,unexposed,PCU484---484---,Truck transportation,2008-02-01,119.3,BLS PCU484---484---
ppi,unexposed,PCU484---484---,Truck transportation,2008-03-01,121.0,BLS PCU484---484---
ppi,unexposed,PCU484---484---,Truck transportation,2008-04-01,122.4,BLS PCU484---484---
ppi,unexposed,PCU484---484---,Truck transportation,2008-05-01,124.5,BLS PCU484---484---
ppi,unexposed,PCU484---484---,Truck transportation,2008-06-01,126.6,BLS PCU484---484---
ppi,unexposed,PCU484---484---,Truck transportation,2008-07-01,127.1,BLS PCU484---484---
ppi,unexposed,PCU484---484---,Truck transportation,2008-08-01,126.6,BLS PCU484---484---
ppi,unexposed,PCU484---484---,Truck transportation,2008-09-01,125.3,BLS PCU484---484---
ppi,unexposed,PCU484---484---,Truck transportation,2008-10-01,124.2,BLS PCU484---484---
ppi,unexposed,PCU484---484---,Truck transportation,2008-11-01,121.4,BLS PCU484---484---
ppi,unexposed,PCU484---484---,Truck transportation,2008-12-01,119.1,BLS PCU484---484---
ppi,unexposed,PCU484---484---,Truck transportation,2009-01-01,118.5,BLS PCU484---484---
ppi,unexposed,PCU484---484---,Truck transportation,2009-02-01,117.7,BLS PCU484---484---
ppi,unexposed,PCU484---484---,Truck transportation,2009-03-01,116.1,BLS PCU484---484---
ppi,unexposed,PCU484---484---,Truck transportation,2009-04-01,116.5,BLS PCU484---484---
ppi,unexposed,PCU484---484---,Truck transportation,2009-05-01,116.7,BLS PCU484---484---
ppi,unexposed,PCU484---484---,Truck transportation,2009-06-01,117.1,BLS PCU484---484---
ppi,unexposed,PCU484---484---,Truck transportation,2009-07-01,117.6,BLS PCU484---484---
ppi,unexposed,PCU484---484---,Truck transportation,2009-08-01,117.5,BLS PCU484---484---
ppi,unexposed,PCU484---484---,Truck transportation,2009-09-01,117.8,BLS PCU484---484---
ppi,unexposed,PCU484---484---,Truck transportation,2009-10-01,117.4,BLS PCU484---484---
ppi,unexposed,PCU484---484---,Truck transportation,2009-11-01,117.8,BLS PCU484---484---
ppi,unexposed,PCU484---484---,Truck transportation,2009-12-01,117.2,BLS PCU484---484---
ppi,unexposed,PCU484---484---,Truck transportation,2010-01-01,117.3,BLS PCU484---484---
ppi,unexposed,PCU484---484---,Truck transportation,2010-02-01,117.6,BLS PCU484---484---
ppi,unexposed,PCU484---484---,Truck transportation,2010-03-01,118.5,BLS PCU484---484---
ppi,unexposed,PCU484---484---,Truck transportation,2010-04-01,118.9,BLS PCU484---484---
ppi,unexposed,PCU484---484---,Truck transportation,2010-05-01,119.5,BLS PCU484---484---
ppi,unexposed,PCU484---484---,Truck transportation,2010-06-01,119.4,BLS PCU484---484---
ppi,unexposed,PCU484---484---,Truck transportation,2010-07-01,119.3,BLS PCU484---484---
ppi,unexposed,PCU484---484---,Truck transportation,2010-08-01,119.4,BLS PCU484---484---
ppi,unexposed,PCU484---484---,Truck transportation,2010-09-01,119.6,BLS PCU484---484---
ppi,unexposed,PCU484---484---,Truck transportation,2010-10-01,120.1,BLS PCU484---484---
ppi,unexposed,PCU484---484---,Truck transportation,2010-11-01,121.3,BLS PCU484---484---
ppi,unexposed,PCU484---484---,Truck transportation,2010-12-01,121.4,BLS PCU484---484---
ppi,unexposed,PCU484---484---,Truck transportation,2011-01-01,122.2,BLS PCU484---484---
ppi,unexposed,PCU484---484---,Truck transportation,2011-02-01,123.7,BLS PCU484---484---
ppi,unexposed,PCU484---484---,Truck transportation,2011-03-01,125.1,BLS PCU484---484---
ppi,unexposed,PCU484---484---,Truck transportation,2011-04-01,126.6,BLS PCU484---484---
ppi,unexposed,PCU484---484---,Truck transportation,2011-05-01,127.4,BLS PCU484---484---
ppi,unexposed,PCU484---484---,Truck transportation,2011-06-01,126.9,BLS PCU484---484---
ppi,unexposed,PCU484---484---,Truck transportation,2011-07-01,126.7,BLS PCU484---484---
ppi,unexposed,PCU484---484---,Truck transportation,2011-08-01,126.7,BLS PCU484---484---
ppi,unexposed,PCU484---484---,Truck transportation,2011-09-01,127.5,BLS PCU484---484---
ppi,unexposed,PCU484---484---,Truck transportation,2011-10-01,127.5,BLS PCU484---484---
ppi,unexposed,PCU484---484---,Truck transportation,2011-11-01,128.1,BLS PCU484---484---
ppi,unexposed,PCU484---484---,Truck transportation,2011-12-01,128.2,BLS PCU484---484---
ppi,unexposed,PCU484---484---,Truck transportation,2012-01-01,128.7,BLS PCU484---484---
ppi,unexposed,PCU484---484---,Truck transportation,2012-02-01,129.1,BLS PCU484---484---
ppi,unexposed,PCU484---484---,Truck transportation,2012-03-01,130.5,BLS PCU484---484---
ppi,unexposed,PCU484---484---,Truck transportation,2012-04-01,130.9,BLS PCU484---484---
ppi,unexposed,PCU484---484---,Truck transportation,2012-05-01,130.8,BLS PCU484---484---
ppi,unexposed,PCU484---484---,Truck transportation,2012-06-01,130.0,BLS PCU484---484---
ppi,unexposed,PCU484---484---,Truck transportation,2012-07-01,130.0,BLS PCU484---484---
ppi,unexposed,PCU484---484---,Truck transportation,2012-08-01,131.2,BLS PCU484---484---
ppi,unexposed,PCU484---484---,Truck transportation,2012-09-01,132.1,BLS PCU484---484---
ppi,unexposed,PCU484---484---,Truck transportation,2012-10-01,132.2,BLS PCU484---484---
ppi,unexposed,PCU484---484---,Truck transportation,2012-11-01,132.1,BLS PCU484---484---
ppi,unexposed,PCU484---484---,Truck transportation,2012-12-01,132.2,BLS PCU484---484---
ppi,unexposed,PCU484---484---,Truck transportation,2013-01-01,131.8,BLS PCU484---484---
ppi,unexposed,PCU484---484---,Truck transportation,2013-02-01,132.4,BLS PCU484---484---
ppi,unexposed,PCU484---484---,Truck transportation,2013-03-01,132.9,BLS PCU484---484---
ppi,unexposed,PCU484---484---,Truck transportation,2013-04-01,132.2,BLS PCU484---484---
ppi,unexposed,PCU484---484---,Truck transportation,2013-05-01,132.2,BLS PCU484---484---
ppi,unexposed,PCU484---484---,Truck transportation,2013-06-01,132.8,BLS PCU484---484---
ppi,unexposed,PCU484---484---,Truck transportation,2013-07-01,132.7,BLS PCU484---484---
ppi,unexposed,PCU484---484---,Truck transportation,2013-08-01,132.9,BLS PCU484---484---
ppi,unexposed,PCU484---484---,Truck transportation,2013-09-01,132.9,BLS PCU484---484---
ppi,unexposed,PCU484---484---,Truck transportation,2013-10-01,133.0,BLS PCU484---484---
ppi,unexposed,PCU484---484---,Truck transportation,2013-11-01,133.0,BLS PCU484---484---
ppi,unexposed,PCU484---484---,Truck transportation,2013-12-01,133.3,BLS PCU484---484---
ppi,unexposed,PCU484---484---,Truck transportation,2014-01-01,133.5,BLS PCU484---484---
ppi,unexposed,PCU484---484---,Truck transportation,2014-02-01,133.5,BLS PCU484---484---
ppi,unexposed,PCU484---484---,Truck transportation,2014-03-01,134.0,BLS PCU484---484---
ppi,unexposed,PCU484---484---,Truck transportation,2014-04-01,135.0,BLS PCU484---484---
ppi,unexposed,PCU484---484---,Truck transportation,2014-05-01,135.7,BLS PCU484---484---
ppi,unexposed,PCU484---484---,Truck transportation,2014-06-01,135.8,BLS PCU484---484---
ppi,unexposed,PCU484---484---,Truck transportation,2014-07-01,135.8,BLS PCU484---484---
ppi,unexposed,PCU484---484---,Truck transportation,2014-08-01,135.8,BLS PCU484---484---
ppi,unexposed,PCU484---484---,Truck transportation,2014-09-01,135.3,BLS PCU484---484---
ppi,unexposed,PCU484---484---,Truck transportation,2014-10-01,134.8,BLS PCU484---484---
ppi,unexposed,PCU484---484---,Truck transportation,2014-11-01,134.7,BLS PCU484---484---
ppi,unexposed,PCU484---484---,Truck transportation,2014-12-01,134.5,BLS PCU484---484---
ppi,unexposed,PCU484---484---,Truck transportation,2015-01-01,133.0,BLS PCU484---484---
ppi,unexposed,PCU484---484---,Truck transportation,2015-02-01,132.1,BLS PCU484---484---
ppi,unexposed,PCU484---484---,Truck transportation,2015-03-01,132.6,BLS PCU484---484---
ppi,unexposed,PCU484---484---,Truck transportation,2015-04-01,132.3,BLS PCU484---484---
ppi,unexposed,PCU484---484---,Truck transportation,2015-05-01,132.9,BLS PCU484---484---
ppi,unexposed,PCU484---484---,Truck transportation,2015-06-01,133.0,BLS PCU484---484---
ppi,unexposed,PCU484---484---,Truck transportation,2015-07-01,132.9,BLS PCU484---484---
ppi,unexposed,PCU484---484---,Truck transportation,2015-08-01,132.2,BLS PCU484---484---
ppi,unexposed,PCU484---484---,Truck transportation,2015-09-01,131.8,BLS PCU484---484---
ppi,unexposed,PCU484---484---,Truck transportation,2015-10-01,131.4,BLS PCU484---484---
ppi,unexposed,PCU484---484---,Truck transportation,2015-11-01,132.1,BLS PCU484---484---
ppi,unexposed,PCU484---484---,Truck transportation,2015-12-01,131.7,BLS PCU484---484---
ppi,unexposed,PCU484---484---,Truck transportation,2016-01-01,131.8,BLS PCU484---484---
ppi,unexposed,PCU484---484---,Truck transportation,2016-02-01,131.3,BLS PCU484---484---
ppi,unexposed,PCU484---484---,Truck transportation,2016-03-01,131.0,BLS PCU484---484---
ppi,unexposed,PCU484---484---,Truck transportation,2016-04-01,131.3,BLS PCU484---484---
ppi,unexposed,PCU484---484---,Truck transportation,2016-05-01,131.3,BLS PCU484---484---
ppi,unexposed,PCU484---484---,Truck transportation,2016-06-01,131.0,BLS PCU484---484---
ppi,unexposed,PCU484---484---,Truck transportation,2016-07-01,131.3,BLS PCU484---484---
ppi,unexposed,PCU484---484---,Truck transportation,2016-08-01,131.2,BLS PCU484---484---
ppi,unexposed,PCU484---484---,Truck transportation,2016-09-01,130.9,BLS PCU484---484---
ppi,unexposed,PCU484---484---,Truck transportation,2016-10-01,131.8,BLS PCU484---484---
ppi,unexposed,PCU484---484---,Truck transportation,2016-11-01,132.0,BLS PCU484---484---
ppi,unexposed,PCU484---484---,Truck transportation,2016-12-01,132.2,BLS PCU484---484---
ppi,unexposed,PCU484---484---,Truck transportation,2017-01-01,132.5,BLS PCU484---484---
ppi,unexposed,PCU484---484---,Truck transportation,2017-02-01,132.8,BLS PCU484---484---
ppi,unexposed,PCU484---484---,Truck transportation,2017-03-01,132.6,BLS PCU484---484---
ppi,unexposed,PCU484---484---,Truck transportation,2017-04-01,132.8,BLS PCU484---484---
ppi,unexposed,PCU484---484---,Truck transportation,2017-05-01,133.2,BLS PCU484---484---
ppi,unexposed,PCU484---484---,Truck transportation,2017-06-01,133.3,BLS PCU484---484---
ppi,unexposed,PCU484---484---,Truck transportation,2017-07-01,133.7,BLS PCU484---484---
ppi,unexposed,PCU484---484---,Truck transportation,2017-08-01,134.8,BLS PCU484---484---
ppi,unexposed,PCU484---484---,Truck transportation,2017-09-01,135.9,BLS PCU484---484---
ppi,unexposed,PCU484---484---,Truck transportation,2017-10-01,135.8,BLS PCU484---484---
ppi,unexposed,PCU484---484---,Truck transportation,2017-11-01,137.0,BLS PCU484---484---
ppi,unexposed,PCU484---484---,Truck transportation,2017-12-01,137.9,BLS PCU484---484---
ppi,unexposed,PCU484---484---,Truck transportation,2018-01-01,138.7,BLS PCU484---484---
ppi,unexposed,PCU484---484---,Truck transportation,2018-02-01,139.5,BLS PCU484---484---
ppi,unexposed,PCU484---484---,Truck transportation,2018-03-01,139.6,BLS PCU484---484---
ppi,unexposed,PCU484---484---,Truck transportation,2018-04-01,140.1,BLS PCU484---484---
ppi,unexposed,PCU484---484---,Truck transportation,2018-05-01,141.5,BLS PCU484---484---
ppi,unexposed,PCU484---484---,Truck transportation,2018-06-01,143.4,BLS PCU484---484---
ppi,unexposed,PCU484---484---,Truck transportation,2018-07-01,144.3,BLS PCU484---484---
ppi,unexposed,PCU484---484---,Truck transportation,2018-08-01,144.6,BLS PCU484---484---
ppi,unexposed,PCU484---484---,Truck transportation,2018-09-01,145.5,BLS PCU484---484---
ppi,unexposed,PCU484---484---,Truck transportation,2018-10-01,146.8,BLS PCU484---484---
ppi,unexposed,PCU484---484---,Truck transportation,2018-11-01,146.9,BLS PCU484---484---
ppi,unexposed,PCU484---484---,Truck transportation,2018-12-01,146.9,BLS PCU484---484---
ppi,unexposed,PCU484---484---,Truck transportation,2019-01-01,147.1,BLS PCU484---484---
ppi,unexposed,PCU484---484---,Truck transportation,2019-02-01,146.6,BLS PCU484---484---
ppi,unexposed,PCU484---484---,Truck transportation,2019-03-01,146.3,BLS PCU484---484---
ppi,unexposed,PCU484---484---,Truck transportation,2019-04-01,145.8,BLS PCU484---484---
ppi,unexposed,PCU484---484---,Truck transportation,2019-05-01,146.8,BLS PCU484---484---
ppi,unexposed,PCU484---484---,Truck transportation,2019-06-01,147.1,BLS PCU484---484---
ppi,unexposed,PCU484---484---,Truck transportation,2019-07-01,146.4,BLS PCU484---484---
ppi,unexposed,PCU484---484---,Truck transportation,2019-08-01,146.3,BLS PCU484---484---
ppi,unexposed,PCU484---484---,Truck transportation,2019-09-01,146.0,BLS PCU484---484---
ppi,unexposed,PCU484---484---,Truck transportation,2019-10-01,146.2,BLS PCU484---484---
ppi,unexposed,PCU484---484---,Truck transportation,2019-11-01,147.7,BLS PCU484---484---
ppi,unexposed,PCU484---484---,Truck transportation,2019-12-01,147.5,BLS PCU484---484---
ppi,unexposed,PCU484---484---,Truck transportation,2020-01-01,146.9,BLS PCU484---484---
ppi,unexposed,PCU484---484---,Truck transportation,2020-02-01,146.7,BLS PCU484---484---
ppi,unexposed,PCU484---484---,Truck transportation,2020-03-01,145.7,BLS PCU484---484---
ppi,unexposed,PCU484---484---,Truck transportation,2020-04-01,143.7,BLS PCU484---484---
ppi,unexposed,PCU484---484---,Truck transportation,2020-05-01,140.6,BLS PCU484---484---
ppi,unexposed,PCU484---484---,Truck transportation,2020-06-01,142.1,BLS PCU484---484---
ppi,unexposed,PCU484---484---,Truck transportation,2020-07-01,145.0,BLS PCU484---484---
ppi,unexposed,PCU484---484---,Truck transportation,2020-08-01,145.4,BLS PCU484---484---
ppi,unexposed,PCU484---484---,Truck transportation,2020-09-01,146.0,BLS PCU484---484---
ppi,unexposed,PCU484---484---,Truck transportation,2020-10-01,148.4,BLS PCU484---484---
ppi,unexposed,PCU484---484---,Truck transportation,2020-11-01,150.0,BLS PCU484---484---
ppi,unexposed,PCU484---484---,Truck transportation,2020-12-01,151.0,BLS PCU484---484---
ppi,unexposed,PCU484---484---,Truck transportation,2021-01-01,151.8,BLS PCU484---484---
ppi,unexposed,PCU484---484---,Truck transportation,2021-02-01,154.5,BLS PCU484---484---
ppi,unexposed,PCU484---484---,Truck transportation,2021-03-01,157.4,BLS PCU484---484---
ppi,unexposed,PCU484---484---,Truck transportation,2021-04-01,159.9,BLS PCU484---484---
ppi,unexposed,PCU484---484---,Truck transportation,2021-05-01,162.6,BLS PCU484---484---
ppi,unexposed,PCU484---484---,Truck transportation,2021-06-01,163.4,BLS PCU484---484---
ppi,unexposed,PCU484---484---,Truck transportation,2021-07-01,163.969,BLS PCU484---484---
ppi,unexposed,PCU484---484---,Truck transportation,2021-08-01,166.08,BLS PCU484---484---
ppi,unexposed,PCU484---484---,Truck transportation,2021-09-01,168.53,BLS PCU484---484---
ppi,unexposed,PCU484---484---,Truck transportation,2021-10-01,171.823,BLS PCU484---484---
ppi,unexposed,PCU484---484---,Truck transportation,2021-11-01,177.063,BLS PCU484---484---
ppi,unexposed,PCU484---484---,Truck transportation,2021-12-01,179.575,BLS PCU484---484---
ppi,unexposed,PCU484---484---,Truck transportation,2022-01-01,185.887,BLS PCU484---484---
ppi,unexposed,PCU484---484---,Truck transportation,2022-02-01,190.459,BLS PCU484---484---
ppi,unexposed,PCU484---484---,Truck transportation,2022-03-01,198.15,BLS PCU484---484---
ppi,unexposed,PCU484---484---,Truck transportation,2022-04-01,200.798,BLS PCU484---484---
ppi,unexposed,PCU484---484---,Truck transportation,2022-05-01,203.759,BLS PCU484---484---
ppi,unexposed,PCU484---484---,Truck transportation,2022-06-01,202.669,BLS PCU484---484---
ppi,unexposed,PCU484---484---,Truck transportation,2022-07-01,202.126,BLS PCU484---484---
ppi,unexposed,PCU484---484---,Truck transportation,2022-08-01,198.87,BLS PCU484---484---
ppi,unexposed,PCU484---484---,Truck transportation,2022-09-01,197.733,BLS PCU484---484---
ppi,unexposed,PCU484---484---,Truck transportation,2022-10-01,196.905,BLS PCU484---484---
ppi,unexposed,PCU484---484---,Truck transportation,2022-11-01,197.51,BLS PCU484---484---
ppi,unexposed,PCU484---484---,Truck transportation,2022-12-01,196.307,BLS PCU484---484---
ppi,unexposed,PCU484---484---,Truck transportation,2023-01-01,191.078,BLS PCU484---484---
ppi,unexposed,PCU484---484---,Truck transportation,2023-02-01,193.339,BLS PCU484---484---
ppi,unexposed,PCU484---484---,Truck transportation,2023-03-01,194.625,BLS PCU484---484---
ppi,unexposed,PCU484---484---,Truck transportation,2023-04-01,185.833,BLS PCU484---484---
ppi,unexposed,PCU484---484---,Truck transportation,2023-05-01,189.015,BLS PCU484---484---
ppi,unexposed,PCU484---484---,Truck transportation,2023-06-01,187.623,BLS PCU484---484---
ppi,unexposed,PCU484---484---,Truck transportation,2023-07-01,182.644,BLS PCU484---484---
ppi,unexposed,PCU484---484---,Truck transportation,2023-08-01,181.217,BLS PCU484---484---
ppi,unexposed,PCU484---484---,Truck transportation,2023-09-01,185.925,BLS PCU484---484---
ppi,unexposed,PCU484---484---,Truck transportation,2023-10-01,186.91,BLS PCU484---484---
ppi,unexposed,PCU484---484---,Truck transportation,2023-11-01,187.062,BLS PCU484---484---
ppi,unexposed,PCU484---484---,Truck transportation,2023-12-01,183.079,BLS PCU484---484---
ppi,unexposed,PCU484---484---,Truck transportation,2024-01-01,184.262,BLS PCU484---484---
ppi,unexposed,PCU484---484---,Truck transportation,2024-02-01,184.65,BLS PCU484---484---
ppi,unexposed,PCU484---484---,Truck transportation,2024-03-01,182.824,BLS PCU484---484---
ppi,unexposed,PCU484---484---,Truck transportation,2024-04-01,183.711,BLS PCU484---484---
ppi,unexposed,PCU484---484---,Truck transportation,2024-05-01,187.023,BLS PCU484---484---
ppi,unexposed,PCU484---484---,Truck transportation,2024-06-01,186.97,BLS PCU484---484---
ppi,unexposed,PCU484---484---,Truck transportation,2024-07-01,191.387,BLS PCU484---484---
ppi,unexposed,PCU484---484---,Truck transportation,2024-08-01,185.349,BLS PCU484---484---
ppi,unexposed,PCU484---484---,Truck transportation,2024-09-01,182.892,BLS PCU484---484---
ppi,unexposed,PCU484---484---,Truck transportation,2024-10-01,180.186,BLS PCU484---484---
ppi,unexposed,PCU484---484---,Truck transportation,2024-11-01,177.704,BLS PCU484---484---
ppi,unexposed,PCU484---484---,Truck transportation,2024-12-01,182.528,BLS PCU484---484---
ppi,unexposed,PCU484---484---,Truck transportation,2025-01-01,188.648,BLS PCU484---484---
ppi,unexposed,PCU484---484---,Truck transportation,2025-02-01,187.867,BLS PCU484---484---
ppi,unexposed,PCU484---484---,Truck transportation,2025-03-01,181.628,BLS PCU484---484---
ppi,unexposed,PCU484---484---,Truck transportation,2025-04-01,185.71,BLS PCU484---484---
ppi,unexposed,PCU484---484---,Truck transportation,2025-05-01,187.171,BLS PCU484---484---
ppi,unexposed,PCU484---484---,Truck transportation,2025-06-01,183.558,BLS PCU484---484---
ppi,unexposed,PCU484---484---,Truck transportation,2025-07-01,189.746,BLS PCU484---484---
ppi,unexposed,PCU484---484---,Truck transportation,2025-08-01,191.057,BLS PCU484---484---
ppi,unexposed,PCU484---484---,Truck transportation,2025-09-01,192.514,BLS PCU484---484---
ppi,unexposed,PCU484---484---,Truck transportation,2025-10-01,191.949,BLS PCU484---484---
ppi,unexposed,PCU484---484---,Truck transportation,2025-11-01,193.999,BLS PCU484---484---
ppi,unexposed,PCU484---484---,Truck transportation,2025-12-01,190.449,BLS PCU484---484---
ppi,unexposed,PCU484---484---,Truck transportation,2026-01-01,191.864,BLS PCU484---484---
ppi,unexposed,PCU484---484---,Truck transportation,2026-02-01,192.918,BLS PCU484---484---
ppi,unexposed,PCU484---484---,Truck transportation,2026-03-01,198.245,BLS PCU484---484---
ppi,unexposed,PCU484---484---,Truck transportation,2026-04-01,209.405,BLS PCU484---484---
ppi,unexposed,PCU484---484---,Truck transportation,2026-05-01,212.612,BLS PCU484---484---
ppi,unexposed,PCU484---484---,Truck transportation,2026-06-01,210.075,BLS PCU484---484---
ppi,unexposed,PCU484---484---,Truck transportation,2026-07-01,209.232,BLS PCU484---484---
ppi,unexposed,PCU484---484---,Truck transportation,2026-08-01,213.299,BLS PCU484---484---
ppi,unexposed,PCU5241--5241--,Insurance carriers,2007-01-01,107.2,BLS PCU5241--5241--
ppi,unexposed,PCU5241--5241--,Insurance carriers,2007-02-01,107.3,BLS PCU5241--5241--
ppi,unexposed,PCU5241--5241--,Insurance carriers,2007-03-01,107.3,BLS PCU5241--5241--
ppi,unexposed,PCU5241--5241--,Insurance carriers,2007-04-01,107.4,BLS PCU5241--5241--
ppi,unexposed,PCU5241--5241--,Insurance carriers,2007-05-01,107.5,BLS PCU5241--5241--
ppi,unexposed,PCU5241--5241--,Insurance carriers,2007-06-01,107.5,BLS PCU5241--5241--
ppi,unexposed,PCU5241--5241--,Insurance carriers,2007-07-01,107.7,BLS PCU5241--5241--
ppi,unexposed,PCU5241--5241--,Insurance carriers,2007-08-01,107.7,BLS PCU5241--5241--
ppi,unexposed,PCU5241--5241--,Insurance carriers,2007-09-01,108.1,BLS PCU5241--5241--
ppi,unexposed,PCU5241--5241--,Insurance carriers,2007-10-01,108.2,BLS PCU5241--5241--
ppi,unexposed,PCU5241--5241--,Insurance carriers,2007-11-01,108.3,BLS PCU5241--5241--
ppi,unexposed,PCU5241--5241--,Insurance carriers,2007-12-01,108.4,BLS PCU5241--5241--
ppi,unexposed,PCU5241--5241--,Insurance carriers,2008-01-01,109.2,BLS PCU5241--5241--
ppi,unexposed,PCU5241--5241--,Insurance carriers,2008-02-01,109.3,BLS PCU5241--5241--
ppi,unexposed,PCU5241--5241--,Insurance carriers,2008-03-01,109.4,BLS PCU5241--5241--
ppi,unexposed,PCU5241--5241--,Insurance carriers,2008-04-01,109.7,BLS PCU5241--5241--
ppi,unexposed,PCU5241--5241--,Insurance carriers,2008-05-01,109.9,BLS PCU5241--5241--
ppi,unexposed,PCU5241--5241--,Insurance carriers,2008-06-01,110.0,BLS PCU5241--5241--
ppi,unexposed,PCU5241--5241--,Insurance carriers,2008-07-01,110.3,BLS PCU5241--5241--
ppi,unexposed,PCU5241--5241--,Insurance carriers,2008-08-01,110.4,BLS PCU5241--5241--
ppi,unexposed,PCU5241--5241--,Insurance carriers,2008-09-01,110.6,BLS PCU5241--5241--
ppi,unexposed,PCU5241--5241--,Insurance carriers,2008-10-01,110.9,BLS PCU5241--5241--
ppi,unexposed,PCU5241--5241--,Insurance carriers,2008-11-01,111.1,BLS PCU5241--5241--
ppi,unexposed,PCU5241--5241--,Insurance carriers,2008-12-01,111.3,BLS PCU5241--5241--
ppi,unexposed,PCU5241--5241--,Insurance carriers,2009-01-01,112.3,BLS PCU5241--5241--
ppi,unexposed,PCU5241--5241--,Insurance carriers,2009-02-01,112.4,BLS PCU5241--5241--
ppi,unexposed,PCU5241--5241--,Insurance carriers,2009-03-01,112.7,BLS PCU5241--5241--
ppi,unexposed,PCU5241--5241--,Insurance carriers,2009-04-01,113.0,BLS PCU5241--5241--
ppi,unexposed,PCU5241--5241--,Insurance carriers,2009-05-01,112.9,BLS PCU5241--5241--
ppi,unexposed,PCU5241--5241--,Insurance carriers,2009-06-01,113.1,BLS PCU5241--5241--
ppi,unexposed,PCU5241--5241--,Insurance carriers,2009-07-01,113.3,BLS PCU5241--5241--
ppi,unexposed,PCU5241--5241--,Insurance carriers,2009-08-01,113.3,BLS PCU5241--5241--
ppi,unexposed,PCU5241--5241--,Insurance carriers,2009-09-01,113.7,BLS PCU5241--5241--
ppi,unexposed,PCU5241--5241--,Insurance carriers,2009-10-01,114.6,BLS PCU5241--5241--
ppi,unexposed,PCU5241--5241--,Insurance carriers,2009-11-01,114.7,BLS PCU5241--5241--
ppi,unexposed,PCU5241--5241--,Insurance carriers,2009-12-01,114.8,BLS PCU5241--5241--
ppi,unexposed,PCU5241--5241--,Insurance carriers,2010-01-01,116.2,BLS PCU5241--5241--
ppi,unexposed,PCU5241--5241--,Insurance carriers,2010-02-01,116.4,BLS PCU5241--5241--
ppi,unexposed,PCU5241--5241--,Insurance carriers,2010-03-01,116.3,BLS PCU5241--5241--
ppi,unexposed,PCU5241--5241--,Insurance carriers,2010-04-01,116.3,BLS PCU5241--5241--
ppi,unexposed,PCU5241--5241--,Insurance carriers,2010-05-01,116.4,BLS PCU5241--5241--
ppi,unexposed,PCU5241--5241--,Insurance carriers,2010-06-01,116.5,BLS PCU5241--5241--
ppi,unexposed,PCU5241--5241--,Insurance carriers,2010-07-01,116.7,BLS PCU5241--5241--
ppi,unexposed,PCU5241--5241--,Insurance carriers,2010-08-01,116.8,BLS PCU5241--5241--
ppi,unexposed,PCU5241--5241--,Insurance carriers,2010-09-01,117.0,BLS PCU5241--5241--
ppi,unexposed,PCU5241--5241--,Insurance carriers,2010-10-01,117.2,BLS PCU5241--5241--
ppi,unexposed,PCU5241--5241--,Insurance carriers,2010-11-01,117.4,BLS PCU5241--5241--
ppi,unexposed,PCU5241--5241--,Insurance carriers,2010-12-01,117.4,BLS PCU5241--5241--
ppi,unexposed,PCU5241--5241--,Insurance carriers,2011-01-01,119.1,BLS PCU5241--5241--
ppi,unexposed,PCU5241--5241--,Insurance carriers,2011-02-01,119.3,BLS PCU5241--5241--
ppi,unexposed,PCU5241--5241--,Insurance carriers,2011-03-01,119.5,BLS PCU5241--5241--
ppi,unexposed,PCU5241--5241--,Insurance carriers,2011-04-01,119.9,BLS PCU5241--5241--
ppi,unexposed,PCU5241--5241--,Insurance carriers,2011-05-01,119.8,BLS PCU5241--5241--
ppi,unexposed,PCU5241--5241--,Insurance carriers,2011-06-01,120.1,BLS PCU5241--5241--
ppi,unexposed,PCU5241--5241--,Insurance carriers,2011-07-01,120.3,BLS PCU5241--5241--
ppi,unexposed,PCU5241--5241--,Insurance carriers,2011-08-01,120.5,BLS PCU5241--5241--
ppi,unexposed,PCU5241--5241--,Insurance carriers,2011-09-01,120.7,BLS PCU5241--5241--
ppi,unexposed,PCU5241--5241--,Insurance carriers,2011-10-01,121.1,BLS PCU5241--5241--
ppi,unexposed,PCU5241--5241--,Insurance carriers,2011-11-01,121.3,BLS PCU5241--5241--
ppi,unexposed,PCU5241--5241--,Insurance carriers,2011-12-01,121.3,BLS PCU5241--5241--
ppi,unexposed,PCU5241--5241--,Insurance carriers,2012-01-01,122.2,BLS PCU5241--5241--
ppi,unexposed,PCU5241--5241--,Insurance carriers,2012-02-01,122.3,BLS PCU5241--5241--
ppi,unexposed,PCU5241--5241--,Insurance carriers,2012-03-01,122.4,BLS PCU5241--5241--
ppi,unexposed,PCU5241--5241--,Insurance carriers,2012-04-01,122.7,BLS PCU5241--5241--
ppi,unexposed,PCU5241--5241--,Insurance carriers,2012-05-01,122.8,BLS PCU5241--5241--
ppi,unexposed,PCU5241--5241--,Insurance carriers,2012-06-01,122.9,BLS PCU5241--5241--
ppi,unexposed,PCU5241--5241--,Insurance carriers,2012-07-01,123.0,BLS PCU5241--5241--
ppi,unexposed,PCU5241--5241--,Insurance carriers,2012-08-01,123.0,BLS PCU5241--5241--
ppi,unexposed,PCU5241--5241--,Insurance carriers,2012-09-01,123.2,BLS PCU5241--5241--
ppi,unexposed,PCU5241--5241--,Insurance carriers,2012-10-01,123.3,BLS PCU5241--5241--
ppi,unexposed,PCU5241--5241--,Insurance carriers,2012-11-01,123.3,BLS PCU5241--5241--
ppi,unexposed,PCU5241--5241--,Insurance carriers,2012-12-01,123.4,BLS PCU5241--5241--
ppi,unexposed,PCU5241--5241--,Insurance carriers,2013-01-01,123.7,BLS PCU5241--5241--
ppi,unexposed,PCU5241--5241--,Insurance carriers,2013-02-01,124.0,BLS PCU5241--5241--
ppi,unexposed,PCU5241--5241--,Insurance carriers,2013-03-01,124.1,BLS PCU5241--5241--
ppi,unexposed,PCU5241--5241--,Insurance carriers,2013-04-01,124.1,BLS PCU5241--5241--
ppi,unexposed,PCU5241--5241--,Insurance carriers,2013-05-01,124.1,BLS PCU5241--5241--
ppi,unexposed,PCU5241--5241--,Insurance carriers,2013-06-01,124.2,BLS PCU5241--5241--
ppi,unexposed,PCU5241--5241--,Insurance carriers,2013-07-01,124.5,BLS PCU5241--5241--
ppi,unexposed,PCU5241--5241--,Insurance carriers,2013-08-01,124.7,BLS PCU5241--5241--
ppi,unexposed,PCU5241--5241--,Insurance carriers,2013-09-01,124.9,BLS PCU5241--5241--
ppi,unexposed,PCU5241--5241--,Insurance carriers,2013-10-01,125.0,BLS PCU5241--5241--
ppi,unexposed,PCU5241--5241--,Insurance carriers,2013-11-01,125.1,BLS PCU5241--5241--
ppi,unexposed,PCU5241--5241--,Insurance carriers,2013-12-01,125.2,BLS PCU5241--5241--
ppi,unexposed,PCU5241--5241--,Insurance carriers,2014-01-01,125.6,BLS PCU5241--5241--
ppi,unexposed,PCU5241--5241--,Insurance carriers,2014-02-01,125.7,BLS PCU5241--5241--
ppi,unexposed,PCU5241--5241--,Insurance carriers,2014-03-01,125.7,BLS PCU5241--5241--
ppi,unexposed,PCU5241--5241--,Insurance carriers,2014-04-01,125.8,BLS PCU5241--5241--
ppi,unexposed,PCU5241--5241--,Insurance carriers,2014-05-01,125.8,BLS PCU5241--5241--
ppi,unexposed,PCU5241--5241--,Insurance carriers,2014-06-01,125.9,BLS PCU5241--5241--
ppi,unexposed,PCU5241--5241--,Insurance carriers,2014-07-01,126.0,BLS PCU5241--5241--
ppi,unexposed,PCU5241--5241--,Insurance carriers,2014-08-01,125.9,BLS PCU5241--5241--
ppi,unexposed,PCU5241--5241--,Insurance carriers,2014-09-01,126.0,BLS PCU5241--5241--
ppi,unexposed,PCU5241--5241--,Insurance carriers,2014-10-01,126.1,BLS PCU5241--5241--
ppi,unexposed,PCU5241--5241--,Insurance carriers,2014-11-01,126.3,BLS PCU5241--5241--
ppi,unexposed,PCU5241--5241--,Insurance carriers,2014-12-01,126.4,BLS PCU5241--5241--
ppi,unexposed,PCU5241--5241--,Insurance carriers,2015-01-01,126.4,BLS PCU5241--5241--
ppi,unexposed,PCU5241--5241--,Insurance carriers,2015-02-01,126.6,BLS PCU5241--5241--
ppi,unexposed,PCU5241--5241--,Insurance carriers,2015-03-01,126.6,BLS PCU5241--5241--
ppi,unexposed,PCU5241--5241--,Insurance carriers,2015-04-01,126.8,BLS PCU5241--5241--
ppi,unexposed,PCU5241--5241--,Insurance carriers,2015-05-01,126.9,BLS PCU5241--5241--
ppi,unexposed,PCU5241--5241--,Insurance carriers,2015-06-01,127.0,BLS PCU5241--5241--
ppi,unexposed,PCU5241--5241--,Insurance carriers,2015-07-01,127.2,BLS PCU5241--5241--
ppi,unexposed,PCU5241--5241--,Insurance carriers,2015-08-01,127.2,BLS PCU5241--5241--
ppi,unexposed,PCU5241--5241--,Insurance carriers,2015-09-01,127.4,BLS PCU5241--5241--
ppi,unexposed,PCU5241--5241--,Insurance carriers,2015-10-01,127.6,BLS PCU5241--5241--
ppi,unexposed,PCU5241--5241--,Insurance carriers,2015-11-01,127.8,BLS PCU5241--5241--
ppi,unexposed,PCU5241--5241--,Insurance carriers,2015-12-01,127.9,BLS PCU5241--5241--
ppi,unexposed,PCU5241--5241--,Insurance carriers,2016-01-01,128.9,BLS PCU5241--5241--
ppi,unexposed,PCU5241--5241--,Insurance carriers,2016-02-01,129.1,BLS PCU5241--5241--
ppi,unexposed,PCU5241--5241--,Insurance carriers,2016-03-01,129.2,BLS PCU5241--5241--
ppi,unexposed,PCU5241--5241--,Insurance carriers,2016-04-01,129.4,BLS PCU5241--5241--
ppi,unexposed,PCU5241--5241--,Insurance carriers,2016-05-01,129.4,BLS PCU5241--5241--
ppi,unexposed,PCU5241--5241--,Insurance carriers,2016-06-01,129.4,BLS PCU5241--5241--
ppi,unexposed,PCU5241--5241--,Insurance carriers,2016-07-01,129.8,BLS PCU5241--5241--
ppi,unexposed,PCU5241--5241--,Insurance carriers,2016-08-01,129.9,BLS PCU5241--5241--
ppi,unexposed,PCU5241--5241--,Insurance carriers,2016-09-01,129.8,BLS PCU5241--5241--
ppi,unexposed,PCU5241--5241--,Insurance carriers,2016-10-01,130.3,BLS PCU5241--5241--
ppi,unexposed,PCU5241--5241--,Insurance carriers,2016-11-01,130.3,BLS PCU5241--5241--
ppi,unexposed,PCU5241--5241--,Insurance carriers,2016-12-01,130.5,BLS PCU5241--5241--
ppi,unexposed,PCU5241--5241--,Insurance carriers,2017-01-01,132.3,BLS PCU5241--5241--
ppi,unexposed,PCU5241--5241--,Insurance carriers,2017-02-01,132.5,BLS PCU5241--5241--
ppi,unexposed,PCU5241--5241--,Insurance carriers,2017-03-01,132.7,BLS PCU5241--5241--
ppi,unexposed,PCU5241--5241--,Insurance carriers,2017-04-01,133.4,BLS PCU5241--5241--
ppi,unexposed,PCU5241--5241--,Insurance carriers,2017-05-01,133.5,BLS PCU5241--5241--
ppi,unexposed,PCU5241--5241--,Insurance carriers,2017-06-01,133.8,BLS PCU5241--5241--
ppi,unexposed,PCU5241--5241--,Insurance carriers,2017-07-01,133.9,BLS PCU5241--5241--
ppi,unexposed,PCU5241--5241--,Insurance carriers,2017-08-01,133.9,BLS PCU5241--5241--
ppi,unexposed,PCU5241--5241--,Insurance carriers,2017-09-01,133.9,BLS PCU5241--5241--
ppi,unexposed,PCU5241--5241--,Insurance carriers,2017-10-01,134.1,BLS PCU5241--5241--
ppi,unexposed,PCU5241--5241--,Insurance carriers,2017-11-01,134.2,BLS PCU5241--5241--
ppi,unexposed,PCU5241--5241--,Insurance carriers,2017-12-01,134.6,BLS PCU5241--5241--
ppi,unexposed,PCU5241--5241--,Insurance carriers,2018-01-01,136.9,BLS PCU5241--5241--
ppi,unexposed,PCU5241--5241--,Insurance carriers,2018-02-01,137.2,BLS PCU5241--5241--
ppi,unexposed,PCU5241--5241--,Insurance carriers,2018-03-01,137.4,BLS PCU5241--5241--
ppi,unexposed,PCU5241--5241--,Insurance carriers,2018-04-01,137.6,BLS PCU5241--5241--
ppi,unexposed,PCU5241--5241--,Insurance carriers,2018-05-01,137.8,BLS PCU5241--5241--
ppi,unexposed,PCU5241--5241--,Insurance carriers,2018-06-01,137.8,BLS PCU5241--5241--
ppi,unexposed,PCU5241--5241--,Insurance carriers,2018-07-01,138.9,BLS PCU5241--5241--
ppi,unexposed,PCU5241--5241--,Insurance carriers,2018-08-01,139.0,BLS PCU5241--5241--
ppi,unexposed,PCU5241--5241--,Insurance carriers,2018-09-01,139.3,BLS PCU5241--5241--
ppi,unexposed,PCU5241--5241--,Insurance carriers,2018-10-01,139.4,BLS PCU5241--5241--
ppi,unexposed,PCU5241--5241--,Insurance carriers,2018-11-01,139.4,BLS PCU5241--5241--
ppi,unexposed,PCU5241--5241--,Insurance carriers,2018-12-01,139.5,BLS PCU5241--5241--
ppi,unexposed,PCU5241--5241--,Insurance carriers,2019-01-01,140.1,BLS PCU5241--5241--
ppi,unexposed,PCU5241--5241--,Insurance carriers,2019-02-01,140.2,BLS PCU5241--5241--
ppi,unexposed,PCU5241--5241--,Insurance carriers,2019-03-01,140.4,BLS PCU5241--5241--
ppi,unexposed,PCU5241--5241--,Insurance carriers,2019-04-01,140.4,BLS PCU5241--5241--
ppi,unexposed,PCU5241--5241--,Insurance carriers,2019-05-01,140.7,BLS PCU5241--5241--
ppi,unexposed,PCU5241--5241--,Insurance carriers,2019-06-01,140.9,BLS PCU5241--5241--
ppi,unexposed,PCU5241--5241--,Insurance carriers,2019-07-01,141.3,BLS PCU5241--5241--
ppi,unexposed,PCU5241--5241--,Insurance carriers,2019-08-01,141.5,BLS PCU5241--5241--
ppi,unexposed,PCU5241--5241--,Insurance carriers,2019-09-01,141.5,BLS PCU5241--5241--
ppi,unexposed,PCU5241--5241--,Insurance carriers,2019-10-01,141.7,BLS PCU5241--5241--
ppi,unexposed,PCU5241--5241--,Insurance carriers,2019-11-01,141.7,BLS PCU5241--5241--
ppi,unexposed,PCU5241--5241--,Insurance carriers,2019-12-01,141.8,BLS PCU5241--5241--
ppi,unexposed,PCU5241--5241--,Insurance carriers,2020-01-01,143.3,BLS PCU5241--5241--
ppi,unexposed,PCU5241--5241--,Insurance carriers,2020-02-01,143.5,BLS PCU5241--5241--
ppi,unexposed,PCU5241--5241--,Insurance carriers,2020-03-01,143.8,BLS PCU5241--5241--
ppi,unexposed,PCU5241--5241--,Insurance carriers,2020-04-01,143.7,BLS PCU5241--5241--
ppi,unexposed,PCU5241--5241--,Insurance carriers,2020-05-01,143.8,BLS PCU5241--5241--
ppi,unexposed,PCU5241--5241--,Insurance carriers,2020-06-01,144.0,BLS PCU5241--5241--
ppi,unexposed,PCU5241--5241--,Insurance carriers,2020-07-01,143.9,BLS PCU5241--5241--
ppi,unexposed,PCU5241--5241--,Insurance carriers,2020-08-01,143.8,BLS PCU5241--5241--
ppi,unexposed,PCU5241--5241--,Insurance carriers,2020-09-01,143.8,BLS PCU5241--5241--
ppi,unexposed,PCU5241--5241--,Insurance carriers,2020-10-01,143.7,BLS PCU5241--5241--
ppi,unexposed,PCU5241--5241--,Insurance carriers,2020-11-01,143.7,BLS PCU5241--5241--
ppi,unexposed,PCU5241--5241--,Insurance carriers,2020-12-01,143.9,BLS PCU5241--5241--
ppi,unexposed,PCU5241--5241--,Insurance carriers,2021-01-01,143.6,BLS PCU5241--5241--
ppi,unexposed,PCU5241--5241--,Insurance carriers,2021-02-01,143.7,BLS PCU5241--5241--
ppi,unexposed,PCU5241--5241--,Insurance carriers,2021-03-01,143.6,BLS PCU5241--5241--
ppi,unexposed,PCU5241--5241--,Insurance carriers,2021-04-01,143.6,BLS PCU5241--5241--
ppi,unexposed,PCU5241--5241--,Insurance carriers,2021-05-01,143.8,BLS PCU5241--5241--
ppi,unexposed,PCU5241--5241--,Insurance carriers,2021-06-01,143.9,BLS PCU5241--5241--
ppi,unexposed,PCU5241--5241--,Insurance carriers,2021-07-01,144.283,BLS PCU5241--5241--
ppi,unexposed,PCU5241--5241--,Insurance carriers,2021-08-01,144.254,BLS PCU5241--5241--
ppi,unexposed,PCU5241--5241--,Insurance carriers,2021-09-01,144.24,BLS PCU5241--5241--
ppi,unexposed,PCU5241--5241--,Insurance carriers,2021-10-01,144.128,BLS PCU5241--5241--
ppi,unexposed,PCU5241--5241--,Insurance carriers,2021-11-01,144.127,BLS PCU5241--5241--
ppi,unexposed,PCU5241--5241--,Insurance carriers,2021-12-01,144.401,BLS PCU5241--5241--
ppi,unexposed,PCU5241--5241--,Insurance carriers,2022-01-01,146.187,BLS PCU5241--5241--
ppi,unexposed,PCU5241--5241--,Insurance carriers,2022-02-01,146.153,BLS PCU5241--5241--
ppi,unexposed,PCU5241--5241--,Insurance carriers,2022-03-01,146.205,BLS PCU5241--5241--
ppi,unexposed,PCU5241--5241--,Insurance carriers,2022-04-01,146.279,BLS PCU5241--5241--
ppi,unexposed,PCU5241--5241--,Insurance carriers,2022-05-01,146.382,BLS PCU5241--5241--
ppi,unexposed,PCU5241--5241--,Insurance carriers,2022-06-01,146.586,BLS PCU5241--5241--
ppi,unexposed,PCU5241--5241--,Insurance carriers,2022-07-01,147.056,BLS PCU5241--5241--
ppi,unexposed,PCU5241--5241--,Insurance carriers,2022-08-01,147.209,BLS PCU5241--5241--
ppi,unexposed,PCU5241--5241--,Insurance carriers,2022-09-01,147.508,BLS PCU5241--5241--
ppi,unexposed,PCU5241--5241--,Insurance carriers,2022-10-01,147.655,BLS PCU5241--5241--
ppi,unexposed,PCU5241--5241--,Insurance carriers,2022-11-01,147.582,BLS PCU5241--5241--
ppi,unexposed,PCU5241--5241--,Insurance carriers,2022-12-01,148.224,BLS PCU5241--5241--
ppi,unexposed,PCU5241--5241--,Insurance carriers,2023-01-01,150.578,BLS PCU5241--5241--
ppi,unexposed,PCU5241--5241--,Insurance carriers,2023-02-01,150.636,BLS PCU5241--5241--
ppi,unexposed,PCU5241--5241--,Insurance carriers,2023-03-01,150.793,BLS PCU5241--5241--
ppi,unexposed,PCU5241--5241--,Insurance carriers,2023-04-01,151.099,BLS PCU5241--5241--
ppi,unexposed,PCU5241--5241--,Insurance carriers,2023-05-01,151.103,BLS PCU5241--5241--
ppi,unexposed,PCU5241--5241--,Insurance carriers,2023-06-01,152.167,BLS PCU5241--5241--
ppi,unexposed,PCU5241--5241--,Insurance carriers,2023-07-01,152.14,BLS PCU5241--5241--
ppi,unexposed,PCU5241--5241--,Insurance carriers,2023-08-01,152.511,BLS PCU5241--5241--
ppi,unexposed,PCU5241--5241--,Insurance carriers,2023-09-01,152.881,BLS PCU5241--5241--
ppi,unexposed,PCU5241--5241--,Insurance carriers,2023-10-01,152.948,BLS PCU5241--5241--
ppi,unexposed,PCU5241--5241--,Insurance carriers,2023-11-01,153.097,BLS PCU5241--5241--
ppi,unexposed,PCU5241--5241--,Insurance carriers,2023-12-01,153.666,BLS PCU5241--5241--
ppi,unexposed,PCU5241--5241--,Insurance carriers,2024-01-01,156.568,BLS PCU5241--5241--
ppi,unexposed,PCU5241--5241--,Insurance carriers,2024-02-01,156.864,BLS PCU5241--5241--
ppi,unexposed,PCU5241--5241--,Insurance carriers,2024-03-01,157.035,BLS PCU5241--5241--
ppi,unexposed,PCU5241--5241--,Insurance carriers,2024-04-01,157.44,BLS PCU5241--5241--
ppi,unexposed,PCU5241--5241--,Insurance carriers,2024-05-01,158.095,BLS PCU5241--5241--
ppi,unexposed,PCU5241--5241--,Insurance carriers,2024-06-01,158.655,BLS PCU5241--5241--
ppi,unexposed,PCU5241--5241--,Insurance carriers,2024-07-01,159.062,BLS PCU5241--5241--
ppi,unexposed,PCU5241--5241--,Insurance carriers,2024-08-01,159.725,BLS PCU5241--5241--
ppi,unexposed,PCU5241--5241--,Insurance carriers,2024-09-01,160.587,BLS PCU5241--5241--
ppi,unexposed,PCU5241--5241--,Insurance carriers,2024-10-01,160.673,BLS PCU5241--5241--
ppi,unexposed,PCU5241--5241--,Insurance carriers,2024-11-01,160.748,BLS PCU5241--5241--
ppi,unexposed,PCU5241--5241--,Insurance carriers,2024-12-01,161.038,BLS PCU5241--5241--
ppi,unexposed,PCU5241--5241--,Insurance carriers,2025-01-01,164.121,BLS PCU5241--5241--
ppi,unexposed,PCU5241--5241--,Insurance carriers,2025-02-01,164.412,BLS PCU5241--5241--
ppi,unexposed,PCU5241--5241--,Insurance carriers,2025-03-01,165.088,BLS PCU5241--5241--
ppi,unexposed,PCU5241--5241--,Insurance carriers,2025-04-01,165.099,BLS PCU5241--5241--
ppi,unexposed,PCU5241--5241--,Insurance carriers,2025-05-01,165.212,BLS PCU5241--5241--
ppi,unexposed,PCU5241--5241--,Insurance carriers,2025-06-01,165.464,BLS PCU5241--5241--
ppi,unexposed,PCU5241--5241--,Insurance carriers,2025-07-01,165.848,BLS PCU5241--5241--
ppi,unexposed,PCU5241--5241--,Insurance carriers,2025-08-01,166.159,BLS PCU5241--5241--
ppi,unexposed,PCU5241--5241--,Insurance carriers,2025-09-01,166.955,BLS PCU5241--5241--
ppi,unexposed,PCU5241--5241--,Insurance carriers,2025-10-01,167.013,BLS PCU5241--5241--
ppi,unexposed,PCU5241--5241--,Insurance carriers,2025-11-01,167.148,BLS PCU5241--5241--
ppi,unexposed,PCU5241--5241--,Insurance carriers,2025-12-01,167.33,BLS PCU5241--5241--
ppi,unexposed,PCU5241--5241--,Insurance carriers,2026-01-01,172.514,BLS PCU5241--5241--
ppi,unexposed,PCU5241--5241--,Insurance carriers,2026-02-01,172.533,BLS PCU5241--5241--
ppi,unexposed,PCU5241--5241--,Insurance carriers,2026-03-01,172.718,BLS PCU5241--5241--
ppi,unexposed,PCU5241--5241--,Insurance carriers,2026-04-01,172.706,BLS PCU5241--5241--
ppi,unexposed,PCU5241--5241--,Insurance carriers,2026-05-01,172.787,BLS PCU5241--5241--
ppi,unexposed,PCU5241--5241--,Insurance carriers,2026-06-01,172.798,BLS PCU5241--5241--
ppi,unexposed,PCU5241--5241--,Insurance carriers,2026-07-01,172.888,BLS PCU5241--5241--
ppi,unexposed,PCU5241--5241--,Insurance carriers,2026-08-01,172.888,BLS PCU5241--5241--
ppi,unexposed,PCU622---622---,Hospitals,2007-01-01,157.2,BLS PCU622---622---
ppi,unexposed,PCU622---622---,Hospitals,2007-02-01,157.5,BLS PCU622---622---
ppi,unexposed,PCU622---622---,Hospitals,2007-03-01,157.3,BLS PCU622---622---
ppi,unexposed,PCU622---622---,Hospitals,2007-04-01,157.4,BLS PCU622---622---
ppi,unexposed,PCU622---622---,Hospitals,2007-05-01,157.4,BLS PCU622---622---
ppi,unexposed,PCU622---622---,Hospitals,2007-06-01,157.6,BLS PCU622---622---
ppi,unexposed,PCU622---622---,Hospitals,2007-07-01,158.1,BLS PCU622---622---
ppi,unexposed,PCU622---622---,Hospitals,2007-08-01,158.0,BLS PCU622---622---
ppi,unexposed,PCU622---622---,Hospitals,2007-09-01,158.2,BLS PCU622---622---
ppi,unexposed,PCU622---622---,Hospitals,2007-10-01,161.3,BLS PCU622---622---
ppi,unexposed,PCU622---622---,Hospitals,2007-11-01,161.9,BLS PCU622---622---
ppi,unexposed,PCU622---622---,Hospitals,2007-12-01,161.9,BLS PCU622---622---
ppi,unexposed,PCU622---622---,Hospitals,2008-01-01,162.4,BLS PCU622---622---
ppi,unexposed,PCU622---622---,Hospitals,2008-02-01,162.6,BLS PCU622---622---
ppi,unexposed,PCU622---622---,Hospitals,2008-03-01,162.9,BLS PCU622---622---
ppi,unexposed,PCU622---622---,Hospitals,2008-04-01,162.7,BLS PCU622---622---
ppi,unexposed,PCU622---622---,Hospitals,2008-05-01,162.7,BLS PCU622---622---
ppi,unexposed,PCU622---622---,Hospitals,2008-06-01,162.6,BLS PCU622---622---
ppi,unexposed,PCU622---622---,Hospitals,2008-07-01,163.2,BLS PCU622---622---
ppi,unexposed,PCU622---622---,Hospitals,2008-08-01,163.2,BLS PCU622---622---
ppi,unexposed,PCU622---622---,Hospitals,2008-09-01,163.0,BLS PCU622---622---
ppi,unexposed,PCU622---622---,Hospitals,2008-10-01,164.9,BLS PCU622---622---
ppi,unexposed,PCU622---622---,Hospitals,2008-11-01,164.9,BLS PCU622---622---
ppi,unexposed,PCU622---622---,Hospitals,2008-12-01,165.3,BLS PCU622---622---
ppi,unexposed,PCU622---622---,Hospitals,2009-01-01,166.5,BLS PCU622---622---
ppi,unexposed,PCU622---622---,Hospitals,2009-02-01,166.8,BLS PCU622---622---
ppi,unexposed,PCU622---622---,Hospitals,2009-03-01,167.0,BLS PCU622---622---
ppi,unexposed,PCU622---622---,Hospitals,2009-04-01,166.9,BLS PCU622---622---
ppi,unexposed,PCU622---622---,Hospitals,2009-05-01,167.2,BLS PCU622---622---
ppi,unexposed,PCU622---622---,Hospitals,2009-06-01,167.3,BLS PCU622---622---
ppi,unexposed,PCU622---622---,Hospitals,2009-07-01,167.5,BLS PCU622---622---
ppi,unexposed,PCU622---622---,Hospitals,2009-08-01,168.4,BLS PCU622---622---
ppi,unexposed,PCU622---622---,Hospitals,2009-09-01,168.3,BLS PCU622---622---
ppi,unexposed,PCU622---622---,Hospitals,2009-10-01,171.2,BLS PCU622---622---
ppi,unexposed,PCU622---622---,Hospitals,2009-11-01,171.3,BLS PCU622---622---
ppi,unexposed,PCU622---622---,Hospitals,2009-12-01,171.5,BLS PCU622---622---
ppi,unexposed,PCU622---622---,Hospitals,2010-01-01,172.4,BLS PCU622---622---
ppi,unexposed,PCU622---622---,Hospitals,2010-02-01,172.7,BLS PCU622---622---
ppi,unexposed,PCU622---622---,Hospitals,2010-03-01,172.9,BLS PCU622---622---
ppi,unexposed,PCU622---622---,Hospitals,2010-04-01,173.0,BLS PCU622---622---
ppi,unexposed,PCU622---622---,Hospitals,2010-05-01,172.8,BLS PCU622---622---
ppi,unexposed,PCU622---622---,Hospitals,2010-06-01,172.9,BLS PCU622---622---
ppi,unexposed,PCU622---622---,Hospitals,2010-07-01,173.1,BLS PCU622---622---
ppi,unexposed,PCU622---622---,Hospitals,2010-08-01,173.2,BLS PCU622---622---
ppi,unexposed,PCU622---622---,Hospitals,2010-09-01,173.4,BLS PCU622---622---
ppi,unexposed,PCU622---622---,Hospitals,2010-10-01,174.5,BLS PCU622---622---
ppi,unexposed,PCU622---622---,Hospitals,2010-11-01,174.4,BLS PCU622---622---
ppi,unexposed,PCU622---622---,Hospitals,2010-12-01,174.4,BLS PCU622---622---
ppi,unexposed,PCU622---622---,Hospitals,2011-01-01,175.2,BLS PCU622---622---
ppi,unexposed,PCU622---622---,Hospitals,2011-02-01,175.7,BLS PCU622---622---
ppi,unexposed,PCU622---622---,Hospitals,2011-03-01,176.1,BLS PCU622---622---
ppi,unexposed,PCU622---622---,Hospitals,2011-04-01,176.2,BLS PCU622---622---
ppi,unexposed,PCU622---622---,Hospitals,2011-05-01,176.3,BLS PCU622---622---
ppi,unexposed,PCU622---622---,Hospitals,2011-06-01,176.5,BLS PCU622---622---
ppi,unexposed,PCU622---622---,Hospitals,2011-07-01,176.8,BLS PCU622---622---
ppi,unexposed,PCU622---622---,Hospitals,2011-08-01,177.1,BLS PCU622---622---
ppi,unexposed,PCU622---622---,Hospitals,2011-09-01,177.5,BLS PCU622---622---
ppi,unexposed,PCU622---622---,Hospitals,2011-10-01,178.7,BLS PCU622---622---
ppi,unexposed,PCU622---622---,Hospitals,2011-11-01,178.8,BLS PCU622---622---
ppi,unexposed,PCU622---622---,Hospitals,2011-12-01,179.4,BLS PCU622---622---
ppi,unexposed,PCU622---622---,Hospitals,2012-01-01,179.9,BLS PCU622---622---
ppi,unexposed,PCU622---622---,Hospitals,2012-02-01,179.9,BLS PCU622---622---
ppi,unexposed,PCU622---622---,Hospitals,2012-03-01,180.0,BLS PCU622---622---
ppi,unexposed,PCU622---622---,Hospitals,2012-04-01,180.5,BLS PCU622---622---
ppi,unexposed,PCU622---622---,Hospitals,2012-05-01,180.6,BLS PCU622---622---
ppi,unexposed,PCU622---622---,Hospitals,2012-06-01,180.8,BLS PCU622---622---
ppi,unexposed,PCU622---622---,Hospitals,2012-07-01,181.7,BLS PCU622---622---
ppi,unexposed,PCU622---622---,Hospitals,2012-08-01,181.9,BLS PCU622---622---
ppi,unexposed,PCU622---622---,Hospitals,2012-09-01,181.9,BLS PCU622---622---
ppi,unexposed,PCU622---622---,Hospitals,2012-10-01,182.9,BLS PCU622---622---
ppi,unexposed,PCU622---622---,Hospitals,2012-11-01,182.9,BLS PCU622---622---
ppi,unexposed,PCU622---622---,Hospitals,2012-12-01,183.9,BLS PCU622---622---
ppi,unexposed,PCU622---622---,Hospitals,2013-01-01,185.1,BLS PCU622---622---
ppi,unexposed,PCU622---622---,Hospitals,2013-02-01,185.4,BLS PCU622---622---
ppi,unexposed,PCU622---622---,Hospitals,2013-03-01,185.5,BLS PCU622---622---
ppi,unexposed,PCU622---622---,Hospitals,2013-04-01,184.1,BLS PCU622---622---
ppi,unexposed,PCU622---622---,Hospitals,2013-05-01,184.1,BLS PCU622---622---
ppi,unexposed,PCU622---622---,Hospitals,2013-06-01,184.3,BLS PCU622---622---
ppi,unexposed,PCU622---622---,Hospitals,2013-07-01,184.8,BLS PCU622---622---
ppi,unexposed,PCU622---622---,Hospitals,2013-08-01,184.9,BLS PCU622---622---
ppi,unexposed,PCU622---622---,Hospitals,2013-09-01,185.2,BLS PCU622---622---
ppi,unexposed,PCU622---622---,Hospitals,2013-10-01,187.0,BLS PCU622---622---
ppi,unexposed,PCU622---622---,Hospitals,2013-11-01,187.1,BLS PCU622---622---
ppi,unexposed,PCU622---622---,Hospitals,2013-12-01,187.0,BLS PCU622---622---
ppi,unexposed,PCU622---622---,Hospitals,2014-01-01,187.8,BLS PCU622---622---
ppi,unexposed,PCU622---622---,Hospitals,2014-02-01,187.8,BLS PCU622---622---
ppi,unexposed,PCU622---622---,Hospitals,2014-03-01,187.8,BLS PCU622---622---
ppi,unexposed,PCU622---622---,Hospitals,2014-04-01,187.7,BLS PCU622---622---
ppi,unexposed,PCU622---622---,Hospitals,2014-05-01,187.6,BLS PCU622---622---
ppi,unexposed,PCU622---622---,Hospitals,2014-06-01,187.6,BLS PCU622---622---
ppi,unexposed,PCU622---622---,Hospitals,2014-07-01,187.6,BLS PCU622---622---
ppi,unexposed,PCU622---622---,Hospitals,2014-08-01,188.2,BLS PCU622---622---
ppi,unexposed,PCU622---622---,Hospitals,2014-09-01,188.3,BLS PCU622---622---
ppi,unexposed,PCU622---622---,Hospitals,2014-10-01,187.6,BLS PCU622---622---
ppi,unexposed,PCU622---622---,Hospitals,2014-11-01,188.0,BLS PCU622---622---
ppi,unexposed,PCU622---622---,Hospitals,2014-12-01,188.0,BLS PCU622---622---
ppi,unexposed,PCU622---622---,Hospitals,2015-01-01,188.8,BLS PCU622---622---
ppi,unexposed,PCU622---622---,Hospitals,2015-02-01,188.9,BLS PCU622---622---
ppi,unexposed,PCU622---622---,Hospitals,2015-03-01,188.9,BLS PCU622---622---
ppi,unexposed,PCU622---622---,Hospitals,2015-04-01,189.3,BLS PCU622---622---
ppi,unexposed,PCU622---622---,Hospitals,2015-05-01,189.1,BLS PCU622---622---
ppi,unexposed,PCU622---622---,Hospitals,2015-06-01,189.1,BLS PCU622---622---
ppi,unexposed,PCU622---622---,Hospitals,2015-07-01,189.3,BLS PCU622---622---
ppi,unexposed,PCU622---622---,Hospitals,2015-08-01,189.8,BLS PCU622---622---
ppi,unexposed,PCU622---622---,Hospitals,2015-09-01,189.7,BLS PCU622---622---
ppi,unexposed,PCU622---622---,Hospitals,2015-10-01,190.1,BLS PCU622---622---
ppi,unexposed,PCU622---622---,Hospitals,2015-11-01,190.3,BLS PCU622---622---
ppi,unexposed,PCU622---622---,Hospitals,2015-12-01,190.3,BLS PCU622---622---
ppi,unexposed,PCU622---622---,Hospitals,2016-01-01,190.6,BLS PCU622---622---
ppi,unexposed,PCU622---622---,Hospitals,2016-02-01,190.7,BLS PCU622---622---
ppi,unexposed,PCU622---622---,Hospitals,2016-03-01,190.8,BLS PCU622---622---
ppi,unexposed,PCU622---622---,Hospitals,2016-04-01,190.7,BLS PCU622---622---
ppi,unexposed,PCU622---622---,Hospitals,2016-05-01,190.9,BLS PCU622---622---
ppi,unexposed,PCU622---622---,Hospitals,2016-06-01,191.1,BLS PCU622---622---
ppi,unexposed,PCU622---622---,Hospitals,2016-07-01,191.6,BLS PCU622---622---
ppi,unexposed,PCU622---622---,Hospitals,2016-08-01,192.1,BLS PCU622---622---
ppi,unexposed,PCU622---622---,Hospitals,2016-09-01,192.1,BLS PCU622---622---
ppi,unexposed,PCU622---622---,Hospitals,2016-10-01,193.3,BLS PCU622---622---
ppi,unexposed,PCU622---622---,Hospitals,2016-11-01,193.4,BLS PCU622---622---
ppi,unexposed,PCU622---622---,Hospitals,2016-12-01,193.2,BLS PCU622---622---
ppi,unexposed,PCU622---622---,Hospitals,2017-01-01,193.8,BLS PCU622---622---
ppi,unexposed,PCU622---622---,Hospitals,2017-02-01,193.6,BLS PCU622---622---
ppi,unexposed,PCU622---622---,Hospitals,2017-03-01,193.7,BLS PCU622---622---
ppi,unexposed,PCU622---622---,Hospitals,2017-04-01,193.9,BLS PCU622---622---
ppi,unexposed,PCU622---622---,Hospitals,2017-05-01,193.9,BLS PCU622---622---
ppi,unexposed,PCU622---622---,Hospitals,2017-06-01,194.3,BLS PCU622---622---
ppi,unexposed,PCU622---622---,Hospitals,2017-07-01,194.5,BLS PCU622---622---
ppi,unexposed,PCU622---622---,Hospitals,2017-08-01,194.8,BLS PCU622---622---
ppi,unexposed,PCU622---622---,Hospitals,2017-09-01,194.8,BLS PCU622---622---
ppi,unexposed,PCU622---622---,Hospitals,2017-10-01,197.4,BLS PCU622---622---
ppi,unexposed,PCU622---622---,Hospitals,2017-11-01,197.4,BLS PCU622---622---
ppi,unexposed,PCU622---622---,Hospitals,2017-12-01,197.5,BLS PCU622---622---
ppi,unexposed,PCU622---622---,Hospitals,2018-01-01,198.4,BLS PCU622---622---
ppi,unexposed,PCU622---622---,Hospitals,2018-02-01,198.8,BLS PCU622---622---
ppi,unexposed,PCU622---622---,Hospitals,2018-03-01,198.8,BLS PCU622---622---
ppi,unexposed,PCU622---622---,Hospitals,2018-04-01,199.0,BLS PCU622---622---
ppi,unexposed,PCU622---622---,Hospitals,2018-05-01,199.1,BLS PCU622---622---
ppi,unexposed,PCU622---622---,Hospitals,2018-06-01,199.2,BLS PCU622---622---
ppi,unexposed,PCU622---622---,Hospitals,2018-07-01,199.7,BLS PCU622---622---
ppi,unexposed,PCU622---622---,Hospitals,2018-08-01,199.8,BLS PCU622---622---
ppi,unexposed,PCU622---622---,Hospitals,2018-09-01,199.9,BLS PCU622---622---
ppi,unexposed,PCU622---622---,Hospitals,2018-10-01,201.2,BLS PCU622---622---
ppi,unexposed,PCU622---622---,Hospitals,2018-11-01,201.3,BLS PCU622---622---
ppi,unexposed,PCU622---622---,Hospitals,2018-12-01,201.2,BLS PCU622---622---
ppi,unexposed,PCU622---622---,Hospitals,2019-01-01,202.2,BLS PCU622---622---
ppi,unexposed,PCU622---622---,Hospitals,2019-02-01,202.5,BLS PCU622---622---
ppi,unexposed,PCU622---622---,Hospitals,2019-03-01,202.3,BLS PCU622---622---
ppi,unexposed,PCU622---622---,Hospitals,2019-04-01,203.1,BLS PCU622---622---
ppi,unexposed,PCU622---622---,Hospitals,2019-05-01,202.8,BLS PCU622---622---
ppi,unexposed,PCU622---622---,Hospitals,2019-06-01,203.0,BLS PCU622---622---
ppi,unexposed,PCU622---622---,Hospitals,2019-07-01,203.3,BLS PCU622---622---
ppi,unexposed,PCU622---622---,Hospitals,2019-08-01,203.8,BLS PCU622---622---
ppi,unexposed,PCU622---622---,Hospitals,2019-09-01,203.9,BLS PCU622---622---
ppi,unexposed,PCU622---622---,Hospitals,2019-10-01,206.1,BLS PCU622---622---
ppi,unexposed,PCU622---622---,Hospitals,2019-11-01,206.1,BLS PCU622---622---
ppi,unexposed,PCU622---622---,Hospitals,2019-12-01,205.5,BLS PCU622---622---
ppi,unexposed,PCU622---622---,Hospitals,2020-01-01,207.0,BLS PCU622---622---
ppi,unexposed,PCU622---622---,Hospitals,2020-02-01,207.3,BLS PCU622---622---
ppi,unexposed,PCU622---622---,Hospitals,2020-03-01,207.3,BLS PCU622---622---
ppi,unexposed,PCU622---622---,Hospitals,2020-04-01,208.4,BLS PCU622---622---
ppi,unexposed,PCU622---622---,Hospitals,2020-05-01,209.5,BLS PCU622---622---
ppi,unexposed,PCU622---622---,Hospitals,2020-06-01,209.9,BLS PCU622---622---
ppi,unexposed,PCU622---622---,Hospitals,2020-07-01,210.9,BLS PCU622---622---
ppi,unexposed,PCU622---622---,Hospitals,2020-08-01,212.2,BLS PCU622---622---
ppi,unexposed,PCU622---622---,Hospitals,2020-09-01,212.1,BLS PCU622---622---
ppi,unexposed,PCU622---622---,Hospitals,2020-10-01,213.0,BLS PCU622---622---
ppi,unexposed,PCU622---622---,Hospitals,2020-11-01,213.1,BLS PCU622---622---
ppi,unexposed,PCU622---622---,Hospitals,2020-12-01,213.0,BLS PCU622---622---
ppi,unexposed,PCU622---622---,Hospitals,2021-01-01,214.6,BLS PCU622---622---
ppi,unexposed,PCU622---622---,Hospitals,2021-02-01,216.4,BLS PCU622---622---
ppi,unexposed,PCU622---622---,Hospitals,2021-03-01,216.5,BLS PCU622---622---
ppi,unexposed,PCU622---622---,Hospitals,2021-04-01,216.5,BLS PCU622---622---
ppi,unexposed,PCU622---622---,Hospitals,2021-05-01,216.8,BLS PCU622---622---
ppi,unexposed,PCU622---622---,Hospitals,2021-06-01,215.9,BLS PCU622---622---
ppi,unexposed,PCU622---622---,Hospitals,2021-07-01,216.805,BLS PCU622---622---
ppi,unexposed,PCU622---622---,Hospitals,2021-08-01,217.251,BLS PCU622---622---
ppi,unexposed,PCU622---622---,Hospitals,2021-09-01,217.343,BLS PCU622---622---
ppi,unexposed,PCU622---622---,Hospitals,2021-10-01,217.618,BLS PCU622---622---
ppi,unexposed,PCU622---622---,Hospitals,2021-11-01,217.753,BLS PCU622---622---
ppi,unexposed,PCU622---622---,Hospitals,2021-12-01,218.085,BLS PCU622---622---
ppi,unexposed,PCU622---622---,Hospitals,2022-01-01,221.208,BLS PCU622---622---
ppi,unexposed,PCU622---622---,Hospitals,2022-02-01,221.247,BLS PCU622---622---
ppi,unexposed,PCU622---622---,Hospitals,2022-03-01,221.206,BLS PCU622---622---
ppi,unexposed,PCU622---622---,Hospitals,2022-04-01,220.657,BLS PCU622---622---
ppi,unexposed,PCU622---622---,Hospitals,2022-05-01,221.451,BLS PCU622---622---
ppi,unexposed,PCU622---622---,Hospitals,2022-06-01,223.143,BLS PCU622---622---
ppi,unexposed,PCU622---622---,Hospitals,2022-07-01,223.947,BLS PCU622---622---
ppi,unexposed,PCU622---622---,Hospitals,2022-08-01,224.471,BLS PCU622---622---
ppi,unexposed,PCU622---622---,Hospitals,2022-09-01,224.204,BLS PCU622---622---
ppi,unexposed,PCU622---622---,Hospitals,2022-10-01,224.882,BLS PCU622---622---
ppi,unexposed,PCU622---622---,Hospitals,2022-11-01,224.414,BLS PCU622---622---
ppi,unexposed,PCU622---622---,Hospitals,2022-12-01,224.768,BLS PCU622---622---
ppi,unexposed,PCU622---622---,Hospitals,2023-01-01,226.111,BLS PCU622---622---
ppi,unexposed,PCU622---622---,Hospitals,2023-02-01,226.4,BLS PCU622---622---
ppi,unexposed,PCU622---622---,Hospitals,2023-03-01,226.756,BLS PCU622---622---
ppi,unexposed,PCU622---622---,Hospitals,2023-04-01,228.05,BLS PCU622---622---
ppi,unexposed,PCU622---622---,Hospitals,2023-05-01,228.586,BLS PCU622---622---
ppi,unexposed,PCU622---622---,Hospitals,2023-06-01,228.517,BLS PCU622---622---
ppi,unexposed,PCU622---622---,Hospitals,2023-07-01,229.52,BLS PCU622---622---
ppi,unexposed,PCU622---622---,Hospitals,2023-08-01,229.533,BLS PCU622---622---
ppi,unexposed,PCU622---622---,Hospitals,2023-09-01,228.886,BLS PCU622---622---
ppi,unexposed,PCU622---622---,Hospitals,2023-10-01,231.428,BLS PCU622---622---
ppi,unexposed,PCU622---622---,Hospitals,2023-11-01,231.668,BLS PCU622---622---
ppi,unexposed,PCU622---622---,Hospitals,2023-12-01,231.348,BLS PCU622---622---
ppi,unexposed,PCU622---622---,Hospitals,2024-01-01,234.32,BLS PCU622---622---
ppi,unexposed,PCU622---622---,Hospitals,2024-02-01,234.939,BLS PCU622---622---
ppi,unexposed,PCU622---622---,Hospitals,2024-03-01,234.822,BLS PCU622---622---
ppi,unexposed,PCU622---622---,Hospitals,2024-04-01,235.022,BLS PCU622---622---
ppi,unexposed,PCU622---622---,Hospitals,2024-05-01,235.941,BLS PCU622---622---
ppi,unexposed,PCU622---622---,Hospitals,2024-06-01,235.952,BLS PCU622---622---
ppi,unexposed,PCU622---622---,Hospitals,2024-07-01,236.511,BLS PCU622---622---
ppi,unexposed,PCU622---622---,Hospitals,2024-08-01,237.261,BLS PCU622---622---
ppi,unexposed,PCU622---622---,Hospitals,2024-09-01,237.294,BLS PCU622---622---
ppi,unexposed,PCU622---622---,Hospitals,2024-10-01,238.753,BLS PCU622---622---
ppi,unexposed,PCU622---622---,Hospitals,2024-11-01,238.941,BLS PCU622---622---
ppi,unexposed,PCU622---622---,Hospitals,2024-12-01,239.142,BLS PCU622---622---
ppi,unexposed,PCU622---622---,Hospitals,2025-01-01,240.578,BLS PCU622---622---
ppi,unexposed,PCU622---622---,Hospitals,2025-02-01,241.999,BLS PCU622---622---
ppi,unexposed,PCU622---622---,Hospitals,2025-03-01,242.087,BLS PCU622---622---
ppi,unexposed,PCU622---622---,Hospitals,2025-04-01,242.724,BLS PCU622---622---
ppi,unexposed,PCU622---622---,Hospitals,2025-05-01,242.862,BLS PCU622---622---
ppi,unexposed,PCU622---622---,Hospitals,2025-06-01,243.677,BLS PCU622---622---
ppi,unexposed,PCU622---622---,Hospitals,2025-07-01,243.889,BLS PCU622---622---
ppi,unexposed,PCU622---622---,Hospitals,2025-08-01,244.898,BLS PCU622---622---
ppi,unexposed,PCU622---622---,Hospitals,2025-09-01,244.536,BLS PCU622---622---
ppi,unexposed,PCU622---622---,Hospitals,2025-10-01,247.985,BLS PCU622---622---
ppi,unexposed,PCU622---622---,Hospitals,2025-11-01,248.532,BLS PCU622---622---
ppi,unexposed,PCU622---622---,Hospitals,2025-12-01,247.53,BLS PCU622---622---
ppi,unexposed,PCU622---622---,Hospitals,2026-01-01,249.126,BLS PCU622---622---
ppi,unexposed,PCU622---622---,Hospitals,2026-02-01,249.158,BLS PCU622---622---
ppi,unexposed,PCU622---622---,Hospitals,2026-03-01,249.66,BLS PCU622---622---
ppi,unexposed,PCU622---622---,Hospitals,2026-04-01,249.84,BLS PCU622---622---
ppi,unexposed,PCU622---622---,Hospitals,2026-05-01,250.197,BLS PCU622---622---
ppi,unexposed,PCU622---622---,Hospitals,2026-06-01,251.942,BLS PCU622---622---
ppi,unexposed,PCU622---622---,Hospitals,2026-07-01,251.94,BLS PCU622---622---
ppi,unexposed,PCU622---622---,Hospitals,2026-08-01,253.51,BLS PCU622---622---
ppi,unexposed,PCU7211--7211--,Hotels,2007-01-01,138.7,BLS PCU7211--7211--
ppi,unexposed,PCU7211--7211--,Hotels,2007-02-01,138.4,BLS PCU7211--7211--
ppi,unexposed,PCU7211--7211--,Hotels,2007-03-01,139.1,BLS PCU7211--7211--
ppi,unexposed,PCU7211--7211--,Hotels,2007-04-01,140.7,BLS PCU7211--7211--
ppi,unexposed,PCU7211--7211--,Hotels,2007-05-01,141.1,BLS PCU7211--7211--
ppi,unexposed,PCU7211--7211--,Hotels,2007-06-01,143.1,BLS PCU7211--7211--
ppi,unexposed,PCU7211--7211--,Hotels,2007-07-01,147.1,BLS PCU7211--7211--
ppi,unexposed,PCU7211--7211--,Hotels,2007-08-01,147.2,BLS PCU7211--7211--
ppi,unexposed,PCU7211--7211--,Hotels,2007-09-01,145.0,BLS PCU7211--7211--
ppi,unexposed,PCU7211--7211--,Hotels,2007-10-01,145.8,BLS PCU7211--7211--
ppi,unexposed,PCU7211--7211--,Hotels,2007-11-01,144.7,BLS PCU7211--7211--
ppi,unexposed,PCU7211--7211--,Hotels,2007-12-01,143.7,BLS PCU7211--7211--
ppi,unexposed,PCU7211--7211--,Hotels,2008-01-01,145.4,BLS PCU7211--7211--
ppi,unexposed,PCU7211--7211--,Hotels,2008-02-01,145.2,BLS PCU7211--7211--
ppi,unexposed,PCU7211--7211--,Hotels,2008-03-01,145.3,BLS PCU7211--7211--
ppi,unexposed,PCU7211--7211--,Hotels,2008-04-01,145.6,BLS PCU7211--7211--
ppi,unexposed,PCU7211--7211--,Hotels,2008-05-01,144.9,BLS PCU7211--7211--
ppi,unexposed,PCU7211--7211--,Hotels,2008-06-01,147.0,BLS PCU7211--7211--
ppi,unexposed,PCU7211--7211--,Hotels,2008-07-01,149.9,BLS PCU7211--7211--
ppi,unexposed,PCU7211--7211--,Hotels,2008-08-01,150.9,BLS PCU7211--7211--
ppi,unexposed,PCU7211--7211--,Hotels,2008-09-01,146.9,BLS PCU7211--7211--
ppi,unexposed,PCU7211--7211--,Hotels,2008-10-01,145.6,BLS PCU7211--7211--
ppi,unexposed,PCU7211--7211--,Hotels,2008-11-01,144.3,BLS PCU7211--7211--
ppi,unexposed,PCU7211--7211--,Hotels,2008-12-01,141.6,BLS PCU7211--7211--
ppi,unexposed,PCU7211--7211--,Hotels,2009-01-01,140.6,BLS PCU7211--7211--
ppi,unexposed,PCU7211--7211--,Hotels,2009-02-01,139.9,BLS PCU7211--7211--
ppi,unexposed,PCU7211--7211--,Hotels,2009-03-01,141.3,BLS PCU7211--7211--
ppi,unexposed,PCU7211--7211--,Hotels,2009-04-01,141.5,BLS PCU7211--7211--
ppi,unexposed,PCU7211--7211--,Hotels,2009-05-01,141.0,BLS PCU7211--7211--
ppi,unexposed,PCU7211--7211--,Hotels,2009-06-01,143.7,BLS PCU7211--7211--
ppi,unexposed,PCU7211--7211--,Hotels,2009-07-01,146.0,BLS PCU7211--7211--
ppi,unexposed,PCU7211--7211--,Hotels,2009-08-01,144.9,BLS PCU7211--7211--
ppi,unexposed,PCU7211--7211--,Hotels,2009-09-01,140.9,BLS PCU7211--7211--
ppi,unexposed,PCU7211--7211--,Hotels,2009-10-01,141.8,BLS PCU7211--7211--
ppi,unexposed,PCU7211--7211--,Hotels,2009-11-01,139.8,BLS PCU7211--7211--
ppi,unexposed,PCU7211--7211--,Hotels,2009-12-01,137.2,BLS PCU7211--7211--
ppi,unexposed,PCU7211--7211--,Hotels,2010-01-01,139.3,BLS PCU7211--7211--
ppi,unexposed,PCU7211--7211--,Hotels,2010-02-01,140.6,BLS PCU7211--7211--
ppi,unexposed,PCU7211--7211--,Hotels,2010-03-01,140.3,BLS PCU7211--7211--
ppi,unexposed,PCU7211--7211--,Hotels,2010-04-01,140.5,BLS PCU7211--7211--
ppi,unexposed,PCU7211--7211--,Hotels,2010-05-01,140.8,BLS PCU7211--7211--
ppi,unexposed,PCU7211--7211--,Hotels,2010-06-01,141.2,BLS PCU7211--7211--
ppi,unexposed,PCU7211--7211--,Hotels,2010-07-01,141.8,BLS PCU7211--7211--
ppi,unexposed,PCU7211--7211--,Hotels,2010-08-01,141.2,BLS PCU7211--7211--
ppi,unexposed,PCU7211--7211--,Hotels,2010-09-01,140.5,BLS PCU7211--7211--
ppi,unexposed,PCU7211--7211--,Hotels,2010-10-01,141.3,BLS PCU7211--7211--
ppi,unexposed,PCU7211--7211--,Hotels,2010-11-01,141.0,BLS PCU7211--7211--
ppi,unexposed,PCU7211--7211--,Hotels,2010-12-01,138.3,BLS PCU7211--7211--
ppi,unexposed,PCU7211--7211--,Hotels,2011-01-01,140.0,BLS PCU7211--7211--
ppi,unexposed,PCU7211--7211--,Hotels,2011-02-01,140.9,BLS PCU7211--7211--
ppi,unexposed,PCU7211--7211--,Hotels,2011-03-01,143.6,BLS PCU7211--7211--
ppi,unexposed,PCU7211--7211--,Hotels,2011-04-01,142.5,BLS PCU7211--7211--
ppi,unexposed,PCU7211--7211--,Hotels,2011-05-01,142.6,BLS PCU7211--7211--
ppi,unexposed,PCU7211--7211--,Hotels,2011-06-01,141.9,BLS PCU7211--7211--
ppi,unexposed,PCU7211--7211--,Hotels,2011-07-01,143.4,BLS PCU7211--7211--
ppi,unexposed,PCU7211--7211--,Hotels,2011-08-01,143.5,BLS PCU7211--7211--
ppi,unexposed,PCU7211--7211--,Hotels,2011-09-01,143.6,BLS PCU7211--7211--
ppi,unexposed,PCU7211--7211--,Hotels,2011-10-01,145.2,BLS PCU7211--7211--
ppi,unexposed,PCU7211--7211--,Hotels,2011-11-01,144.1,BLS PCU7211--7211--
ppi,unexposed,PCU7211--7211--,Hotels,2011-12-01,142.9,BLS PCU7211--7211--
ppi,unexposed,PCU7211--7211--,Hotels,2012-01-01,142.4,BLS PCU7211--7211--
ppi,unexposed,PCU7211--7211--,Hotels,2012-02-01,143.9,BLS PCU7211--7211--
ppi,unexposed,PCU7211--7211--,Hotels,2012-03-01,149.0,BLS PCU7211--7211--
ppi,unexposed,PCU7211--7211--,Hotels,2012-04-01,147.6,BLS PCU7211--7211--
ppi,unexposed,PCU7211--7211--,Hotels,2012-05-01,146.0,BLS PCU7211--7211--
ppi,unexposed,PCU7211--7211--,Hotels,2012-06-01,147.2,BLS PCU7211--7211--
ppi,unexposed,PCU7211--7211--,Hotels,2012-07-01,148.0,BLS PCU7211--7211--
ppi,unexposed,PCU7211--7211--,Hotels,2012-08-01,148.7,BLS PCU7211--7211--
ppi,unexposed,PCU7211--7211--,Hotels,2012-09-01,148.4,BLS PCU7211--7211--
ppi,unexposed,PCU7211--7211--,Hotels,2012-10-01,148.2,BLS PCU7211--7211--
ppi,unexposed,PCU7211--7211--,Hotels,2012-11-01,144.2,BLS PCU7211--7211--
ppi,unexposed,PCU7211--7211--,Hotels,2012-12-01,142.1,BLS PCU7211--7211--
ppi,unexposed,PCU7211--7211--,Hotels,2013-01-01,142.2,BLS PCU7211--7211--
ppi,unexposed,PCU7211--7211--,Hotels,2013-02-01,145.6,BLS PCU7211--7211--
ppi,unexposed,PCU7211--7211--,Hotels,2013-03-01,150.7,BLS PCU7211--7211--
ppi,unexposed,PCU7211--7211--,Hotels,2013-04-01,149.8,BLS PCU7211--7211--
ppi,unexposed,PCU7211--7211--,Hotels,2013-05-01,149.2,BLS PCU7211--7211--
ppi,unexposed,PCU7211--7211--,Hotels,2013-06-01,150.9,BLS PCU7211--7211--
ppi,unexposed,PCU7211--7211--,Hotels,2013-07-01,154.5,BLS PCU7211--7211--
ppi,unexposed,PCU7211--7211--,Hotels,2013-08-01,151.5,BLS PCU7211--7211--
ppi,unexposed,PCU7211--7211--,Hotels,2013-09-01,151.4,BLS PCU7211--7211--
ppi,unexposed,PCU7211--7211--,Hotels,2013-10-01,150.9,BLS PCU7211--7211--
ppi,unexposed,PCU7211--7211--,Hotels,2013-11-01,147.9,BLS PCU7211--7211--
ppi,unexposed,PCU7211--7211--,Hotels,2013-12-01,144.7,BLS PCU7211--7211--
ppi,unexposed,PCU7211--7211--,Hotels,2014-01-01,147.1,BLS PCU7211--7211--
ppi,unexposed,PCU7211--7211--,Hotels,2014-02-01,150.4,BLS PCU7211--7211--
ppi,unexposed,PCU7211--7211--,Hotels,2014-03-01,152.3,BLS PCU7211--7211--
ppi,unexposed,PCU7211--7211--,Hotels,2014-04-01,152.8,BLS PCU7211--7211--
ppi,unexposed,PCU7211--7211--,Hotels,2014-05-01,154.6,BLS PCU7211--7211--
ppi,unexposed,PCU7211--7211--,Hotels,2014-06-01,155.8,BLS PCU7211--7211--
ppi,unexposed,PCU7211--7211--,Hotels,2014-07-01,156.8,BLS PCU7211--7211--
ppi,unexposed,PCU7211--7211--,Hotels,2014-08-01,158.7,BLS PCU7211--7211--
ppi,unexposed,PCU7211--7211--,Hotels,2014-09-01,156.0,BLS PCU7211--7211--
ppi,unexposed,PCU7211--7211--,Hotels,2014-10-01,159.0,BLS PCU7211--7211--
ppi,unexposed,PCU7211--7211--,Hotels,2014-11-01,152.2,BLS PCU7211--7211--
ppi,unexposed,PCU7211--7211--,Hotels,2014-12-01,149.8,BLS PCU7211--7211--
ppi,unexposed,PCU7211--7211--,Hotels,2015-01-01,151.1,BLS PCU7211--7211--
ppi,unexposed,PCU7211--7211--,Hotels,2015-02-01,154.8,BLS PCU7211--7211--
ppi,unexposed,PCU7211--7211--,Hotels,2015-03-01,158.5,BLS PCU7211--7211--
ppi,unexposed,PCU7211--7211--,Hotels,2015-04-01,155.9,BLS PCU7211--7211--
ppi,unexposed,PCU7211--7211--,Hotels,2015-05-01,156.7,BLS PCU7211--7211--
ppi,unexposed,PCU7211--7211--,Hotels,2015-06-01,159.6,BLS PCU7211--7211--
ppi,unexposed,PCU7211--7211--,Hotels,2015-07-01,164.1,BLS PCU7211--7211--
ppi,unexposed,PCU7211--7211--,Hotels,2015-08-01,161.1,BLS PCU7211--7211--
ppi,unexposed,PCU7211--7211--,Hotels,2015-09-01,157.8,BLS PCU7211--7211--
ppi,unexposed,PCU7211--7211--,Hotels,2015-10-01,160.0,BLS PCU7211--7211--
ppi,unexposed,PCU7211--7211--,Hotels,2015-11-01,152.8,BLS PCU7211--7211--
ppi,unexposed,PCU7211--7211--,Hotels,2015-12-01,151.2,BLS PCU7211--7211--
ppi,unexposed,PCU7211--7211--,Hotels,2016-01-01,153.9,BLS PCU7211--7211--
ppi,unexposed,PCU7211--7211--,Hotels,2016-02-01,156.3,BLS PCU7211--7211--
ppi,unexposed,PCU7211--7211--,Hotels,2016-03-01,161.4,BLS PCU7211--7211--
ppi,unexposed,PCU7211--7211--,Hotels,2016-04-01,159.0,BLS PCU7211--7211--
ppi,unexposed,PCU7211--7211--,Hotels,2016-05-01,159.3,BLS PCU7211--7211--
ppi,unexposed,PCU7211--7211--,Hotels,2016-06-01,165.1,BLS PCU7211--7211--
ppi,unexposed,PCU7211--7211--,Hotels,2016-07-01,167.4,BLS PCU7211--7211--
ppi,unexposed,PCU7211--7211--,Hotels,2016-08-01,165.6,BLS PCU7211--7211--
ppi,unexposed,PCU7211--7211--,Hotels,2016-09-01,162.1,BLS PCU7211--7211--
ppi,unexposed,PCU7211--7211--,Hotels,2016-10-01,162.9,BLS PCU7211--7211--
ppi,unexposed,PCU7211--7211--,Hotels,2016-11-01,155.5,BLS PCU7211--7211--
ppi,unexposed,PCU7211--7211--,Hotels,2016-12-01,154.6,BLS PCU7211--7211--
ppi,unexposed,PCU7211--7211--,Hotels,2017-01-01,155.0,BLS PCU7211--7211--
ppi,unexposed,PCU7211--7211--,Hotels,2017-02-01,158.2,BLS PCU7211--7211--
ppi,unexposed,PCU7211--7211--,Hotels,2017-03-01,163.0,BLS PCU7211--7211--
ppi,unexposed,PCU7211--7211--,Hotels,2017-04-01,163.8,BLS PCU7211--7211--
ppi,unexposed,PCU7211--7211--,Hotels,2017-05-01,162.7,BLS PCU7211--7211--
ppi,unexposed,PCU7211--7211--,Hotels,2017-06-01,166.2,BLS PCU7211--7211--
ppi,unexposed,PCU7211--7211--,Hotels,2017-07-01,172.8,BLS PCU7211--7211--
ppi,unexposed,PCU7211--7211--,Hotels,2017-08-01,166.2,BLS PCU7211--7211--
ppi,unexposed,PCU7211--7211--,Hotels,2017-09-01,163.8,BLS PCU7211--7211--
ppi,unexposed,PCU7211--7211--,Hotels,2017-10-01,165.0,BLS PCU7211--7211--
ppi,unexposed,PCU7211--7211--,Hotels,2017-11-01,159.8,BLS PCU7211--7211--
ppi,unexposed,PCU7211--7211--,Hotels,2017-12-01,157.2,BLS PCU7211--7211--
ppi,unexposed,PCU7211--7211--,Hotels,2018-01-01,160.2,BLS PCU7211--7211--
ppi,unexposed,PCU7211--7211--,Hotels,2018-02-01,166.9,BLS PCU7211--7211--
ppi,unexposed,PCU7211--7211--,Hotels,2018-03-01,172.8,BLS PCU7211--7211--
ppi,unexposed,PCU7211--7211--,Hotels,2018-04-01,164.5,BLS PCU7211--7211--
ppi,unexposed,PCU7211--7211--,Hotels,2018-05-01,165.9,BLS PCU7211--7211--
ppi,unexposed,PCU7211--7211--,Hotels,2018-06-01,169.2,BLS PCU7211--7211--
ppi,unexposed,PCU7211--7211--,Hotels,2018-07-01,175.3,BLS PCU7211--7211--
ppi,unexposed,PCU7211--7211--,Hotels,2018-08-01,173.0,BLS PCU7211--7211--
ppi,unexposed,PCU7211--7211--,Hotels,2018-09-01,168.3,BLS PCU7211--7211--
ppi,unexposed,PCU7211--7211--,Hotels,2018-10-01,170.4,BLS PCU7211--7211--
ppi,unexposed,PCU7211--7211--,Hotels,2018-11-01,164.6,BLS PCU7211--7211--
ppi,unexposed,PCU7211--7211--,Hotels,2018-12-01,163.4,BLS PCU7211--7211--
ppi,unexposed,PCU7211--7211--,Hotels,2019-01-01,163.7,BLS PCU7211--7211--
ppi,unexposed,PCU7211--7211--,Hotels,2019-02-01,170.6,BLS PCU7211--7211--
ppi,unexposed,PCU7211--7211--,Hotels,2019-03-01,173.4,BLS PCU7211--7211--
ppi,unexposed,PCU7211--7211--,Hotels,2019-04-01,170.3,BLS PCU7211--7211--
ppi,unexposed,PCU7211--7211--,Hotels,2019-05-01,173.3,BLS PCU7211--7211--
ppi,unexposed,PCU7211--7211--,Hotels,2019-06-01,175.2,BLS PCU7211--7211--
ppi,unexposed,PCU7211--7211--,Hotels,2019-07-01,177.5,BLS PCU7211--7211--
ppi,unexposed,PCU7211--7211--,Hotels,2019-08-01,177.5,BLS PCU7211--7211--
ppi,unexposed,PCU7211--7211--,Hotels,2019-09-01,171.9,BLS PCU7211--7211--
ppi,unexposed,PCU7211--7211--,Hotels,2019-10-01,173.0,BLS PCU7211--7211--
ppi,unexposed,PCU7211--7211--,Hotels,2019-11-01,168.6,BLS PCU7211--7211--
ppi,unexposed,PCU7211--7211--,Hotels,2019-12-01,165.8,BLS PCU7211--7211--
ppi,unexposed,PCU7211--7211--,Hotels,2020-01-01,167.6,BLS PCU7211--7211--
ppi,unexposed,PCU7211--7211--,Hotels,2020-02-01,164.3,BLS PCU7211--7211--
ppi,unexposed,PCU7211--7211--,Hotels,2020-03-01,164.9,BLS PCU7211--7211--
ppi,unexposed,PCU7211--7211--,Hotels,2020-04-01,150.3,BLS PCU7211--7211--
ppi,unexposed,PCU7211--7211--,Hotels,2020-05-01,154.0,BLS PCU7211--7211--
ppi,unexposed,PCU7211--7211--,Hotels,2020-06-01,154.1,BLS PCU7211--7211--
ppi,unexposed,PCU7211--7211--,Hotels,2020-07-01,154.1,BLS PCU7211--7211--
ppi,unexposed,PCU7211--7211--,Hotels,2020-08-01,153.7,BLS PCU7211--7211--
ppi,unexposed,PCU7211--7211--,Hotels,2020-09-01,153.3,BLS PCU7211--7211--
ppi,unexposed,PCU7211--7211--,Hotels,2020-10-01,152.1,BLS PCU7211--7211--
ppi,unexposed,PCU7211--7211--,Hotels,2020-11-01,148.7,BLS PCU7211--7211--
ppi,unexposed,PCU7211--7211--,Hotels,2020-12-01,150.4,BLS PCU7211--7211--
ppi,unexposed,PCU7211--7211--,Hotels,2021-01-01,154.5,BLS PCU7211--7211--
ppi,unexposed,PCU7211--7211--,Hotels,2021-02-01,156.1,BLS PCU7211--7211--
ppi,unexposed,PCU7211--7211--,Hotels,2021-03-01,157.9,BLS PCU7211--7211--
ppi,unexposed,PCU7211--7211--,Hotels,2021-04-01,157.8,BLS PCU7211--7211--
ppi,unexposed,PCU7211--7211--,Hotels,2021-05-01,159.1,BLS PCU7211--7211--
ppi,unexposed,PCU7211--7211--,Hotels,2021-06-01,166.0,BLS PCU7211--7211--
ppi,unexposed,PCU7211--7211--,Hotels,2021-07-01,177.156,BLS PCU7211--7211--
ppi,unexposed,PCU7211--7211--,Hotels,2021-08-01,175.581,BLS PCU7211--7211--
ppi,unexposed,PCU7211--7211--,Hotels,2021-09-01,171.021,BLS PCU7211--7211--
ppi,unexposed,PCU7211--7211--,Hotels,2021-10-01,171.55,BLS PCU7211--7211--
ppi,unexposed,PCU7211--7211--,Hotels,2021-11-01,172.837,BLS PCU7211--7211--
ppi,unexposed,PCU7211--7211--,Hotels,2021-12-01,176.641,BLS PCU7211--7211--
ppi,unexposed,PCU7211--7211--,Hotels,2022-01-01,175.064,BLS PCU7211--7211--
ppi,unexposed,PCU7211--7211--,Hotels,2022-02-01,177.291,BLS PCU7211--7211--
ppi,unexposed,PCU7211--7211--,Hotels,2022-03-01,193.656,BLS PCU7211--7211--
ppi,unexposed,PCU7211--7211--,Hotels,2022-04-01,186.435,BLS PCU7211--7211--
ppi,unexposed,PCU7211--7211--,Hotels,2022-05-01,185.318,BLS PCU7211--7211--
ppi,unexposed,PCU7211--7211--,Hotels,2022-06-01,195.365,BLS PCU7211--7211--
ppi,unexposed,PCU7211--7211--,Hotels,2022-07-01,198.04,BLS PCU7211--7211--
ppi,unexposed,PCU7211--7211--,Hotels,2022-08-01,190.174,BLS PCU7211--7211--
ppi,unexposed,PCU7211--7211--,Hotels,2022-09-01,187.105,BLS PCU7211--7211--
ppi,unexposed,PCU7211--7211--,Hotels,2022-10-01,193.019,BLS PCU7211--7211--
ppi,unexposed,PCU7211--7211--,Hotels,2022-11-01,189.629,BLS PCU7211--7211--
ppi,unexposed,PCU7211--7211--,Hotels,2022-12-01,189.735,BLS PCU7211--7211--
ppi,unexposed,PCU7211--7211--,Hotels,2023-01-01,183.975,BLS PCU7211--7211--
ppi,unexposed,PCU7211--7211--,Hotels,2023-02-01,186.536,BLS PCU7211--7211--
ppi,unexposed,PCU7211--7211--,Hotels,2023-03-01,197.262,BLS PCU7211--7211--
ppi,unexposed,PCU7211--7211--,Hotels,2023-04-01,195.716,BLS PCU7211--7211--
ppi,unexposed,PCU7211--7211--,Hotels,2023-05-01,192.074,BLS PCU7211--7211--
ppi,unexposed,PCU7211--7211--,Hotels,2023-06-01,201.789,BLS PCU7211--7211--
ppi,unexposed,PCU7211--7211--,Hotels,2023-07-01,201.875,BLS PCU7211--7211--
ppi,unexposed,PCU7211--7211--,Hotels,2023-08-01,197.144,BLS PCU7211--7211--
ppi,unexposed,PCU7211--7211--,Hotels,2023-09-01,195.514,BLS PCU7211--7211--
ppi,unexposed,PCU7211--7211--,Hotels,2023-10-01,194.346,BLS PCU7211--7211--
ppi,unexposed,PCU7211--7211--,Hotels,2023-11-01,191.09,BLS PCU7211--7211--
ppi,unexposed,PCU7211--7211--,Hotels,2023-12-01,188.88,BLS PCU7211--7211--
ppi,unexposed,PCU7211--7211--,Hotels,2024-01-01,188.685,BLS PCU7211--7211--
ppi,unexposed,PCU7211--7211--,Hotels,2024-02-01,190.846,BLS PCU7211--7211--
ppi,unexposed,PCU7211--7211--,Hotels,2024-03-01,194.41,BLS PCU7211--7211--
ppi,unexposed,PCU7211--7211--,Hotels,2024-04-01,195.786,BLS PCU7211--7211--
ppi,unexposed,PCU7211--7211--,Hotels,2024-05-01,198.361,BLS PCU7211--7211--
ppi,unexposed,PCU7211--7211--,Hotels,2024-06-01,206.073,BLS PCU7211--7211--
ppi,unexposed,PCU7211--7211--,Hotels,2024-07-01,201.115,BLS PCU7211--7211--
ppi,unexposed,PCU7211--7211--,Hotels,2024-08-01,201.019,BLS PCU7211--7211--
ppi,unexposed,PCU7211--7211--,Hotels,2024-09-01,199.059,BLS PCU7211--7211--
ppi,unexposed,PCU7211--7211--,Hotels,2024-10-01,202.355,BLS PCU7211--7211--
ppi,unexposed,PCU7211--7211--,Hotels,2024-11-01,194.3,BLS PCU7211--7211--
ppi,unexposed,PCU7211--7211--,Hotels,2024-12-01,192.01,BLS PCU7211--7211--
ppi,unexposed,PCU7211--7211--,Hotels,2025-01-01,198.821,BLS PCU7211--7211--
ppi,unexposed,PCU7211--7211--,Hotels,2025-02-01,197.799,BLS PCU7211--7211--
ppi,unexposed,PCU7211--7211--,Hotels,2025-03-01,203.707,BLS PCU7211--7211--
ppi,unexposed,PCU7211--7211--,Hotels,2025-04-01,197.247,BLS PCU7211--7211--
ppi,unexposed,PCU7211--7211--,Hotels,2025-05-01,197.607,BLS PCU7211--7211--
ppi,unexposed,PCU7211--7211--,Hotels,2025-06-01,200.991,BLS PCU7211--7211--
ppi,unexposed,PCU7211--7211--,Hotels,2025-07-01,202.935,BLS PCU7211--7211--
ppi,unexposed,PCU7211--7211--,Hotels,2025-08-01,199.611,BLS PCU7211--7211--
ppi,unexposed,PCU7211--7211--,Hotels,2025-09-01,200.4,BLS PCU7211--7211--
ppi,unexposed,PCU7211--7211--,Hotels,2025-10-01,206.981,BLS PCU7211--7211--
ppi,unexposed,PCU7211--7211--,Hotels,2025-11-01,198.378,BLS PCU7211--7211--
ppi,unexposed,PCU7211--7211--,Hotels,2025-12-01,200.44,BLS PCU7211--7211--
ppi,unexposed,PCU7211--7211--,Hotels,2026-01-01,199.884,BLS PCU7211--7211--
ppi,unexposed,PCU7211--7211--,Hotels,2026-02-01,204.858,BLS PCU7211--7211--
ppi,unexposed,PCU7211--7211--,Hotels,2026-03-01,208.525,BLS PCU7211--7211--
ppi,unexposed,PCU7211--7211--,Hotels,2026-04-01,203.886,BLS PCU7211--7211--
ppi,unexposed,PCU7211--7211--,Hotels,2026-05-01,206.039,BLS PCU7211--7211--
ppi,unexposed,PCU7211--7211--,Hotels,2026-06-01,211.483,BLS PCU7211--7211--
ppi,unexposed,PCU7211--7211--,Hotels,2026-07-01,210.436,BLS PCU7211--7211--
ppi,unexposed,PCU7211--7211--,Hotels,2026-08-01,205.107,BLS PCU7211--7211--
productivity,exposed,IPUJN5112__L000000000,Software publishers,2007-06-01,65.044,BLS IPUJN5112__L000000000
productivity,exposed,IPUJN5112__L000000000,Software publishers,2008-06-01,67.589,BLS IPUJN5112__L000000000
productivity,exposed,IPUJN5112__L000000000,Software publishers,2009-06-01,72.225,BLS IPUJN5112__L000000000
productivity,exposed,IPUJN5112__L000000000,Software publishers,2010-06-01,79.211,BLS IPUJN5112__L000000000
productivity,exposed,IPUJN5112__L000000000,Software publishers,2011-06-01,84.065,BLS IPUJN5112__L000000000
productivity,exposed,IPUJN5112__L000000000,Software publishers,2012-06-01,79.461,BLS IPUJN5112__L000000000
productivity,exposed,IPUJN5112__L000000000,Software publishers,2013-06-01,84.398,BLS IPUJN5112__L000000000
productivity,exposed,IPUJN5112__L000000000,Software publishers,2014-06-01,90.125,BLS IPUJN5112__L000000000
productivity,exposed,IPUJN5112__L000000000,Software publishers,2015-06-01,95.316,BLS IPUJN5112__L000000000
productivity,exposed,IPUJN5112__L000000000,Software publishers,2016-06-01,99.213,BLS IPUJN5112__L000000000
productivity,exposed,IPUJN5112__L000000000,Software publishers,2017-06-01,100.0,BLS IPUJN5112__L000000000
productivity,exposed,IPUJN5112__L000000000,Software publishers,2018-06-01,99.542,BLS IPUJN5112__L000000000
productivity,exposed,IPUJN5112__L000000000,Software publishers,2019-06-01,97.373,BLS IPUJN5112__L000000000
productivity,exposed,IPUJN5112__L000000000,Software publishers,2020-06-01,97.303,BLS IPUJN5112__L000000000
productivity,exposed,IPUJN5112__L000000000,Software publishers,2021-06-01,99.956,BLS IPUJN5112__L000000000
productivity,exposed,IPUJN5112__L000000000,Software publishers,2022-06-01,100.453,BLS IPUJN5112__L000000000
productivity,exposed,IPUJN5112__L000000000,Software publishers,2023-06-01,107.344,BLS IPUJN5112__L000000000
productivity,exposed,IPUJN5112__L000000000,Software publishers,2024-06-01,111.691,BLS IPUJN5112__L000000000
productivity,exposed,IPUJN5112__L000000000,Software publishers,2025-06-01,126.045,BLS IPUJN5112__L000000000
productivity,exposed,IPUJN511___L000000000,Publishing (ex internet),2007-06-01,65.866,BLS IPUJN511___L000000000
productivity,exposed,IPUJN511___L000000000,Publishing (ex internet),2008-06-01,66.114,BLS IPUJN511___L000000000
productivity,exposed,IPUJN511___L000000000,Publishing (ex internet),2009-06-01,67.829,BLS IPUJN511___L000000000
productivity,exposed,IPUJN511___L000000000,Publishing (ex internet),2010-06-01,73.267,BLS IPUJN511___L000000000
productivity,exposed,IPUJN511___L000000000,Publishing (ex internet),2011-06-01,74.832,BLS IPUJN511___L000000000
productivity,exposed,IPUJN511___L000000000,Publishing (ex internet),2012-06-01,74.489,BLS IPUJN511___L000000000
productivity,exposed,IPUJN511___L000000000,Publishing (ex internet),2013-06-01,79.975,BLS IPUJN511___L000000000
productivity,exposed,IPUJN511___L000000000,Publishing (ex internet),2014-06-01,85.776,BLS IPUJN511___L000000000
productivity,exposed,IPUJN511___L000000000,Publishing (ex internet),2015-06-01,87.871,BLS IPUJN511___L000000000
productivity,exposed,IPUJN511___L000000000,Publishing (ex internet),2016-06-01,94.902,BLS IPUJN511___L000000000
productivity,exposed,IPUJN511___L000000000,Publishing (ex internet),2017-06-01,100.0,BLS IPUJN511___L000000000
productivity,exposed,IPUJN511___L000000000,Publishing (ex internet),2018-06-01,103.464,BLS IPUJN511___L000000000
productivity,exposed,IPUJN511___L000000000,Publishing (ex internet),2019-06-01,105.848,BLS IPUJN511___L000000000
productivity,exposed,IPUJN511___L000000000,Publishing (ex internet),2020-06-01,108.958,BLS IPUJN511___L000000000
productivity,exposed,IPUJN511___L000000000,Publishing (ex internet),2021-06-01,117.741,BLS IPUJN511___L000000000
productivity,exposed,IPUJN511___L000000000,Publishing (ex internet),2022-06-01,119.928,BLS IPUJN511___L000000000
productivity,exposed,IPUJN511___L000000000,Publishing (ex internet),2023-06-01,127.664,BLS IPUJN511___L000000000
productivity,exposed,IPUJN511___L000000000,Publishing (ex internet),2024-06-01,134.162,BLS IPUJN511___L000000000
productivity,exposed,IPUJN511___L000000000,Publishing (ex internet),2025-06-01,147.721,BLS IPUJN511___L000000000
productivity,exposed,IPUKN52211_L000000000,Commercial banking,2007-06-01,98.498,BLS IPUKN52211_L000000000
productivity,exposed,IPUKN52211_L000000000,Commercial banking,2008-06-01,99.06,BLS IPUKN52211_L000000000
productivity,exposed,IPUKN52211_L000000000,Commercial banking,2009-06-01,111.79,BLS IPUKN52211_L000000000
productivity,exposed,IPUKN52211_L000000000,Commercial banking,2010-06-01,107.45,BLS IPUKN52211_L000000000
productivity,exposed,IPUKN52211_L000000000,Commercial banking,2011-06-01,105.608,BLS IPUKN52211_L000000000
productivity,exposed,IPUKN52211_L000000000,Commercial banking,2012-06-01,108.67,BLS IPUKN52211_L000000000
productivity,exposed,IPUKN52211_L000000000,Commercial banking,2013-06-01,105.1,BLS IPUKN52211_L000000000
productivity,exposed,IPUKN52211_L000000000,Commercial banking,2014-06-01,101.692,BLS IPUKN52211_L000000000
productivity,exposed,IPUKN52211_L000000000,Commercial banking,2015-06-01,102.476,BLS IPUKN52211_L000000000
productivity,exposed,IPUKN52211_L000000000,Commercial banking,2016-06-01,100.25,BLS IPUKN52211_L000000000
productivity,exposed,IPUKN52211_L000000000,Commercial banking,2017-06-01,100.0,BLS IPUKN52211_L000000000
productivity,exposed,IPUKN52211_L000000000,Commercial banking,2018-06-01,99.718,BLS IPUKN52211_L000000000
productivity,exposed,IPUKN52211_L000000000,Commercial banking,2019-06-01,100.361,BLS IPUKN52211_L000000000
productivity,exposed,IPUKN52211_L000000000,Commercial banking,2020-06-01,96.312,BLS IPUKN52211_L000000000
productivity,exposed,IPUKN52211_L000000000,Commercial banking,2021-06-01,107.231,BLS IPUKN52211_L000000000
productivity,exposed,IPUKN52211_L000000000,Commercial banking,2022-06-01,99.877,BLS IPUKN52211_L000000000
productivity,exposed,IPUKN52211_L000000000,Commercial banking,2023-06-01,104.861,BLS IPUKN52211_L000000000
productivity,exposed,IPUKN52211_L000000000,Commercial banking,2024-06-01,106.588,BLS IPUKN52211_L000000000
productivity,exposed,IPUKN52211_L000000000,Commercial banking,2025-06-01,109.997,BLS IPUKN52211_L000000000
productivity,exposed,IPUMN541211L000000000,CPA offices,2007-06-01,74.049,BLS IPUMN541211L000000000
productivity,exposed,IPUMN541211L000000000,CPA offices,2008-06-01,76.713,BLS IPUMN541211L000000000
productivity,exposed,IPUMN541211L000000000,CPA offices,2009-06-01,80.709,BLS IPUMN541211L000000000
productivity,exposed,IPUMN541211L000000000,CPA offices,2010-06-01,84.623,BLS IPUMN541211L000000000
productivity,exposed,IPUMN541211L000000000,CPA offices,2011-06-01,87.552,BLS IPUMN541211L000000000
productivity,exposed,IPUMN541211L000000000,CPA offices,2012-06-01,89.946,BLS IPUMN541211L000000000
productivity,exposed,IPUMN541211L000000000,CPA offices,2013-06-01,89.959,BLS IPUMN541211L000000000
productivity,exposed,IPUMN541211L000000000,CPA offices,2014-06-01,90.165,BLS IPUMN541211L000000000
productivity,exposed,IPUMN541211L000000000,CPA offices,2015-06-01,91.964,BLS IPUMN541211L000000000
productivity,exposed,IPUMN541211L000000000,CPA offices,2016-06-01,97.766,BLS IPUMN541211L000000000
productivity,exposed,IPUMN541211L000000000,CPA offices,2017-06-01,100.0,BLS IPUMN541211L000000000
productivity,exposed,IPUMN541211L000000000,CPA offices,2018-06-01,100.987,BLS IPUMN541211L000000000
productivity,exposed,IPUMN541211L000000000,CPA offices,2019-06-01,100.251,BLS IPUMN541211L000000000
productivity,exposed,IPUMN541211L000000000,CPA offices,2020-06-01,104.821,BLS IPUMN541211L000000000
productivity,exposed,IPUMN541211L000000000,CPA offices,2021-06-01,106.694,BLS IPUMN541211L000000000
productivity,exposed,IPUMN541211L000000000,CPA offices,2022-06-01,105.42,BLS IPUMN541211L000000000
productivity,exposed,IPUMN541211L000000000,CPA offices,2023-06-01,103.303,BLS IPUMN541211L000000000
productivity,exposed,IPUMN541213L000000000,Tax preparation,2007-06-01,96.966,BLS IPUMN541213L000000000
productivity,exposed,IPUMN541213L000000000,Tax preparation,2008-06-01,97.152,BLS IPUMN541213L000000000
productivity,exposed,IPUMN541213L000000000,Tax preparation,2009-06-01,99.448,BLS IPUMN541213L000000000
productivity,exposed,IPUMN541213L000000000,Tax preparation,2010-06-01,103.459,BLS IPUMN541213L000000000
productivity,exposed,IPUMN541213L000000000,Tax preparation,2011-06-01,102.489,BLS IPUMN541213L000000000
productivity,exposed,IPUMN541213L000000000,Tax preparation,2012-06-01,101.806,BLS IPUMN541213L000000000
productivity,exposed,IPUMN541213L000000000,Tax preparation,2013-06-01,107.018,BLS IPUMN541213L000000000
productivity,exposed,IPUMN541213L000000000,Tax preparation,2014-06-01,112.203,BLS IPUMN541213L000000000
productivity,exposed,IPUMN541213L000000000,Tax preparation,2015-06-01,104.608,BLS IPUMN541213L000000000
productivity,exposed,IPUMN541213L000000000,Tax preparation,2016-06-01,103.008,BLS IPUMN541213L000000000
productivity,exposed,IPUMN541213L000000000,Tax preparation,2017-06-01,100.0,BLS IPUMN541213L000000000
productivity,exposed,IPUMN541213L000000000,Tax preparation,2018-06-01,102.364,BLS IPUMN541213L000000000
productivity,exposed,IPUMN541213L000000000,Tax preparation,2019-06-01,102.882,BLS IPUMN541213L000000000
productivity,exposed,IPUMN541213L000000000,Tax preparation,2020-06-01,106.461,BLS IPUMN541213L000000000
productivity,exposed,IPUMN541213L000000000,Tax preparation,2021-06-01,119.562,BLS IPUMN541213L000000000
productivity,exposed,IPUMN541213L000000000,Tax preparation,2022-06-01,112.104,BLS IPUMN541213L000000000
productivity,exposed,IPUMN541213L000000000,Tax preparation,2023-06-01,88.396,BLS IPUMN541213L000000000
productivity,exposed,IPUMN54131_L000000000,Architectural services,2007-06-01,91.264,BLS IPUMN54131_L000000000
productivity,exposed,IPUMN54131_L000000000,Architectural services,2008-06-01,95.631,BLS IPUMN54131_L000000000
productivity,exposed,IPUMN54131_L000000000,Architectural services,2009-06-01,95.291,BLS IPUMN54131_L000000000
productivity,exposed,IPUMN54131_L000000000,Architectural services,2010-06-01,92.263,BLS IPUMN54131_L000000000
productivity,exposed,IPUMN54131_L000000000,Architectural services,2011-06-01,96.331,BLS IPUMN54131_L000000000
productivity,exposed,IPUMN54131_L000000000,Architectural services,2012-06-01,96.808,BLS IPUMN54131_L000000000
productivity,exposed,IPUMN54131_L000000000,Architectural services,2013-06-01,96.994,BLS IPUMN54131_L000000000
productivity,exposed,IPUMN54131_L000000000,Architectural services,2014-06-01,99.224,BLS IPUMN54131_L000000000
productivity,exposed,IPUMN54131_L000000000,Architectural services,2015-06-01,100.807,BLS IPUMN54131_L000000000
productivity,exposed,IPUMN54131_L000000000,Architectural services,2016-06-01,101.568,BLS IPUMN54131_L000000000
productivity,exposed,IPUMN54131_L000000000,Architectural services,2017-06-01,100.0,BLS IPUMN54131_L000000000
productivity,exposed,IPUMN54131_L000000000,Architectural services,2018-06-01,106.079,BLS IPUMN54131_L000000000
productivity,exposed,IPUMN54131_L000000000,Architectural services,2019-06-01,110.991,BLS IPUMN54131_L000000000
productivity,exposed,IPUMN54131_L000000000,Architectural services,2020-06-01,114.417,BLS IPUMN54131_L000000000
productivity,exposed,IPUMN54131_L000000000,Architectural services,2021-06-01,127.082,BLS IPUMN54131_L000000000
productivity,exposed,IPUMN54131_L000000000,Architectural services,2022-06-01,129.243,BLS IPUMN54131_L000000000
productivity,exposed,IPUMN54131_L000000000,Architectural services,2023-06-01,121.463,BLS IPUMN54131_L000000000
productivity,exposed,IPUMN54133_L000000000,Engineering services,2007-06-01,95.162,BLS IPUMN54133_L000000000
productivity,exposed,IPUMN54133_L000000000,Engineering services,2008-06-01,102.821,BLS IPUMN54133_L000000000
productivity,exposed,IPUMN54133_L000000000,Engineering services,2009-06-01,101.301,BLS IPUMN54133_L000000000
productivity,exposed,IPUMN54133_L000000000,Engineering services,2010-06-01,102.877,BLS IPUMN54133_L000000000
productivity,exposed,IPUMN54133_L000000000,Engineering services,2011-06-01,106.164,BLS IPUMN54133_L000000000
productivity,exposed,IPUMN54133_L000000000,Engineering services,2012-06-01,101.606,BLS IPUMN54133_L000000000
productivity,exposed,IPUMN54133_L000000000,Engineering services,2013-06-01,98.115,BLS IPUMN54133_L000000000
productivity,exposed,IPUMN54133_L000000000,Engineering services,2014-06-01,100.528,BLS IPUMN54133_L000000000
productivity,exposed,IPUMN54133_L000000000,Engineering services,2015-06-01,100.497,BLS IPUMN54133_L000000000
productivity,exposed,IPUMN54133_L000000000,Engineering services,2016-06-01,100.389,BLS IPUMN54133_L000000000
productivity,exposed,IPUMN54133_L000000000,Engineering services,2017-06-01,100.0,BLS IPUMN54133_L000000000
productivity,exposed,IPUMN54133_L000000000,Engineering services,2018-06-01,100.315,BLS IPUMN54133_L000000000
productivity,exposed,IPUMN54133_L000000000,Engineering services,2019-06-01,100.901,BLS IPUMN54133_L000000000
productivity,exposed,IPUMN54133_L000000000,Engineering services,2020-06-01,100.988,BLS IPUMN54133_L000000000
productivity,exposed,IPUMN54133_L000000000,Engineering services,2021-06-01,101.413,BLS IPUMN54133_L000000000
productivity,exposed,IPUMN54133_L000000000,Engineering services,2022-06-01,101.981,BLS IPUMN54133_L000000000
productivity,exposed,IPUMN54133_L000000000,Engineering services,2023-06-01,106.053,BLS IPUMN54133_L000000000
productivity,exposed,IPUMN54133_L000000000,Engineering services,2024-06-01,110.747,BLS IPUMN54133_L000000000
productivity,exposed,IPUMN54133_L000000000,Engineering services,2025-06-01,110.539,BLS IPUMN54133_L000000000
productivity,exposed,IPUMN54181_L000000000,Advertising agencies,2007-06-01,80.065,BLS IPUMN54181_L000000000
productivity,exposed,IPUMN54181_L000000000,Advertising agencies,2008-06-01,82.818,BLS IPUMN54181_L000000000
productivity,exposed,IPUMN54181_L000000000,Advertising agencies,2009-06-01,83.414,BLS IPUMN54181_L000000000
productivity,exposed,IPUMN54181_L000000000,Advertising agencies,2010-06-01,88.081,BLS IPUMN54181_L000000000
productivity,exposed,IPUMN54181_L000000000,Advertising agencies,2011-06-01,84.476,BLS IPUMN54181_L000000000
productivity,exposed,IPUMN54181_L000000000,Advertising agencies,2012-06-01,87.653,BLS IPUMN54181_L000000000
productivity,exposed,IPUMN54181_L000000000,Advertising agencies,2013-06-01,86.994,BLS IPUMN54181_L000000000
productivity,exposed,IPUMN54181_L000000000,Advertising agencies,2014-06-01,86.549,BLS IPUMN54181_L000000000
productivity,exposed,IPUMN54181_L000000000,Advertising agencies,2015-06-01,88.533,BLS IPUMN54181_L000000000
productivity,exposed,IPUMN54181_L000000000,Advertising agencies,2016-06-01,95.854,BLS IPUMN54181_L000000000
productivity,exposed,IPUMN54181_L000000000,Advertising agencies,2017-06-01,100.0,BLS IPUMN54181_L000000000
productivity,exposed,IPUMN54181_L000000000,Advertising agencies,2018-06-01,101.547,BLS IPUMN54181_L000000000
productivity,exposed,IPUMN54181_L000000000,Advertising agencies,2019-06-01,103.05,BLS IPUMN54181_L000000000
productivity,exposed,IPUMN54181_L000000000,Advertising agencies,2020-06-01,112.776,BLS IPUMN54181_L000000000
productivity,exposed,IPUMN54181_L000000000,Advertising agencies,2021-06-01,123.52,BLS IPUMN54181_L000000000
productivity,exposed,IPUMN54181_L000000000,Advertising agencies,2022-06-01,114.833,BLS IPUMN54181_L000000000
productivity,exposed,IPUMN54181_L000000000,Advertising agencies,2023-06-01,118.494,BLS IPUMN54181_L000000000
productivity,exposed,IPUPN56131_L000000000,Employment placement,2007-06-01,102.342,BLS IPUPN56131_L000000000
productivity,exposed,IPUPN56131_L000000000,Employment placement,2008-06-01,108.281,BLS IPUPN56131_L000000000
productivity,exposed,IPUPN56131_L000000000,Employment placement,2009-06-01,103.405,BLS IPUPN56131_L000000000
productivity,exposed,IPUPN56131_L000000000,Employment placement,2010-06-01,93.102,BLS IPUPN56131_L000000000
productivity,exposed,IPUPN56131_L000000000,Employment placement,2011-06-01,105.687,BLS IPUPN56131_L000000000
productivity,exposed,IPUPN56131_L000000000,Employment placement,2012-06-01,100.961,BLS IPUPN56131_L000000000
productivity,exposed,IPUPN56131_L000000000,Employment placement,2013-06-01,92.349,BLS IPUPN56131_L000000000
productivity,exposed,IPUPN56131_L000000000,Employment placement,2014-06-01,90.834,BLS IPUPN56131_L000000000
productivity,exposed,IPUPN56131_L000000000,Employment placement,2015-06-01,91.626,BLS IPUPN56131_L000000000
productivity,exposed,IPUPN56131_L000000000,Employment placement,2016-06-01,96.035,BLS IPUPN56131_L000000000
productivity,exposed,IPUPN56131_L000000000,Employment placement,2017-06-01,100.0,BLS IPUPN56131_L000000000
productivity,exposed,IPUPN56131_L000000000,Employment placement,2018-06-01,114.459,BLS IPUPN56131_L000000000
productivity,exposed,IPUPN56131_L000000000,Employment placement,2019-06-01,123.707,BLS IPUPN56131_L000000000
productivity,exposed,IPUPN56131_L000000000,Employment placement,2020-06-01,130.438,BLS IPUPN56131_L000000000
productivity,exposed,IPUPN56131_L000000000,Employment placement,2021-06-01,177.612,BLS IPUPN56131_L000000000
productivity,exposed,IPUPN56131_L000000000,Employment placement,2022-06-01,162.006,BLS IPUPN56131_L000000000
productivity,exposed,IPUPN56131_L000000000,Employment placement,2023-06-01,139.536,BLS IPUPN56131_L000000000
productivity,exposed,IPUPN5615__L000000000,Travel agencies,2007-06-01,58.157,BLS IPUPN5615__L000000000
productivity,exposed,IPUPN5615__L000000000,Travel agencies,2008-06-01,62.524,BLS IPUPN5615__L000000000
productivity,exposed,IPUPN5615__L000000000,Travel agencies,2009-06-01,66.896,BLS IPUPN5615__L000000000
productivity,exposed,IPUPN5615__L000000000,Travel agencies,2010-06-01,73.42,BLS IPUPN5615__L000000000
productivity,exposed,IPUPN5615__L000000000,Travel agencies,2011-06-01,70.225,BLS IPUPN5615__L000000000
productivity,exposed,IPUPN5615__L000000000,Travel agencies,2012-06-01,65.942,BLS IPUPN5615__L000000000
productivity,exposed,IPUPN5615__L000000000,Travel agencies,2013-06-01,73.19,BLS IPUPN5615__L000000000
productivity,exposed,IPUPN5615__L000000000,Travel agencies,2014-06-01,78.749,BLS IPUPN5615__L000000000
productivity,exposed,IPUPN5615__L000000000,Travel agencies,2015-06-01,82.556,BLS IPUPN5615__L000000000
productivity,exposed,IPUPN5615__L000000000,Travel agencies,2016-06-01,88.666,BLS IPUPN5615__L000000000
productivity,exposed,IPUPN5615__L000000000,Travel agencies,2017-06-01,100.0,BLS IPUPN5615__L000000000
productivity,exposed,IPUPN5615__L000000000,Travel agencies,2018-06-01,112.829,BLS IPUPN5615__L000000000
productivity,exposed,IPUPN5615__L000000000,Travel agencies,2019-06-01,118.392,BLS IPUPN5615__L000000000
productivity,exposed,IPUPN5615__L000000000,Travel agencies,2020-06-01,93.111,BLS IPUPN5615__L000000000
productivity,exposed,IPUPN5615__L000000000,Travel agencies,2021-06-01,139.758,BLS IPUPN5615__L000000000
productivity,exposed,IPUPN5615__L000000000,Travel agencies,2022-06-01,165.939,BLS IPUPN5615__L000000000
productivity,exposed,IPUPN5615__L000000000,Travel agencies,2023-06-01,161.376,BLS IPUPN5615__L000000000
productivity,exposed,IPUPN5615__L000000000,Travel agencies,2024-06-01,178.261,BLS IPUPN5615__L000000000
productivity,exposed,IPUPN5615__L000000000,Travel agencies,2025-06-01,191.514,BLS IPUPN5615__L000000000
productivity,unexposed,IPUCN2211__L000000000,Electric power,2007-06-01,109.179,BLS IPUCN2211__L000000000
productivity,unexposed,IPUCN2211__L000000000,Electric power,2008-06-01,104.688,BLS IPUCN2211__L000000000
productivity,unexposed,IPUCN2211__L000000000,Electric power,2009-06-01,103.988,BLS IPUCN2211__L000000000
productivity,unexposed,IPUCN2211__L000000000,Electric power,2010-06-01,107.805,BLS IPUCN2211__L000000000
productivity,unexposed,IPUCN2211__L000000000,Electric power,2011-06-01,101.534,BLS IPUCN2211__L000000000
productivity,unexposed,IPUCN2211__L000000000,Electric power,2012-06-01,98.593,BLS IPUCN2211__L000000000
productivity,unexposed,IPUCN2211__L000000000,Electric power,2013-06-01,99.468,BLS IPUCN2211__L000000000
productivity,unexposed,IPUCN2211__L000000000,Electric power,2014-06-01,100.963,BLS IPUCN2211__L000000000
productivity,unexposed,IPUCN2211__L000000000,Electric power,2015-06-01,99.475,BLS IPUCN2211__L000000000
productivity,unexposed,IPUCN2211__L000000000,Electric power,2016-06-01,100.637,BLS IPUCN2211__L000000000
productivity,unexposed,IPUCN2211__L000000000,Electric power,2017-06-01,100.0,BLS IPUCN2211__L000000000
productivity,unexposed,IPUCN2211__L000000000,Electric power,2018-06-01,101.623,BLS IPUCN2211__L000000000
productivity,unexposed,IPUCN2211__L000000000,Electric power,2019-06-01,104.235,BLS IPUCN2211__L000000000
productivity,unexposed,IPUCN2211__L000000000,Electric power,2020-06-01,102.533,BLS IPUCN2211__L000000000
productivity,unexposed,IPUCN2211__L000000000,Electric power,2021-06-01,104.931,BLS IPUCN2211__L000000000
productivity,unexposed,IPUCN2211__L000000000,Electric power,2022-06-01,103.52,BLS IPUCN2211__L000000000
productivity,unexposed,IPUCN2211__L000000000,Electric power,2023-06-01,100.989,BLS IPUCN2211__L000000000
productivity,unexposed,IPUCN2211__L000000000,Electric power,2024-06-01,96.127,BLS IPUCN2211__L000000000
productivity,unexposed,IPUCN2211__L000000000,Electric power,2025-06-01,99.496,BLS IPUCN2211__L000000000
productivity,unexposed,IPUHN441___L000000000,Motor vehicle dealers,2007-06-01,86.71,BLS IPUHN441___L000000000
productivity,unexposed,IPUHN441___L000000000,Motor vehicle dealers,2008-06-01,79.081,BLS IPUHN441___L000000000
productivity,unexposed,IPUHN441___L000000000,Motor vehicle dealers,2009-06-01,75.291,BLS IPUHN441___L000000000
productivity,unexposed,IPUHN441___L000000000,Motor vehicle dealers,2010-06-01,79.022,BLS IPUHN441___L000000000
productivity,unexposed,IPUHN441___L000000000,Motor vehicle dealers,2011-06-01,79.789,BLS IPUHN441___L000000000
productivity,unexposed,IPUHN441___L000000000,Motor vehicle dealers,2012-06-01,82.024,BLS IPUHN441___L000000000
productivity,unexposed,IPUHN441___L000000000,Motor vehicle dealers,2013-06-01,86.813,BLS IPUHN441___L000000000
productivity,unexposed,IPUHN441___L000000000,Motor vehicle dealers,2014-06-01,90.234,BLS IPUHN441___L000000000
productivity,unexposed,IPUHN441___L000000000,Motor vehicle dealers,2015-06-01,93.706,BLS IPUHN441___L000000000
productivity,unexposed,IPUHN441___L000000000,Motor vehicle dealers,2016-06-01,97.058,BLS IPUHN441___L000000000
productivity,unexposed,IPUHN441___L000000000,Motor vehicle dealers,2017-06-01,100.0,BLS IPUHN441___L000000000
productivity,unexposed,IPUHN441___L000000000,Motor vehicle dealers,2018-06-01,101.185,BLS IPUHN441___L000000000
productivity,unexposed,IPUHN441___L000000000,Motor vehicle dealers,2019-06-01,102.867,BLS IPUHN441___L000000000
productivity,unexposed,IPUHN441___L000000000,Motor vehicle dealers,2020-06-01,108.57,BLS IPUHN441___L000000000
productivity,unexposed,IPUHN441___L000000000,Motor vehicle dealers,2021-06-01,114.862,BLS IPUHN441___L000000000
productivity,unexposed,IPUHN441___L000000000,Motor vehicle dealers,2022-06-01,101.8,BLS IPUHN441___L000000000
productivity,unexposed,IPUHN441___L000000000,Motor vehicle dealers,2023-06-01,108.481,BLS IPUHN441___L000000000
productivity,unexposed,IPUHN441___L000000000,Motor vehicle dealers,2024-06-01,109.829,BLS IPUHN441___L000000000
productivity,unexposed,IPUHN441___L000000000,Motor vehicle dealers,2025-06-01,111.737,BLS IPUHN441___L000000000
productivity,unexposed,IPUHN4451__L000000000,Grocery stores,2007-06-01,91.91,BLS IPUHN4451__L000000000
productivity,unexposed,IPUHN4451__L000000000,Grocery stores,2008-06-01,89.768,BLS IPUHN4451__L000000000
productivity,unexposed,IPUHN4451__L000000000,Grocery stores,2009-06-01,91.07,BLS IPUHN4451__L000000000
productivity,unexposed,IPUHN4451__L000000000,Grocery stores,2010-06-01,92.817,BLS IPUHN4451__L000000000
productivity,unexposed,IPUHN4451__L000000000,Grocery stores,2011-06-01,93.273,BLS IPUHN4451__L000000000
productivity,unexposed,IPUHN4451__L000000000,Grocery stores,2012-06-01,91.912,BLS IPUHN4451__L000000000
productivity,unexposed,IPUHN4451__L000000000,Grocery stores,2013-06-01,92.765,BLS IPUHN4451__L000000000
productivity,unexposed,IPUHN4451__L000000000,Grocery stores,2014-06-01,91.624,BLS IPUHN4451__L000000000
productivity,unexposed,IPUHN4451__L000000000,Grocery stores,2015-06-01,90.937,BLS IPUHN4451__L000000000
productivity,unexposed,IPUHN4451__L000000000,Grocery stores,2016-06-01,96.671,BLS IPUHN4451__L000000000
productivity,unexposed,IPUHN4451__L000000000,Grocery stores,2017-06-01,100.0,BLS IPUHN4451__L000000000
productivity,unexposed,IPUHN4451__L000000000,Grocery stores,2018-06-01,103.169,BLS IPUHN4451__L000000000
productivity,unexposed,IPUHN4451__L000000000,Grocery stores,2019-06-01,105.448,BLS IPUHN4451__L000000000
productivity,unexposed,IPUHN4451__L000000000,Grocery stores,2020-06-01,108.631,BLS IPUHN4451__L000000000
productivity,unexposed,IPUHN4451__L000000000,Grocery stores,2021-06-01,111.588,BLS IPUHN4451__L000000000
productivity,unexposed,IPUHN4451__L000000000,Grocery stores,2022-06-01,109.535,BLS IPUHN4451__L000000000
productivity,unexposed,IPUHN4451__L000000000,Grocery stores,2023-06-01,107.951,BLS IPUHN4451__L000000000
productivity,unexposed,IPUHN4451__L000000000,Grocery stores,2024-06-01,111.963,BLS IPUHN4451__L000000000
productivity,unexposed,IPUHN4451__L000000000,Grocery stores,2025-06-01,108.517,BLS IPUHN4451__L000000000
productivity,unexposed,IPUHN447___L000000000,Gasoline stations,2007-06-01,97.021,BLS IPUHN447___L000000000
productivity,unexposed,IPUHN447___L000000000,Gasoline stations,2008-06-01,96.114,BLS IPUHN447___L000000000
productivity,unexposed,IPUHN447___L000000000,Gasoline stations,2009-06-01,100.173,BLS IPUHN447___L000000000
productivity,unexposed,IPUHN447___L000000000,Gasoline stations,2010-06-01,99.638,BLS IPUHN447___L000000000
productivity,unexposed,IPUHN447___L000000000,Gasoline stations,2011-06-01,95.392,BLS IPUHN447___L000000000
productivity,unexposed,IPUHN447___L000000000,Gasoline stations,2012-06-01,94.118,BLS IPUHN447___L000000000
productivity,unexposed,IPUHN447___L000000000,Gasoline stations,2013-06-01,94.258,BLS IPUHN447___L000000000
productivity,unexposed,IPUHN447___L000000000,Gasoline stations,2014-06-01,95.07,BLS IPUHN447___L000000000
productivity,unexposed,IPUHN447___L000000000,Gasoline stations,2015-06-01,97.496,BLS IPUHN447___L000000000
productivity,unexposed,IPUHN447___L000000000,Gasoline stations,2016-06-01,103.16,BLS IPUHN447___L000000000
productivity,unexposed,IPUHN447___L000000000,Gasoline stations,2017-06-01,100.0,BLS IPUHN447___L000000000
productivity,unexposed,IPUHN447___L000000000,Gasoline stations,2018-06-01,97.412,BLS IPUHN447___L000000000
productivity,unexposed,IPUHN447___L000000000,Gasoline stations,2019-06-01,97.584,BLS IPUHN447___L000000000
productivity,unexposed,IPUHN447___L000000000,Gasoline stations,2020-06-01,93.414,BLS IPUHN447___L000000000
productivity,unexposed,IPUHN447___L000000000,Gasoline stations,2021-06-01,98.834,BLS IPUHN447___L000000000
productivity,unexposed,IPUHN447___L000000000,Gasoline stations,2022-06-01,94.745,BLS IPUHN447___L000000000
productivity,unexposed,IPUHN447___L000000000,Gasoline stations,2023-06-01,88.866,BLS IPUHN447___L000000000
productivity,unexposed,IPUHN447___L000000000,Gasoline stations,2024-06-01,90.671,BLS IPUHN447___L000000000
productivity,unexposed,IPUHN447___L000000000,Gasoline stations,2025-06-01,92.371,BLS IPUHN447___L000000000
productivity,unexposed,IPUIN484___L000000000,Truck transportation,2007-06-01,84.62,BLS IPUIN484___L000000000
productivity,unexposed,IPUIN484___L000000000,Truck transportation,2008-06-01,85.022,BLS IPUIN484___L000000000
productivity,unexposed,IPUIN484___L000000000,Truck transportation,2009-06-01,81.43,BLS IPUIN484___L000000000
productivity,unexposed,IPUIN484___L000000000,Truck transportation,2010-06-01,87.983,BLS IPUIN484___L000000000
productivity,unexposed,IPUIN484___L000000000,Truck transportation,2011-06-01,89.024,BLS IPUIN484___L000000000
productivity,unexposed,IPUIN484___L000000000,Truck transportation,2012-06-01,88.287,BLS IPUIN484___L000000000
productivity,unexposed,IPUIN484___L000000000,Truck transportation,2013-06-01,89.377,BLS IPUIN484___L000000000
productivity,unexposed,IPUIN484___L000000000,Truck transportation,2014-06-01,91.984,BLS IPUIN484___L000000000
productivity,unexposed,IPUIN484___L000000000,Truck transportation,2015-06-01,93.167,BLS IPUIN484___L000000000
productivity,unexposed,IPUIN484___L000000000,Truck transportation,2016-06-01,94.626,BLS IPUIN484___L000000000
productivity,unexposed,IPUIN484___L000000000,Truck transportation,2017-06-01,100.0,BLS IPUIN484___L000000000
productivity,unexposed,IPUIN484___L000000000,Truck transportation,2018-06-01,100.066,BLS IPUIN484___L000000000
productivity,unexposed,IPUIN484___L000000000,Truck transportation,2019-06-01,97.658,BLS IPUIN484___L000000000
productivity,unexposed,IPUIN484___L000000000,Truck transportation,2020-06-01,104.497,BLS IPUIN484___L000000000
productivity,unexposed,IPUIN484___L000000000,Truck transportation,2021-06-01,103.401,BLS IPUIN484___L000000000
productivity,unexposed,IPUIN484___L000000000,Truck transportation,2022-06-01,100.087,BLS IPUIN484___L000000000
productivity,unexposed,IPUIN484___L000000000,Truck transportation,2023-06-01,99.631,BLS IPUIN484___L000000000
productivity,unexposed,IPUIN484___L000000000,Truck transportation,2024-06-01,105.033,BLS IPUIN484___L000000000
productivity,unexposed,IPUIN484___L000000000,Truck transportation,2025-06-01,103.398,BLS IPUIN484___L000000000
productivity,unexposed,IPUIN492___L000000000,Couriers,2007-06-01,157.832,BLS IPUIN492___L000000000
productivity,unexposed,IPUIN492___L000000000,Couriers,2008-06-01,140.009,BLS IPUIN492___L000000000
productivity,unexposed,IPUIN492___L000000000,Couriers,2009-06-01,128.856,BLS IPUIN492___L000000000
productivity,unexposed,IPUIN492___L000000000,Couriers,2010-06-01,126.144,BLS IPUIN492___L000000000
productivity,unexposed,IPUIN492___L000000000,Couriers,2011-06-01,123.548,BLS IPUIN492___L000000000
productivity,unexposed,IPUIN492___L000000000,Couriers,2012-06-01,117.931,BLS IPUIN492___L000000000
productivity,unexposed,IPUIN492___L000000000,Couriers,2013-06-01,109.354,BLS IPUIN492___L000000000
productivity,unexposed,IPUIN492___L000000000,Couriers,2014-06-01,103.815,BLS IPUIN492___L000000000
productivity,unexposed,IPUIN492___L000000000,Couriers,2015-06-01,100.287,BLS IPUIN492___L000000000
productivity,unexposed,IPUIN492___L000000000,Couriers,2016-06-01,100.456,BLS IPUIN492___L000000000
productivity,unexposed,IPUIN492___L000000000,Couriers,2017-06-01,100.0,BLS IPUIN492___L000000000
productivity,unexposed,IPUIN492___L000000000,Couriers,2018-06-01,93.471,BLS IPUIN492___L000000000
productivity,unexposed,IPUIN492___L000000000,Couriers,2019-06-01,83.61,BLS IPUIN492___L000000000
productivity,unexposed,IPUIN492___L000000000,Couriers,2020-06-01,77.069,BLS IPUIN492___L000000000
productivity,unexposed,IPUIN492___L000000000,Couriers,2021-06-01,77.772,BLS IPUIN492___L000000000
productivity,unexposed,IPUIN492___L000000000,Couriers,2022-06-01,73.172,BLS IPUIN492___L000000000
productivity,unexposed,IPUIN492___L000000000,Couriers,2023-06-01,76.556,BLS IPUIN492___L000000000
productivity,unexposed,IPUIN492___L000000000,Couriers,2024-06-01,73.251,BLS IPUIN492___L000000000
productivity,unexposed,IPUIN492___L000000000,Couriers,2025-06-01,67.034,BLS IPUIN492___L000000000
productivity,unexposed,IPUIN493___L000000000,Warehousing,2007-06-01,89.896,BLS IPUIN493___L000000000
productivity,unexposed,IPUIN493___L000000000,Warehousing,2008-06-01,89.728,BLS IPUIN493___L000000000
productivity,unexposed,IPUIN493___L000000000,Warehousing,2009-06-01,93.303,BLS IPUIN493___L000000000
productivity,unexposed,IPUIN493___L000000000,Warehousing,2010-06-01,102.728,BLS IPUIN493___L000000000
productivity,unexposed,IPUIN493___L000000000,Warehousing,2011-06-01,109.609,BLS IPUIN493___L000000000
productivity,unexposed,IPUIN493___L000000000,Warehousing,2012-06-01,116.641,BLS IPUIN493___L000000000
productivity,unexposed,IPUIN493___L000000000,Warehousing,2013-06-01,121.221,BLS IPUIN493___L000000000
productivity,unexposed,IPUIN493___L000000000,Warehousing,2014-06-01,122.585,BLS IPUIN493___L000000000
productivity,unexposed,IPUIN493___L000000000,Warehousing,2015-06-01,115.981,BLS IPUIN493___L000000000
productivity,unexposed,IPUIN493___L000000000,Warehousing,2016-06-01,106.439,BLS IPUIN493___L000000000
productivity,unexposed,IPUIN493___L000000000,Warehousing,2017-06-01,100.0,BLS IPUIN493___L000000000
productivity,unexposed,IPUIN493___L000000000,Warehousing,2018-06-01,91.007,BLS IPUIN493___L000000000
productivity,unexposed,IPUIN493___L000000000,Warehousing,2019-06-01,90.228,BLS IPUIN493___L000000000
productivity,unexposed,IPUIN493___L000000000,Warehousing,2020-06-01,83.097,BLS IPUIN493___L000000000
productivity,unexposed,IPUIN493___L000000000,Warehousing,2021-06-01,73.753,BLS IPUIN493___L000000000
productivity,unexposed,IPUIN493___L000000000,Warehousing,2022-06-01,65.572,BLS IPUIN493___L000000000
productivity,unexposed,IPUIN493___L000000000,Warehousing,2023-06-01,70.199,BLS IPUIN493___L000000000
productivity,unexposed,IPUIN493___L000000000,Warehousing,2024-06-01,69.27,BLS IPUIN493___L000000000
productivity,unexposed,IPUIN493___L000000000,Warehousing,2025-06-01,70.247,BLS IPUIN493___L000000000
productivity,unexposed,IPUTN721___L000000000,Accommodation,2007-06-01,79.867,BLS IPUTN721___L000000000
productivity,unexposed,IPUTN721___L000000000,Accommodation,2008-06-01,81.312,BLS IPUTN721___L000000000
productivity,unexposed,IPUTN721___L000000000,Accommodation,2009-06-01,82.905,BLS IPUTN721___L000000000
productivity,unexposed,IPUTN721___L000000000,Accommodation,2010-06-01,85.894,BLS IPUTN721___L000000000
productivity,unexposed,IPUTN721___L000000000,Accommodation,2011-06-01,89.761,BLS IPUTN721___L000000000
productivity,unexposed,IPUTN721___L000000000,Accommodation,2012-06-01,91.066,BLS IPUTN721___L000000000
productivity,unexposed,IPUTN721___L000000000,Accommodation,2013-06-01,93.56,BLS IPUTN721___L000000000
productivity,unexposed,IPUTN721___L000000000,Accommodation,2014-06-01,94.631,BLS IPUTN721___L000000000
productivity,unexposed,IPUTN721___L000000000,Accommodation,2015-06-01,97.382,BLS IPUTN721___L000000000
productivity,unexposed,IPUTN721___L000000000,Accommodation,2016-06-01,99.816,BLS IPUTN721___L000000000
productivity,unexposed,IPUTN721___L000000000,Accommodation,2017-06-01,100.0,BLS IPUTN721___L000000000
productivity,unexposed,IPUTN721___L000000000,Accommodation,2018-06-01,99.718,BLS IPUTN721___L000000000
productivity,unexposed,IPUTN721___L000000000,Accommodation,2019-06-01,98.492,BLS IPUTN721___L000000000
productivity,unexposed,IPUTN721___L000000000,Accommodation,2020-06-01,98.06,BLS IPUTN721___L000000000
productivity,unexposed,IPUTN721___L000000000,Accommodation,2021-06-01,122.735,BLS IPUTN721___L000000000
productivity,unexposed,IPUTN721___L000000000,Accommodation,2022-06-01,113.909,BLS IPUTN721___L000000000
productivity,unexposed,IPUTN721___L000000000,Accommodation,2023-06-01,101.561,BLS IPUTN721___L000000000
productivity,unexposed,IPUTN721___L000000000,Accommodation,2024-06-01,101.702,BLS IPUTN721___L000000000
productivity,unexposed,IPUTN721___L000000000,Accommodation,2025-06-01,100.293,BLS IPUTN721___L000000000
productivity,unexposed,IPUTN7225__L000000000,Restaurants,2007-06-01,100.58,BLS IPUTN7225__L000000000
productivity,unexposed,IPUTN7225__L000000000,Restaurants,2008-06-01,99.315,BLS IPUTN7225__L000000000
productivity,unexposed,IPUTN7225__L000000000,Restaurants,2009-06-01,99.129,BLS IPUTN7225__L000000000
productivity,unexposed,IPUTN7225__L000000000,Restaurants,2010-06-01,100.979,BLS IPUTN7225__L000000000
productivity,unexposed,IPUTN7225__L000000000,Restaurants,2011-06-01,100.743,BLS IPUTN7225__L000000000
productivity,unexposed,IPUTN7225__L000000000,Restaurants,2012-06-01,98.428,BLS IPUTN7225__L000000000
productivity,unexposed,IPUTN7225__L000000000,Restaurants,2013-06-01,97.114,BLS IPUTN7225__L000000000
productivity,unexposed,IPUTN7225__L000000000,Restaurants,2014-06-01,98.096,BLS IPUTN7225__L000000000
productivity,unexposed,IPUTN7225__L000000000,Restaurants,2015-06-01,99.471,BLS IPUTN7225__L000000000
productivity,unexposed,IPUTN7225__L000000000,Restaurants,2016-06-01,99.496,BLS IPUTN7225__L000000000
productivity,unexposed,IPUTN7225__L000000000,Restaurants,2017-06-01,100.0,BLS IPUTN7225__L000000000
productivity,unexposed,IPUTN7225__L000000000,Restaurants,2018-06-01,101.961,BLS IPUTN7225__L000000000
productivity,unexposed,IPUTN7225__L000000000,Restaurants,2019-06-01,103.745,BLS IPUTN7225__L000000000
productivity,unexposed,IPUTN7225__L000000000,Restaurants,2020-06-01,106.961,BLS IPUTN7225__L000000000
productivity,unexposed,IPUTN7225__L000000000,Restaurants,2021-06-01,118.455,BLS IPUTN7225__L000000000
productivity,unexposed,IPUTN7225__L000000000,Restaurants,2022-06-01,118.999,BLS IPUTN7225__L000000000
productivity,unexposed,IPUTN7225__L000000000,Restaurants,2023-06-01,106.029,BLS IPUTN7225__L000000000
productivity,unexposed,IPUTN7225__L000000000,Restaurants,2024-06-01,108.449,BLS IPUTN7225__L000000000
productivity,unexposed,IPUTN7225__L000000000,Restaurants,2025-06-01,110.264,BLS IPUTN7225__L000000000
productivity,unexposed,IPUUN8111__L000000000,Auto repair,2007-06-01,91.963,BLS IPUUN8111__L000000000
productivity,unexposed,IPUUN8111__L000000000,Auto repair,2008-06-01,90.436,BLS IPUUN8111__L000000000
productivity,unexposed,IPUUN8111__L000000000,Auto repair,2009-06-01,86.756,BLS IPUUN8111__L000000000
productivity,unexposed,IPUUN8111__L000000000,Auto repair,2010-06-01,88.024,BLS IPUUN8111__L000000000
productivity,unexposed,IPUUN8111__L000000000,Auto repair,2011-06-01,94.454,BLS IPUUN8111__L000000000
productivity,unexposed,IPUUN8111__L000000000,Auto repair,2012-06-01,92.031,BLS IPUUN8111__L000000000
productivity,unexposed,IPUUN8111__L000000000,Auto repair,2013-06-01,91.5,BLS IPUUN8111__L000000000
productivity,unexposed,IPUUN8111__L000000000,Auto repair,2014-06-01,93.845,BLS IPUUN8111__L000000000
productivity,unexposed,IPUUN8111__L000000000,Auto repair,2015-06-01,93.982,BLS IPUUN8111__L000000000
productivity,unexposed,IPUUN8111__L000000000,Auto repair,2016-06-01,98.675,BLS IPUUN8111__L000000000
productivity,unexposed,IPUUN8111__L000000000,Auto repair,2017-06-01,100.0,BLS IPUUN8111__L000000000
productivity,unexposed,IPUUN8111__L000000000,Auto repair,2018-06-01,98.844,BLS IPUUN8111__L000000000
productivity,unexposed,IPUUN8111__L000000000,Auto repair,2019-06-01,102.902,BLS IPUUN8111__L000000000
productivity,unexposed,IPUUN8111__L000000000,Auto repair,2020-06-01,101.491,BLS IPUUN8111__L000000000
productivity,unexposed,IPUUN8111__L000000000,Auto repair,2021-06-01,103.122,BLS IPUUN8111__L000000000
productivity,unexposed,IPUUN8111__L000000000,Auto repair,2022-06-01,102.061,BLS IPUUN8111__L000000000
productivity,unexposed,IPUUN8111__L000000000,Auto repair,2023-06-01,98.489,BLS IPUUN8111__L000000000
productivity,unexposed,IPUUN8111__L000000000,Auto repair,2024-06-01,92.716,BLS IPUUN8111__L000000000
productivity,unexposed,IPUUN8111__L000000000,Auto repair,2025-06-01,93.415,BLS IPUUN8111__L000000000
