ticker,company,fy,revenue,fy_end,cost_of_revenue,gross_profit,rd,sm,ga,op_income,sbc,sga,gross_margin,rd_pct,sm_pct,sga_pct,op_margin,sbc_pct
ADBE,Adobe,2007,3157881000.0,2007-11-30,354694000.0,2803187000.0,613242000,984388000.0,274982000.0,857585000.0,149987000,,0.8876797447402229,0.19419414474452965,0.31172422266703526,0.3988022347897213,0.2715697646618096,0.04749608994132458
ADBE,Adobe,2008,3579889000.0,2008-11-28,362630000.0,3217259000.0,662057000,1089341000.0,337291000.0,1028271000.0,172474000,,0.8987035631551704,0.18493785701176768,0.30429463036423754,0.3985129147859054,0.28723544221622516,0.04817858877747327
ADBE,Adobe,2009,2945853000.0,2009-11-27,296732000.0,2649121000.0,565141000,981903000.0,298749000.0,690513000.0,167581000,,0.8992712806782959,0.191842905942693,0.3333170392412656,0.4347304498900658,0.23440171658259934,0.056887088391715405
ADBE,Adobe,2010,3800000000.0,2010-12-03,403502000.0,3396498000.0,680332000,1244197000.0,383499000.0,993074000.0,231086000,,0.8938152631578947,0.17903473684210527,0.32742026315789474,0.42834105263157896,0.26133526315789474,0.060812105263157896
ADBE,Adobe,2011,4216258000.0,2011-12-02,437873000.0,3778385000.0,738053000,1385822000.0,414605000.0,1099299000.0,286103000,,0.8961465356247175,0.1750492972678617,0.3286852939265102,0.4270201206852142,0.2607285891897507,0.06785709033934831
ADBE,Adobe,2012,4403677000.0,2012-11-30,483782000.0,3919895000.0,742823000,1516159000.0,434982000.0,1180191000.0,298502000,,0.8901413523289742,0.16868244423921191,0.34429387078116763,0.44307087009333335,0.26800126348957926,0.06778471718066516
ADBE,Adobe,2013,4055240000.0,2013-11-29,586557000.0,3468683000.0,826631000,1620454000.0,520124000.0,422723000.0,328987000,,0.8553582525325258,0.20384268255393023,0.3995950917824839,0.5278548248685652,0.1042411793136781,0.08112639449206459
ADBE,Adobe,2014,4147065000.0,2014-11-28,622080000.0,3524985000.0,844353000,1652308000.0,543332000.0,412685000.0,333701000,,0.8499951170285491,0.2036025478259926,0.3984282860287939,0.5294443178488883,0.09951254682528488,0.08046678795726617
ADBE,Adobe,2015,4795511000.0,2015-11-27,744317000.0,4051194000.0,862730000,1683242000.0,533478000.0,903095000.0,335859000,,0.844788803528967,0.17990366407250447,0.3510036782315795,0.4622489657515122,0.18832091095192985,0.07003612336620643
ADBE,Adobe,2016,5854430000.0,2016-12-02,819908000.0,5034522000.0,975987000,1910197000.0,576202000.0,1493602000.0,349297000,,0.8599508406454599,0.16670914162437675,0.3262823195426369,0.42470385673754746,0.2551233851971926,0.05966370765386212
ADBE,Adobe,2017,7301505000.0,2017-12-01,1010491000.0,6291014000.0,1224059000,2197592000.0,624706000.0,2168095000.0,454472000,,0.8616051074401784,0.1676447526913972,0.30097794906666503,0.3865364743296074,0.2969380970087674,0.0622436059415148
ADBE,Adobe,2018,9030000000.0,2018-11-30,1195000000.0,7835000000.0,1538000000,2621000000.0,745000000.0,2840000000.0,610000000,,0.8676633444075305,0.17032115171650056,0.2902547065337763,0.37275747508305646,0.31450719822812845,0.06755260243632337
ADBE,Adobe,2019,11171000000.0,2019-11-29,1673000000.0,9498000000.0,1930000000,3244000000.0,881000000.0,3268000000.0,788000000,,0.8502372213767792,0.1727687762957658,0.2903947721779608,0.36925969026944766,0.29254319219407393,0.07053979052904844
ADBE,Adobe,2020,12868000000.0,2020-11-27,1722000000.0,11146000000.0,2188000000,3591000000.0,968000000.0,4237000000.0,909000000,,0.8661796705004663,0.1700341933478396,0.2790643456636618,0.3542897109107864,0.32926639726453216,0.07064034815045073
ADBE,Adobe,2021,15785000000.0,2021-12-03,1865000000.0,13920000000.0,2540000000,4321000000.0,1085000000.0,5802000000.0,1069000000,,0.8818498574596135,0.1609122584732341,0.27374089325308837,0.342477035159962,0.3675641431738993,0.06772252138105797
ADBE,Adobe,2022,17606000000.0,2022-12-02,2165000000.0,15441000000.0,2987000000,4968000000.0,1219000000.0,6098000000.0,1440000000,,0.8770305577643985,0.16965807111212086,0.28217653072816085,0.35141429058275586,0.34635919572872886,0.08179029876178576
ADBE,Adobe,2023,19409000000.0,2023-12-01,2354000000.0,17055000000.0,3473000000,5351000000.0,1413000000.0,6650000000.0,1718000000,,0.878716059559998,0.17893760626513472,0.2756968416713896,0.34849811942913084,0.3426245556185275,0.08851563707558349
ADBE,Adobe,2024,21505000000.0,2024-11-29,2358000000.0,19147000000.0,3944000000,5764000000.0,1529000000.0,6741000000.0,1833000000,,0.89035108114392,0.183399209486166,0.2680306905370844,0.3391304347826087,0.31346198558474775,0.08523599162985353
ADBE,Adobe,2025,23769000000.0,2025-11-28,2551000000.0,21218000000.0,4294000000,6488000000.0,1573000000.0,8706000000.0,1942000000,,0.8926753334174765,0.1806554756195044,0.2729605789052968,0.3391392149438344,0.36627540073204595,0.08170305860574698
ADSK,Autodesk,2008,2171900000.0,2008-01-31,207700000.0,1964200000.0,490500000,847700000.0,180400000.0,445600000.0,99300000,,0.9043694461070951,0.22583912703163128,0.3903034209678162,0.47336433537455685,0.20516598370090705,0.04572033703209172
ADSK,Autodesk,2009,2315200000.0,2009-01-31,219100000.0,2096100000.0,576100000,900700000.0,205700000.0,244500000.0,89500000,,0.9053645473393227,0.24883379405666897,0.3890376641326883,0.4778852798894264,0.10560642709053214,0.038657567380787836
ADSK,Autodesk,2010,1713700000.0,2010-01-31,191800000.0,1521900000.0,457500000,731900000.0,197700000.0,65600000.0,93600000,,0.8880784267958219,0.2669662134562642,0.4270875882593219,0.5424520044348485,0.038279745579739746,0.05461866137597012
ADSK,Autodesk,2011,1951800000.0,2011-01-31,196600000.0,1755200000.0,496200000,776000000.0,200800000.0,271400000.0,80700000,,0.8992724664412337,0.2542268675069167,0.39758171943846704,0.5004611128189363,0.13905113228814428,0.04134644943129419
ADSK,Autodesk,2012,2215600000.0,2012-01-31,229100000.0,1986500000.0,566500000,842600000.0,223100000.0,355600000.0,108800000,,0.8965968586387435,0.25568694710236506,0.38030330384545946,0.4809983751579707,0.16049828488896914,0.04910633688391407
ADSK,Autodesk,2013,2312200000.0,2013-01-31,238500000.0,2073700000.0,600000000,875500000.0,206300000.0,305900000.0,156300000,,0.896851483435689,0.259493123432229,0.37864371594152757,0.467866101548309,0.13229824409653143,0.06759795865409567
ADSK,Autodesk,2014,2273900000.0,2014-01-31,274300000.0,1999600000.0,611100000,842600000.0,211800000.0,284800000.0,132200000,,0.8793702449536039,0.2687453274110559,0.3705527947579049,0.4636967324860372,0.12524737235586436,0.05813800079159154
ADSK,Autodesk,2015,2512200000.0,2015-01-31,342100000.0,2170100000.0,725200000,998000000.0,283300000.0,120700000.0,165600000,,0.8638245362630363,0.28867128413342885,0.3972613645410397,0.510031048483401,0.048045537775654804,0.0659183186052066
ADSK,Autodesk,2016,2504100000.0,2016-01-31,370700000.0,2133400000.0,790000000,1015500000.0,293400000.0,1300000.0,197200000,,0.8519627810390958,0.31548260852202387,0.40553492272672814,0.5227027674613633,0.0005191485963020646,0.07875084860828242
ADSK,Autodesk,2017,2031000000.0,2017-01-31,341900000.0,1689100000.0,766100000,1022500000.0,287800000.0,-499600000.0,221800000,,0.8316592811422945,0.37720334810438205,0.5034465780403742,0.645150172328902,-0.24598719842442146,0.10920728705071393
ADSK,Autodesk,2018,2056600000.0,2018-01-31,303400000.0,1753200000.0,755500000,1087300000.0,305200000.0,-509100000.0,261400000,,0.852474958669649,0.3673538850530001,0.5286881260332588,0.6770883983273364,-0.24754449090732278,0.12710298551006516
ADSK,Autodesk,2019,2569800000.0,2019-01-31,285900000.0,2283900000.0,725000000,1183900000.0,340100000.0,-25000000.0,249500000,,0.8887462059304226,0.28212312242197835,0.46069733053155887,0.5930422600980622,-0.009728383531792357,0.09708926764728773
ADSK,Autodesk,2020,3274300000.0,2020-01-31,324900000.0,2949400000.0,851100000,1310300000.0,405600000.0,343000000.0,362400000,,0.9007726842378524,0.259933420883853,0.4001771370980057,0.5240509421861161,0.10475521485508353,0.11068014537458389
ADSK,Autodesk,2021,3790000000.0,2021-01-31,337000000.0,3453000000.0,932000000,1440000000.0,414000000.0,629000000.0,398000000,,0.9110817941952507,0.24591029023746702,0.37994722955145116,0.48918205804749343,0.16596306068601582,0.10501319261213721
ADSK,Autodesk,2022,4386000000.0,2022-01-31,418000000.0,3968000000.0,1115000000,1623000000.0,572000000.0,618000000.0,555000000,,0.9046967624259006,0.25421796625626997,0.3700410396716826,0.5004559963520292,0.1409028727770178,0.1265389876880985
ADSK,Autodesk,2023,5005000000.0,2023-01-31,480000000.0,4525000000.0,1219000000,1745000000.0,532000000.0,989000000.0,657000000,,0.9040959040959041,0.24355644355644357,0.34865134865134867,0.45494505494505494,0.1976023976023976,0.13126873126873126
ADSK,Autodesk,2024,5497000000.0,2024-01-31,511000000.0,4986000000.0,1373000000,1823000000.0,620000000.0,1128000000.0,703000000,,0.9070402037474986,0.2497726032381299,0.3316354375113698,0.4444242313989449,0.20520283791158814,0.12788793887575042
ADSK,Autodesk,2025,6131000000.0,2025-01-31,578000000.0,5553000000.0,1485000000,2000000000.0,650000000.0,1354000000.0,683000000,,0.9057250040776382,0.24221171097700211,0.326211058554885,0.4322296525852226,0.22084488664165716,0.11140107649649324
ADSK,Autodesk,2026,7206000000.0,2026-01-31,650000000.0,6556000000.0,1643000000,2373000000.0,693000000.0,1578000000.0,788000000,,0.9097973910630031,0.2280044407438246,0.3293089092422981,0.42547876769358867,0.2189841798501249,0.10935331668054399
APPF,AppFolio,2013,26542000.0,2013-12-31,13616000.0,12926000.0,5057000,10337000.0,2286000.0,-7604000.0,247000,,0.48700173310225303,0.1905282194258157,0.38945821716524753,0.475585863913797,-0.28648933765353024,0.009306005576068118
APPF,AppFolio,2014,47671000.0,2014-12-31,22555000.0,25116000.0,6505000,16876000.0,6489000.0,-8559000.0,892000,,0.5268611944368694,0.13645612636613455,0.3540097753351094,0.4901302678777454,-0.17954311845776258,0.01871158566004489
APPF,AppFolio,2015,74977000.0,2015-12-31,33903000.0,41074000.0,9554000,26076000.0,14343000.0,-15003000.0,1007000,,0.5478213318751084,0.1274257438947944,0.3477866545740694,0.5390853194979793,-0.20010136441842166,0.013430785440868533
APPF,AppFolio,2016,105586000.0,2016-12-31,44630000.0,60956000.0,12638000,28827000.0,17979000.0,-8423000.0,4301000,,0.5773113859792018,0.11969389881234255,0.27301915026613377,0.4432974068531813,-0.07977383365218874,0.04073456708275718
APPF,AppFolio,2017,143803000.0,2017-12-31,55283000.0,88520000.0,16578000,28709000.0,21199000.0,9335000.0,6096000,,0.6155643484489197,0.11528271315619285,0.19964117577519244,0.34705812813362724,0.06491519648407891,0.042391327023775585
APPF,AppFolio,2018,190071000.0,2018-12-31,73549000.0,116522000.0,24111000,33288000.0,24891000.0,19656000.0,6337000,,0.6130445991234854,0.12685259718736683,0.17513455498208563,0.3060908818283694,0.10341398740470666,0.03334017288276486
APPF,AppFolio,2019,256012000.0,2019-12-31,101642000.0,154370000.0,39508000,51528000.0,34478000.0,6461000.0,8065000,,0.6029795478336953,0.15432089120822462,0.20127181538365388,0.3359451900692155,0.025237098261019015,0.03150242957361374
APPF,AppFolio,2020,310056000.0,2020-12-31,119029000.0,191027000.0,48529000,58445000.0,47480000.0,9783000.0,10308000,,0.6161048326753876,0.15651688727197668,0.18849820677555024,0.3416318342492969,0.03155236473411255,0.03324560724514281
APPF,AppFolio,2021,359370000.0,2021-12-31,143944000.0,215426000.0,65980000,73200000.0,57279000.0,-11878000.0,17154000,,0.5994546011074937,0.18359907616105964,0.20368979046664998,0.3630770515068036,-0.03305228594484793,0.04773353368394691
APPF,AppFolio,2022,471883000.0,2022-12-31,,,111118000,107398000.0,100792000.0,-72370000.0,43234000,,,0.2354778620971724,0.22759455203938264,0.44118987121807735,-0.1533642873339366,0.09162016855873172
APPF,AppFolio,2023,620445000.0,2023-12-31,,,151364000,107602000.0,93452000.0,963000.0,52363000,,,0.24396038327329578,0.17342713697426848,0.3240480622778812,0.0015521117907308464,0.0843958771526888
APPF,AppFolio,2024,794202000.0,2024-12-31,,,160375000,110597000.0,85974000.0,135644000.0,60328000,,,0.2019322540109443,0.13925550426717637,0.24750756104870045,0.17079282096997994,0.07596052389694309
APPF,AppFolio,2025,950822000.0,2025-12-31,,,190419000,143904000.0,95590000.0,152917000.0,70790000,,,0.20026776830994655,0.15134693980576805,0.2518810040154729,0.16082610625332608,0.07445136944664722
BILL,Bill.com,2018,64865000.0,2018-06-30,19372000.0,45493000.0,17986000,19290000.0,16034000.0,-7817000.0,1545000,,0.7013489555230094,0.2772835889925229,0.2973868804439991,0.5445771987975025,-0.12051183226701612,0.023818700377707547
BILL,Bill.com,2019,108351000.0,2019-06-30,29918000.0,78433000.0,28924000,30114000.0,29198000.0,-9803000.0,4082000,,0.7238788751372853,0.2669472362968501,0.27793006063626546,0.5474061153104263,-0.09047447646999104,0.037673856263440116
BILL,Bill.com,2020,157600000.0,2020-06-30,39144000.0,118456000.0,52996000,45070000.0,53450000.0,-34198000.0,18064000,,0.7516243654822335,0.3362690355329949,0.2859771573604061,0.6251269035532995,-0.21699238578680202,0.11461928934010153
BILL,Bill.com,2021,238265000.0,2021-06-30,61806000.0,176459000.0,89503000,67935000.0,128116000.0,-113967000.0,68290000,,0.7405997523765555,0.3756447652823537,0.2851237067970537,0.8228275239754055,-0.4783203575850419,0.28661364447149185
BILL,Bill.com,2022,641959000.0,2022-06-30,145004000.0,496955000.0,219818000,307151000.0,221030000.0,-316818000.0,197157000,,0.7741226464618457,0.342417506413961,0.47845890469640584,0.8227643821490157,-0.4935174987810748,0.3071177442796191
BILL,Bill.com,2023,1058468000.0,2023-06-30,193977000.0,864491000.0,314632000,515858000.0,249054000.0,-295773000.0,313567000,,0.8167379646810295,0.29725225514611686,0.48736286784295796,0.7226595419039593,-0.27943499472822986,0.2962460839628595
BILL,Bill.com,2024,1290172000.0,2024-06-30,234616000.0,1055556000.0,336754000,478540000.0,277662000.0,-174164000.0,248375000,,0.8181513782658436,0.261014810428377,0.3709117854053568,0.5861249507817562,-0.13499285366602282,0.19251309127775212
BILL,Bill.com,2025,1462570000.0,2025-06-30,272103000.0,1190467000.0,340059000,543711000.0,281913000.0,-80602000.0,242532000,,0.8139555713572684,0.23250784577832173,0.37175041194609487,0.5645022118599452,-0.0551098408965041,0.16582590918725257
BILL,Bill.com,2026,1653160000.0,2026-06-30,315295000.0,1337865000.0,300571000,616211000.0,299410000.0,-73447000.0,229778000,,0.8092773839192818,0.18181603716518668,0.3727473444796632,0.5538610902755934,-0.044428246509714726,0.13899320090009437
BOX,Box,2014,124192000.0,2014-01-31,25974000.0,98218000.0,45967000,171188000.0,39843000.0,-158780000.0,11749000,,0.7908560937902602,0.3701285106931203,1.3784140685390363,1.6992318345787167,-1.278504251481577,0.09460351713475908
BOX,Box,2015,216440000.0,2015-01-31,47273000.0,169167000.0,66402000,207749000.0,61672000.0,-166656000.0,31929000,,0.7815884309739419,0.3067917205692109,0.9598456847163186,1.244783773794123,-0.7699870633893919,0.1475189428941046
BOX,Box,2016,302704000.0,2016-01-31,87100000.0,215604000.0,102500000,242184000.0,71923000.0,-201003000.0,59504000,,0.712260161742164,0.33861462022305616,0.8000687139912257,1.0376704635551561,-0.6640249220360485,0.19657487182197791
BOX,Box,2017,398605000.0,2017-01-31,112130000.0,286475000.0,115928000,253020000.0,68182000.0,-150655000.0,78372000,,0.7186939451336536,0.29083428456742894,0.6347637385381518,0.8058152807917612,-0.3779556202255366,0.19661569724413894
BOX,Box,2018,506142000.0,2018-01-31,135248000.0,370894000.0,136791000,303319000.0,84805000.0,-154021000.0,97485000,,0.7327864512330532,0.27026210035918774,0.5992764876260022,0.7668282813913881,-0.30430393051752275,0.1926040518273528
BOX,Box,2019,608386000.0,2019-01-31,173594000.0,434792000.0,163750000,312210000.0,93069000.0,-134237000.0,119296000,,0.7146647030010552,0.2691547800245239,0.5131774892913381,0.6661543822507421,-0.22064445927421078,0.1960860374827823
BOX,Box,2020,696264000.0,2020-01-31,215577000.0,480687000.0,199750000,317615000.0,102794000.0,-139472000.0,145988000,,0.69038037296198,0.28688830673422727,0.45617036066779265,0.6038068893408247,-0.20031482311307205,0.20967334229545115
BOX,Box,2021,770770000.0,2021-01-31,224738000.0,546032000.0,201262000,275742000.0,106670000.0,-37642000.0,154292000,,0.7084240434889786,0.26111810267654423,0.3577487447617318,0.4961428182207403,-0.04883687740830598,0.2001790417374833
BOX,Box,2022,874332000.0,2022-01-31,249484000.0,624848000.0,218523000,298635000.0,135316000.0,-27626000.0,178974000,,0.7146575900230119,0.24993137618204525,0.3415578979152084,0.4963229070879254,-0.031596693246958824,0.20469798657718122
BOX,Box,2023,990874000.0,2023-01-31,252556000.0,738318000.0,243529000,331400000.0,126549000.0,36840000.0,185632000,,0.7451179463786516,0.2457719144916508,0.33445221087645854,0.46216673361093336,0.03717929827606739,0.1873416801732612
BOX,Box,2024,1037741000.0,2024-01-31,260612000.0,777129000.0,248767000,348638000.0,128971000.0,50753000.0,198783000,,0.7488660465376236,0.23971973739112168,0.3359585869691956,0.46023911554039015,0.04890719360611174,0.19155357647042953
BOX,Box,2025,1090130000.0,2025-01-31,228105000.0,862025000.0,264853000,380154000.0,137384000.0,79634000.0,219003000,,0.7907543137057048,0.24295542733435463,0.34872354673295847,0.47474888316072394,0.07305000321062625,0.20089622338620164
BOX,Box,2026,1177253000.0,2026-01-31,244647000.0,932606000.0,294542000,403992000.0,150883000.0,83189000.0,233716000,,0.7921882552008787,0.25019430827528155,0.34316497813129376,0.4713302917894454,0.0706636551361517,0.1985265699046849
CRM,Salesforce,2008,748700000.0,2008-01-31,171591000.0,577109000.0,63812000,376480000.0,116508000.0,20309000.0,55207000,,0.7708147455589689,0.08523039935888874,0.5028449312141045,0.6584586616802458,0.02712568451983438,0.07373714438359824
CRM,Salesforce,2009,1076769000.0,2009-01-31,220471000.0,856298000.0,99530000,534413000.0,158613000.0,63742000.0,77366000,,0.7952476343579727,0.09243393894140711,0.49631165087405005,0.6436162259500413,0.05919746946652439,0.07185013684457855
CRM,Salesforce,2010,1305583000.0,2010-01-31,257925000.0,1047658000.0,131897000,605199000.0,195290000.0,115272000.0,88892000,,0.8024445783990753,0.101025365679547,0.4635469365026965,0.6131276219129691,0.08829159080655921,0.06808605810584237
CRM,Salesforce,2011,1657139000.0,2011-01-31,323813000.0,1333326000.0,187887000,792029000.0,255913000.0,97497000.0,120429000,,0.8045951486266391,0.1133803501094356,0.47794964695176445,0.6323802650230307,0.05883453349417279,0.07267284156609675
CRM,Salesforce,2012,2266539000.0,2012-01-31,488886000.0,1777653000.0,295347000,1169610000.0,347781000.0,-35085000.0,229258000,,0.7843028511752942,0.1303074864363684,0.5160334765914021,0.6694749130723098,-0.015479548333384071,0.10114893235898434
CRM,Salesforce,2013,3050195000.0,2013-01-31,683579000.0,2366616000.0,429479000,1614026000.0,433821000.0,-110710000.0,379350000,,0.7758900660449578,0.1408037846760617,0.5291550212363472,0.6713823214581363,-0.03629604008924019,0.12436909771342487
CRM,Salesforce,2014,4071003000.0,2014-01-31,968428000.0,3102575000.0,623798000,2168132000.0,596719000.0,-286074000.0,503280000,,0.7621156260508773,0.1532295603810658,0.5325793176767495,0.6791572003263078,-0.0702711346564962,0.12362555370261334
CRM,Salesforce,2015,5373586000.0,2015-01-31,1289270000.0,4084316000.0,792917000,2757096000.0,679936000.0,-145633000.0,564765000,,0.7600726963335098,0.14755825997760155,0.5130830696670715,0.6396160776062764,-0.027101641250368003,0.10510020682650283
CRM,Salesforce,2016,6667216000.0,2016-01-31,1654548000.0,5012668000.0,946300000,3239824000.0,748238000.0,114923000.0,593628000,,0.7518382485283213,0.14193330469569307,0.48593355907473224,0.598160011615043,0.017237029668755295,0.08903686336245893
CRM,Salesforce,2017,8391984000.0,2017-01-31,2234000000.0,6203000000.0,1208000000,3811000000.0,966000000.0,218000000.0,820000000,,0.7391577486325045,0.14394689027052482,0.45412384008358453,0.5692336877668023,0.025977170595177495,0.0977122930644291
CRM,Salesforce,2018,10540000000.0,2018-01-31,2773000000.0,7767000000.0,1553000000,4671000000.0,1089000000.0,454000000.0,997000000,,0.7369070208728653,0.14734345351043643,0.443168880455408,0.5464895635673624,0.043074003795066415,0.0945920303605313
CRM,Salesforce,2019,13282000000.0,2019-01-31,3451000000.0,9831000000.0,1886000000,6064000000.0,1346000000.0,535000000.0,1283000000,,0.740174672489083,0.1419966872458967,0.4565577473272098,0.5578979069417257,0.040280078301460624,0.09659689805752146
CRM,Salesforce,2020,17098000000.0,2020-01-31,4235000000.0,12863000000.0,2766000000,7930000000.0,1704000000.0,297000000.0,1785000000,,0.752310211720669,0.16177330681951105,0.46379693531407185,0.5634577143525559,0.017370452684524505,0.10439817522517253
CRM,Salesforce,2021,21252000000.0,2021-01-31,5438000000.0,15814000000.0,3598000000,9674000000.0,2087000000.0,455000000.0,2190000000,,0.7441182006399397,0.16930171277997366,0.4552042160737813,0.5534067381893469,0.021409749670619236,0.10304912478825522
CRM,Salesforce,2022,26492000000.0,2022-01-31,7026000000.0,19466000000.0,4465000000,11855000000.0,2598000000.0,548000000.0,2779000000,,0.7347878604861845,0.16854144647440736,0.4474935829684433,0.5455609240525442,0.020685489959232976,0.10489959232975993
CRM,Salesforce,2023,31352000000.0,2023-01-31,8360000000.0,22992000000.0,5055000000,13526000000.0,2553000000.0,1030000000.0,3279000000,,0.7333503444756315,0.16123373309517733,0.43142383261035977,0.5128540443990814,0.03285276856340903,0.10458662924215362
CRM,Salesforce,2024,34857000000.0,2024-01-31,8541000000.0,26316000000.0,4906000000,12877000000.0,2534000000.0,5011000000.0,2787000000,,0.7549703072553576,0.14074647846917404,0.36942364517887366,0.4421206644289526,0.14375878589666352,0.07995524571822016
CRM,Salesforce,2025,37895000000.0,2025-01-31,8643000000.0,29252000000.0,5493000000,13257000000.0,2836000000.0,7205000000.0,3183000000,,0.7719224172054361,0.14495316004749967,0.3498350705897876,0.4246734397677794,0.19013062409288825,0.08399525003298589
CRM,Salesforce,2026,41525000000.0,2026-01-31,9270000000.0,32255000000.0,5993000000,14345000000.0,3000000000.0,8331000000.0,3509000000,,0.7767609873570138,0.1443226971703793,0.34545454545454546,0.4177001806140879,0.20062612883804937,0.08450331125827815
DBX,Dropbox,2016,844800000.0,2016-12-31,390600000.0,454200000.0,289700000,250600000.0,107400000.0,-193500000.0,147600000,,0.5376420454545454,0.3429214015151515,0.29663825757575757,0.4237689393939394,-0.22904829545454544,0.1747159090909091
DBX,Dropbox,2017,1106800000.0,2017-12-31,368900000.0,737900000.0,380300000,314000000.0,157300000.0,-113700000.0,164600000,,0.6666967835200578,0.3436031803397181,0.2837007589447055,0.4258221900975786,-0.10272858691723889,0.1487170220455367
DBX,Dropbox,2018,1391700000.0,2018-12-31,394700000.0,997000000.0,768200000,439600000.0,283200000.0,-494000000.0,650100000,,0.7163900265861896,0.5519867787597902,0.31587267370841415,0.519364805633398,-0.3549615578069986,0.4671265358913559
DBX,Dropbox,2019,1661300000.0,2019-12-31,411000000.0,1250300000.0,662100000,423300000.0,245400000.0,-80500000.0,261200000,,0.7526033828929152,0.3985433094564498,0.2548004574730633,0.4025161018479504,-0.04845602841148498,0.1572262685848432
DBX,Dropbox,2020,1913900000.0,2020-12-31,414600000.0,1499300000.0,727500000,422800000.0,227800000.0,-277000000.0,261500000,,0.7833742619781597,0.3801139035477298,0.22091018339516172,0.33993416583938557,-0.14473065468415278,0.13663200794189875
DBX,Dropbox,2021,2157900000.0,2021-12-31,444200000.0,1713700000.0,755900000,427500000.0,224600000.0,274400000.0,287100000,,0.7941517215811669,0.35029426757495713,0.19810927290421243,0.3021919458733027,0.12716066546179156,0.13304601696093424
DBX,Dropbox,2022,2324900000.0,2022-12-31,444200000.0,1880700000.0,891900000,409400000.0,222900000.0,181300000.0,330700000,,0.80893801883952,0.38362940341520063,0.17609359542345907,0.2719686868252398,0.07798184868166373,0.1422426771043916
DBX,Dropbox,2023,2501600000.0,2023-12-31,478500000.0,2023100000.0,936500000,466000000.0,237100000.0,538700000.0,338000000,,0.8087224176527023,0.37436040933802367,0.1862807803006076,0.28106012152222576,0.21534218100415733,0.1351135273425008
DBX,Dropbox,2024,2548200000.0,2024-12-31,445100000.0,2103100000.0,914900000,460700000.0,241200000.0,486200000.0,346500000,,0.8253276822855349,0.3590377521387646,0.18079428616278156,0.27544933678675143,0.19080134997252962,0.13597833765010595
DBX,Dropbox,2025,2521000000.0,2025-12-31,500800000.0,2020200000.0,732000000,369900000.0,230500000.0,689100000.0,300800000,,0.8013486711622372,0.2903609678698929,0.1467274890916303,0.2381594605315351,0.27334391114637047,0.11931773105910352
DDOG,Datadog,2017,100761000.0,2017-12-31,23414000.0,77347000.0,24734000,44213000.0,11356000.0,-2956000.0,3068000,,0.7676283482696679,0.24547195839660185,0.4387908019968043,0.5514931372257124,-0.02933674735264636,0.03044828852432985
DDOG,Datadog,2018,198077000.0,2018-12-31,46529000.0,151548000.0,55176000,88849000.0,18556000.0,-11033000.0,5244000,,0.7650964019043099,0.27855833842394623,0.44855788405519065,0.5422386243733498,-0.05570056089298606,0.02647455282541638
DDOG,Datadog,2019,362780000.0,2019-12-31,88949000.0,273831000.0,111425000,146657000.0,35889000.0,-20140000.0,19034000,,0.7548128342245989,0.30714206957384643,0.40425877942554717,0.503186504217432,-0.05551573956667953,0.052467059926126026
DDOG,Datadog,2020,603466000.0,2020-12-31,130197000.0,473269000.0,210626000,213660000.0,62756000.0,-13773000.0,74374000,,0.7842513082758598,0.34902712000344677,0.354054743763526,0.4580473464950801,-0.02282315822266706,0.12324472298356494
DDOG,Datadog,2021,1028784000.0,2021-12-31,234245000.0,794539000.0,419769000,299497000.0,94429000.0,-19156000.0,163737000,,0.7723088617241326,0.40802442495217656,0.2911174746108027,0.3829044775190905,-0.01862004074713448,0.1591558577893902
DDOG,Datadog,2022,1675100000.0,2022-12-31,346743000.0,1328357000.0,752351000,495288000.0,139413000.0,-58695000.0,363154000,,0.793001611844069,0.44913796191272165,0.2956766760193421,0.3789033490537878,-0.035039699122440454,0.2167954151990926
DDOG,Datadog,2023,2128359000.0,2023-12-31,409908000.0,1718451000.0,962447000,609276000.0,180192000.0,-33464000.0,482300000,,0.8074065512444094,0.452201437821345,0.28626561590408384,0.3709280248303975,-0.015722911407333066,0.2266065076427426
DDOG,Datadog,2024,2684275000.0,2024-12-31,515531000.0,2168744000.0,1152703000,756605000.0,205152000.0,54284000.0,570336000,,0.8079440444812845,0.42942805785547306,0.28186568067727785,0.3582930213931136,0.020222965232697843,0.21247301412858222
DDOG,Datadog,2025,3427158000.0,2025-12-31,686957000.0,2740201000.0,1548451000,956423000.0,279700000.0,-44373000.0,750671000,,0.7995549081775629,0.45181780355618273,0.27907175566460607,0.3606845672128335,-0.012947462591453327,0.21903600592677663
DOCU,DocuSign,2017,381459000.0,2017-01-31,102477000.0,278982000.0,89652000,240787000.0,64360000.0,-115817000.0,35443000,,0.7313551390844101,0.2350239475277815,0.6312264227610307,0.7999470454229681,-0.3036158538663395,0.09291431058121581
DOCU,DocuSign,2018,518504000.0,2018-01-31,118273000.0,400231000.0,92428000,277930000.0,81526000.0,-51653000.0,29747000,,0.7718956845077376,0.17825899125175504,0.5360228657830991,0.6932559825960841,-0.09961928934010152,0.05737082066869301
DOCU,DocuSign,2019,700969000.0,2019-01-31,192421000.0,508548000.0,185968000,539606000.0,209297000.0,-426323000.0,410978000,,0.7254928534642758,0.2653013186032478,0.7698000910168638,1.0683824819642525,-0.6081909471032243,0.5862998221034026
DOCU,DocuSign,2020,973971000.0,2020-01-31,243234000.0,730737000.0,185552000,591379000.0,147315000.0,-193509000.0,206404000,,0.7502656649941323,0.1905108057632106,0.6071833760964136,0.7584353127557186,-0.19868045352479693,0.21192006743527272
DOCU,DocuSign,2021,1453047000.0,2021-01-31,364058000.0,1088989000.0,271522000,798625000.0,192697000.0,-173855000.0,286877000,,0.7494520135962567,0.18686387983320568,0.5496209000810022,0.6822367067273116,-0.11964857296426062,0.1974313287870248
DOCU,DocuSign,2022,2107213000.0,2022-01-31,466451000.0,1640762000.0,393362000,1076527000.0,232757000.0,-61884000.0,408542000,,0.7786407923641322,0.18667405715511437,0.5108771633432406,0.6213344355791275,-0.029367700370109714,0.19387788514972146
DOCU,DocuSign,2023,2515915000.0,2023-01-31,536088000.0,1979827000.0,480584000,1242711000.0,316228000.0,-88031000.0,538726000,,0.7869212592635284,0.1910175820725263,0.4939399780994191,0.6196310288702123,-0.034989655850853466,0.21412726582575325
DOCU,DocuSign,2024,2761882000.0,2024-01-31,572621000.0,2189261000.0,539488000,1168137000.0,419621000.0,31634000.0,616847000,,0.7926699982113645,0.19533347188619934,0.4229496408608333,0.5748826343775729,0.01145378405015131,0.2233429958267587
DOCU,DocuSign,2025,2976739000.0,2025-01-31,621659000.0,2355080000.0,588455000,1160993000.0,375983000.0,199928000.0,610335000,,0.7911610658509194,0.1976844459658707,0.39002176542854444,0.5163287745415369,0.06716342951128736,0.20503477127151556
DOCU,DocuSign,2026,3219500000.0,2026-01-31,663062000.0,2556438000.0,664985000,1203885000.0,388989000.0,298579000.0,622321000,,0.7940481441217581,0.20654915359527878,0.3739353936946731,0.4947581922658798,0.09274079826059947,0.1932974064295698
DT,Dynatrace,2018,398047000.0,2018-03-31,96534000.0,301513000.0,58320000,145350000.0,64114000.0,-21759000.0,22294000,,0.757480900496675,0.1465153612513095,0.36515788336553223,0.5262293146286745,-0.05466439892776481,0.05600846131235759
DT,Dynatrace,2019,430966000.0,2019-03-31,106801000.0,324165000.0,76759000,178886000.0,91778000.0,-72707000.0,71151000,,0.7521823067248925,0.17810917798619844,0.41508146814365865,0.6280402630369913,-0.16870704417517854,0.1650965505399498
DT,Dynatrace,2020,545803000.0,2020-03-31,128931000.0,416872000.0,119281000,266175000.0,161983000.0,-171939000.0,222478000,,0.76377740686658,0.21854222127764047,0.48767595634322275,0.7844551972048524,-0.3150202545607115,0.4076159346870574
DT,Dynatrace,2021,703509000.0,2021-03-31,127708000.0,575801000.0,111415000,245487000.0,92219000.0,91896000.0,57784000,,0.8184699840371623,0.15837039753578136,0.348946495354004,0.48003081694761546,0.13062519456041075,0.0821368312274612
DT,Dynatrace,2022,929445000.0,2022-03-31,172876000.0,756569000.0,156342000,362116000.0,126647000.0,81307000.0,99536000,,0.8140008284513877,0.168210060842761,0.38960454895125585,0.525865435824605,0.08747908698201615,0.10709186665160392
DT,Dynatrace,2023,1158530000.0,2023-03-31,222891000.0,935639000.0,218349000,448015000.0,150172000.0,92811000.0,146874000,,0.8076087800920132,0.1884707344652275,0.3867098823509102,0.5163327665230939,0.08011100273622608,0.12677617325403745
DT,Dynatrace,2024,1430530000.0,2024-03-31,266453000.0,1164077000.0,304739000,534233000.0,174412000.0,128400000.0,208896000,,0.8137382648389059,0.21302524239267964,0.3734510985438963,0.495372344515669,0.08975694323083053,0.14602699698713065
DT,Dynatrace,2025,1698683000.0,2025-03-31,320192000.0,1378491000.0,384572000,605599000.0,195347000.0,179433000.0,271703000,,0.8115057370916174,0.22639421245753327,0.35651089697135957,0.4715099874432134,0.10563065622014231,0.15994920770973747
DT,Dynatrace,2026,2018387000.0,2026-03-31,372204000.0,1646183000.0,474312000,690489000.0,217414000.0,245387000.0,299626000,,0.8155933426047631,0.2349955682433547,0.3420994090825991,0.44981611554176676,0.12157579294753681,0.14844824109548863
ESTC,Elastic,2017,88177000.0,2017-04-30,19845000.0,68332000.0,32601000,56612000.0,26291000.0,-47172000.0,18886000,,0.7749413112262835,0.3697222631752044,0.6420268323939349,0.9401884845254431,-0.534969436474364,0.21418283679417535
ESTC,Elastic,2018,159935000.0,2018-04-30,40740000.0,119195000.0,55641000,82606000.0,28942000.0,-47994000.0,12742000,,0.7452715165535999,0.3478975833932535,0.5164973270391097,0.697458342451621,-0.30008440929127456,0.07966986588301497
ESTC,Elastic,2019,271653000.0,2019-04-30,78010000.0,193643000.0,101167000,147296000.0,46536000.0,-101356000.0,39942000,,0.7128321792875469,0.37241259989766357,0.5422211424132993,0.7135279198094628,-0.3731083404195794,0.14703316363154464
ESTC,Elastic,2020,427620000.0,2020-04-30,122690000.0,304930000.0,165370000,219040000.0,91625000.0,-171105000.0,60007000,,0.7130863851082737,0.38672185585332775,0.5122304850100556,0.7264978251718816,-0.4001332959169356,0.1403278611851644
ESTC,Elastic,2021,608489000.0,2021-04-30,161054000.0,447435000.0,199203000,273877000.0,103833000.0,-129478000.0,2500000,,0.7353214273388673,0.32737321463494,0.4500935924889357,0.6207343107270633,-0.212786098023136,0.0041085377056939406
ESTC,Elastic,2022,862374000.0,2022-04-30,232194000.0,630180000.0,273761000,406658000.0,123441000.0,-173680000.0,2500000,,0.7307502313381433,0.31745043333866746,0.47155642447476387,0.6146973354948085,-0.20139753749533265,0.0028989742269595327
ESTC,Elastic,2023,1068989000.0,2023-04-30,296626000.0,772363000.0,313454000,503537000.0,143247000.0,-219172000.0,204039000,,0.7225172569596132,0.2932247198053488,0.471040394241662,0.605042708577918,-0.20502736697945442,0.1908710005435042
ESTC,Elastic,2024,1267321000.0,2024-04-30,330079000.0,937242000.0,341951000,559648000.0,160628000.0,-129902000.0,239137000,,0.7395458609144803,0.2698219314601431,0.4415992475465963,0.5683453521246787,-0.10250126053304569,0.1886948926120533
ESTC,Elastic,2025,1483296000.0,2025-04-30,379873000.0,1103423000.0,365758000,617176000.0,175186000.0,-54922000.0,257782000,,0.7438993970185317,0.2465846331413285,0.41608418009621817,0.5341900739973681,-0.03702699933121912,0.17378999201777662
ESTC,Elastic,2026,1739331000.0,2026-04-30,416272000.0,1323059000.0,451925000,710188000.0,194422000.0,-33476000.0,298435000,,0.7606712005937916,0.25982691046155104,0.408311011532595,0.5200907705318885,-0.019246480399647912,0.1715803374975781
FTNT,Fortinet,2009,252115000.0,2009-12-31,69975000.0,182140000.0,42195000,96291000.0,18320000.0,25334000.0,7461000,,0.7224480891656585,0.16736409971639926,0.3819328481050314,0.4545981000733792,0.10048588937588006,0.029593637824008884
FTNT,Fortinet,2010,324696000.0,2010-12-31,85206000.0,239490000.0,49801000,111968000.0,22380000.0,55341000.0,9315000,,0.737582230763545,0.15337731293271245,0.344839480621874,0.41376549141350677,0.17043942641732573,0.02868837312439944
FTNT,Fortinet,2011,433576000.0,2011-12-31,113598000.0,319978000.0,63577000,145532000.0,21965000.0,88904000.0,19015000,,0.737997490636013,0.14663403878443457,0.3356551100614425,0.3863152019484473,0.20504824990313117,0.04385620975330738
FTNT,Fortinet,2012,533639000.0,2012-12-31,147420000.0,386219000.0,81078000,179155000.0,25511000.0,100475000.0,30690000,,0.7237458281722288,0.15193417272725568,0.33572321363318647,0.3835289399762761,0.18828271546869702,0.05751078912898045
FTNT,Fortinet,2013,615297000.0,2013-12-31,180643000.0,434654000.0,102660000,224991000.0,34913000.0,72090000.0,43909000,,0.7064133255972319,0.16684625473551798,0.36566243618935246,0.4224041397894025,0.11716293107231142,0.07136228520535612
FTNT,Fortinet,2014,770364000.0,2014-12-31,231009000.0,539355000.0,122880000,315804000.0,41347000.0,59324000.0,58994000,,0.7001300683832578,0.15950901132451673,0.4099412745143854,0.4636133048792519,0.07700775217948917,0.07657938325259228
FTNT,Fortinet,2015,1009268000.0,2015-12-31,286777000.0,722491000.0,158129000,470371000.0,71514000.0,14877000.0,95088000,,0.7158564424909934,0.15667691832100097,0.4660516334610827,0.5369089280547882,0.014740386101610275,0.0942148170753457
FTNT,Fortinet,2016,1275400000.0,2016-12-31,337800000.0,937600000.0,183100000,626500000.0,81100000.0,42900000.0,122400000,,0.735141916261565,0.14356280382625058,0.49121844127332603,0.5548063352673671,0.03363650619413518,0.0959698917986514
FTNT,Fortinet,2017,1494900000.0,2017-12-31,385300000.0,1109600000.0,210600000,701000000.0,87900000.0,109800000.0,137200000,,0.7422570071576694,0.14087898856110775,0.4689276874707338,0.5277276071978059,0.07344972907886815,0.09177871429527058
FTNT,Fortinet,2018,1804600000.0,2018-12-31,450400000.0,1354200000.0,244500000,782300000.0,93000000.0,234400000.0,162900000,,0.7504156045661088,0.13548708855147956,0.4335032694225867,0.485038235620082,0.12989028039454728,0.09026931175883852
FTNT,Fortinet,2019,2163000000.0,2019-12-31,505900000.0,1657100000.0,277100000,926900000.0,102100000.0,351000000.0,174100000,,0.7661118816458622,0.1281091077207582,0.42852519648636156,0.47572815533980584,0.1622746185852982,0.08049006010171059
FTNT,Fortinet,2020,2594400000.0,2020-12-31,570000000.0,2024400000.0,341400000,1071900000.0,119500000.0,531800000.0,191700000,,0.7802960222016652,0.13159111933395004,0.413159111933395,0.4592198581560284,0.2049799568300956,0.07388991674375578
FTNT,Fortinet,2021,3342200000.0,2021-12-31,783000000.0,2559200000.0,424200000,1345700000.0,143500000.0,650400000.0,207900000,,0.7657231763509066,0.12692238645203757,0.4026389803123691,0.44557477110885046,0.19460235772844234,0.06220453593441446
FTNT,Fortinet,2022,4417400000.0,2022-12-31,1084900000.0,3332500000.0,512400000,1686100000.0,169000000.0,969600000.0,217300000,,0.7544030425136958,0.1159958346538688,0.3816951147733961,0.41995291347851677,0.21949563091411237,0.049191832299542715
FTNT,Fortinet,2023,5304800000.0,2023-12-31,1237200000.0,4067600000.0,613800000,2006000000.0,211300000.0,1241100000.0,249000000,,0.7667772583320767,0.11570652993515307,0.37814809229377166,0.41797994269340977,0.2339579248982054,0.04693862162569748
FTNT,Fortinet,2024,5955800000.0,2024-12-31,1157600000.0,4798200000.0,716800000,2044800000.0,237800000.0,1803400000.0,257900000,,0.8056348433459821,0.12035326908223916,0.3433291917122805,0.38325665737600323,0.30279727324624733,0.043302327143288896
FTNT,Fortinet,2025,6799600000.0,2025-12-31,1328900000.0,5470700000.0,815500000,2347500000.0,233400000.0,2084700000.0,279500000,,0.8045620330607682,0.11993352550150009,0.3452408965233249,0.379566445085005,0.3065915642096594,0.04110535913877287
GTLB,GitLab,2020,81227000.0,2020-01-31,9376000.0,71851000.0,59364000,99225000.0,41629000.0,-128367000.0,40872000,,0.8845704014674923,0.7308407302990385,1.2215765693673286,1.7340785699336427,-1.580348898765189,0.5031824393366737
GTLB,GitLab,2021,152176000.0,2021-01-31,18463000.0,133713000.0,106643000,154086000.0,86868000.0,-213884000.0,111846000,,0.8786733781936705,0.7007872463463358,1.0125512564399117,1.5833902849332353,-1.4055041530859005,0.7349779203028073
GTLB,GitLab,2022,252653000.0,2022-01-31,29985000.0,222668000.0,97217000,190754000.0,63654000.0,-128957000.0,30009000,,0.8813194381226425,0.3847846651336022,0.7550038986277622,1.0069462860128318,-0.5104115130237915,0.1187755538228321
GTLB,GitLab,2023,424336000.0,2023-01-31,51680000.0,372656000.0,156143000,309992000.0,117932000.0,-211411000.0,122567000,,0.8782097205987708,0.36797019343162024,0.7305342935786735,1.0084555635157046,-0.498216036348554,0.2888442177896761
GTLB,GitLab,2024,579906000.0,2024-01-31,59708000.0,520198000.0,200840000,356393000.0,150405000.0,-187440000.0,163049000,,0.8970384855476577,0.3463319917365918,0.6145702924267037,0.8739312923128921,-0.32322479850182617,0.28116453356233595
GTLB,GitLab,2025,759249000.0,2025-01-31,85140000.0,674109000.0,239652000,384295000.0,192877000.0,-142715000.0,185899000,,0.8878628750251893,0.3156434845485473,0.5061514733638108,0.7601880279065234,-0.18796863742988137,0.2448458937713451
GTLB,GitLab,2026,955224000.0,2026-01-31,120743000.0,834481000.0,274574000,434725000.0,195663000.0,-70481000.0,214951000,,0.8735971876753515,0.2874446203194225,0.4551026774871653,0.6599373550078306,-0.07378478765190154,0.22502679999665
HUBS,HubSpot,2012,51604000.0,2012-12-31,16838000.0,34766000.0,10585000,34949000.0,7972000.0,,2515000,,0.6737074645376327,0.20511975815828232,0.677253701263468,0.8317378497790869,,0.048736532051778934
HUBS,HubSpot,2013,77634000.0,2013-12-31,27504000.0,50130000.0,15018000,53158000.0,16204000.0,-34250000.0,3464000,,0.6457222351031764,0.19344617049231008,0.6847257644846331,0.8934487466831543,-0.44117268207228794,0.04461962542185125
HUBS,HubSpot,2014,115876000.0,2014-12-31,35080000.0,80796000.0,25638000,78809000.0,24958000.0,-48609000.0,16358000,,0.6972625910456005,0.22125375401291036,0.6801149504642894,0.895500362456419,-0.4194915254237288,0.14116814525872484
HUBS,HubSpot,2015,181943000.0,2015-12-31,47923000.0,134020000.0,32457000,112629000.0,35408000.0,-46474000.0,21308000,,0.7366043211335418,0.17839103455477814,0.6190345327932374,0.8136449327536646,-0.25543164617490094,0.11711360151256163
HUBS,HubSpot,2016,270967000.0,2016-12-31,61865000.0,209102000.0,45997000,162647000.0,45120000.0,-44662000.0,32675000,,0.7716880653363694,0.1697512981285544,0.6002465244845313,0.7667612661320382,-0.16482449892422324,0.12058663970151347
HUBS,HubSpot,2017,375612000.0,2017-12-31,75729000.0,299883000.0,70373000,212859000.0,56787000.0,-40136000.0,47317000,,0.7983850356218651,0.18735556904465245,0.5666991469921089,0.7178844126385738,-0.10685494606136119,0.12597307860238757
HUBS,HubSpot,2018,512980000.0,2018-12-31,100357000.0,412623000.0,117603000,267444000.0,75834000.0,-48258000.0,76261000,,0.8043646925806074,0.2292545518343795,0.5213536590120472,0.669183983781044,-0.09407384303481617,0.14866271589535654
HUBS,HubSpot,2019,674860000.0,2019-12-31,129958000.0,544902000.0,158237000,340685000.0,92971000.0,-46991000.0,97754000,,0.8074296891207066,0.23447381679163085,0.5048232225943159,0.6425866105562635,-0.06963073822718786,0.1448507838662834
HUBS,HubSpot,2020,883026000.0,2020-12-31,166959000.0,716067000.0,205589000,452081000.0,109225000.0,-50828000.0,121488000,,0.8109240271520883,0.23282326907701473,0.5119679375239234,0.635661917089644,-0.05756115901457035,0.13758145286775247
HUBS,HubSpot,2021,1300658000.0,2021-12-31,258857000.0,1041801000.0,301970000,649681000.0,144949000.0,-54799000.0,166761000,,0.8009799655251418,0.23216710311242464,0.4995017906321262,0.6109446141875882,-0.04213175177487087,0.12821279690741147
HUBS,HubSpot,2022,1730969000.0,2022-12-31,308020000.0,1422949000.0,442022000,886069000.0,197720000.0,-102862000.0,275849000,,0.8220534278776801,0.25536101455312027,0.5118918940778258,0.6261169321923155,-0.05942451886775558,0.15936102841818658
HUBS,HubSpot,2023,2170230000.0,2023-12-31,338362000.0,1831868000.0,617745000,1068560000.0,249649000.0,-200929000.0,432271000,,0.8440893361533109,0.2846449454666095,0.4923717762633454,0.6074052058998355,-0.09258419614510904,0.19918211433811162
HUBS,HubSpot,2024,2627543000.0,2024-12-31,393265000.0,2234278000.0,778714000,1218844000.0,300332000.0,-67602000.0,504770000,,0.8503297567347138,0.29636584444098535,0.46387214214952904,0.5781736017260232,-0.025728218339338308,0.19210722717002157
HUBS,HubSpot,2025,3131266000.0,2025-12-31,508487000.0,2622779000.0,905943000,1379376000.0,326045000.0,7379000.0,528153000,,0.8376097718941795,0.2893216354024219,0.4405170304918202,0.544642646137377,0.0023565548247897177,0.16867075489594305
INTU,Intuit,2008,2993000000.0,2008-07-31,381000000.0,2612000000.0,593000000,841000000.0,290000000.0,644000000.0,113000000,,0.8727029736050785,0.19812896759104578,0.2809889742733044,0.3778817240227197,0.21516872702973605,0.03775476110925493
INTU,Intuit,2009,3109000000.0,2009-07-31,422000000.0,2687000000.0,556000000,907000000.0,284000000.0,683000000.0,133000000,,0.8642650369893856,0.17883563846896108,0.29173367642328724,0.38308137664844,0.21968478610485687,0.04277902862656803
INTU,Intuit,2010,3403000000.0,2010-07-31,447000000.0,2956000000.0,564000000,913000000.0,346000000.0,904000000.0,135000000,,0.8686453129591537,0.16573611519247722,0.2682926829268293,0.36996767558037025,0.26564795768439614,0.03967087863649721
INTU,Intuit,2011,3449000000.0,2011-07-31,338000000.0,3111000000.0,566000000,959000000.0,341000000.0,1082000000.0,153000000,,0.9020005798782256,0.16410553783705423,0.27805160916207594,0.3769208466222093,0.3137141200347927,0.044360684256306175
INTU,Intuit,2012,3808000000.0,2012-07-31,429000000.0,3379000000.0,618000000,1033000000.0,381000000.0,1168000000.0,169000000,,0.8873424369747899,0.16228991596638656,0.2712710084033613,0.3713235294117647,0.3067226890756303,0.04438025210084034
INTU,Intuit,2013,3946000000.0,2013-07-31,402000000.0,3544000000.0,647000000,1122000000.0,412000000.0,1208000000.0,195000000,,0.8981246832235175,0.1639635073492144,0.2843385707045109,0.38874809934110494,0.30613279270146987,0.049417131272174356
INTU,Intuit,2014,4243000000.0,2014-07-31,466000000.0,3777000000.0,714000000,1157000000.0,444000000.0,1300000000.0,204000000,,0.8901720480791893,0.16827716238510487,0.27268442139995286,0.3773273627150601,0.3063869903370257,0.04807918925288711
INTU,Intuit,2015,4192000000.0,2015-07-31,556000000.0,3636000000.0,798000000,1288000000.0,483000000.0,738000000.0,257000000,,0.8673664122137404,0.19036259541984732,0.30725190839694655,0.42247137404580154,0.1760496183206107,0.06130725190839695
INTU,Intuit,2016,4694000000.0,2016-07-31,599000000.0,4095000000.0,881000000,1289000000.0,518000000.0,1242000000.0,281000000,,0.8723902854708138,0.18768640818065616,0.2746058798466127,0.3849595227950575,0.26459309757136773,0.05986365573072007
INTU,Intuit,2017,5196000000.0,2017-07-31,677000000.0,4519000000.0,998000000,1415000000.0,553000000.0,1418000000.0,326000000,,0.869707467282525,0.19207082371054657,0.2723248652809854,0.3787528868360277,0.2729022324865281,0.06274056966897613
INTU,Intuit,2018,6025000000.0,2018-07-31,,,1186000000,1631000000.0,664000000.0,1560000000.0,382000000,,,0.19684647302904565,0.27070539419087136,0.3809128630705394,0.25892116182572616,0.06340248962655602
INTU,Intuit,2019,6784000000.0,2019-07-31,,,1233000000,1927000000.0,597000000.0,1854000000.0,401000000,,,0.18175117924528303,0.2840507075471698,0.3720518867924528,0.27329009433962265,0.05910966981132076
INTU,Intuit,2020,7679000000.0,2020-07-31,,,1392000000,2048000000.0,679000000.0,2176000000.0,435000000,,,0.1812736033337674,0.26670139341060034,0.3551243651517125,0.28337023049876287,0.056648001041802315
INTU,Intuit,2021,9633000000.0,2021-07-31,,,1678000000,2644000000.0,982000000.0,2500000000.0,753000000,,,0.17419287864631994,0.2744731651614243,0.37641440880307275,0.25952455102252675,0.07816879476798505
INTU,Intuit,2022,12726000000.0,2022-07-31,,,2347000000,3526000000.0,1460000000.0,2571000000.0,1308000000,,,0.18442558541568443,0.27707056419927706,0.3917963224893918,0.20202734559170202,0.10278170674210278
INTU,Intuit,2023,14368000000.0,2023-07-31,,,2539000000,3762000000.0,1300000000.0,3141000000.0,1712000000,,,0.17671213808463251,0.26183184855233854,0.3523106904231626,0.2186108017817372,0.11915367483296214
INTU,Intuit,2024,16285000000.0,2024-07-31,,,2754000000,4312000000.0,1418000000.0,3630000000.0,1940000000,,,0.16911268038071844,0.2647835431378569,0.35185753761129873,0.22290451335584893,0.11912803193122505
INTU,Intuit,2025,18831000000.0,2025-07-31,,,2928000000,5035000000.0,1601000000.0,4923000000.0,1968000000,,,0.1554882905846742,0.26737825925335884,0.35239764218575753,0.2614306197227975,0.10450852317986299
INTU,Intuit,2026,21448000000.0,2026-07-31,,,3376000000,5534000000.0,1623000000.0,5884000000.0,2056000000,,,0.15740395374860128,0.25801939574785526,0.33369078701976873,0.2743379336068631,0.09585975382320029
MANH,Manhattan Associates,2009,246667000.0,2009-12-31,107461000.0,139206000.0,36681000,36137000.0,29946000.0,21142000.0,8622000,,0.5643478860163702,0.1487065558019516,0.14650115337681976,0.2679036920220378,0.08571069498554731,0.03495400681890971
MANH,Manhattan Associates,2010,297117000.0,2010-12-31,128792000.0,168325000.0,40508000,42702000.0,34027000.0,41927000.0,10420000,,0.5665276641861624,0.13633686392902458,0.14372116035097285,0.25824506844105183,0.1411127602930832,0.03507035948801314
MANH,Manhattan Associates,2011,90700000.0,2011-12-31,139101000.0,-48401000.0,42372000,43944000.0,37708000.0,61363000.0,10372000,,-0.533638368246968,0.4671664829106946,0.4844983461962514,0.9002425578831312,0.6765490628445424,0.11435501653803748
MANH,Manhattan Associates,2012,104400000.0,2012-12-31,161737000.0,-57337000.0,44704000,45622000.0,38474000.0,80073000.0,8338000,,-0.5492049808429119,0.4281992337164751,0.43699233716475094,0.8055172413793104,0.7669827586206897,0.07986590038314176
MANH,Manhattan Associates,2013,110800000.0,2013-12-31,181151000.0,-70351000.0,44549000,44559000.0,37147000.0,101287000.0,7325000,,-0.6349368231046931,0.4020667870036101,0.4021570397111913,0.7374187725631769,0.9141425992779784,0.0661101083032491
MANH,Manhattan Associates,2014,134600000.0,2014-12-31,212578000.0,-77978000.0,48953000,52617000.0,44455000.0,127124000.0,9671000,,-0.5793313521545319,0.3636924219910847,0.39091381872213965,0.7211887072808321,0.9444576523031204,0.07184992570579495
MANH,Manhattan Associates,2015,131300000.0,2015-12-31,235428000.0,-104128000.0,53859000,48615000.0,49259000.0,161446000.0,14528000,,-0.7930540746382331,0.4101980198019802,0.37025894897182027,0.7454226961157654,1.2295963442498097,0.11064737242955065
MANH,Manhattan Associates,2016,604557000.0,2016-12-31,249879000.0,354678000.0,54736000,48223000.0,48322000.0,194307000.0,15934000,,0.5866742093797607,0.09053902278858734,0.07976584507333469,0.1596954464177902,0.3214039370977426,0.02635648913171132
MANH,Manhattan Associates,2017,594599000.0,2017-12-31,245733000.0,348866000.0,57704000,47482000.0,46054000.0,185645000.0,16229000,,0.5867248347205427,0.09704691733420338,0.07985549925243736,0.15730937993504868,0.3122188231059924,0.02729402504881441
MANH,Manhattan Associates,2018,559157000.0,2018-12-31,240881000.0,318276000.0,71896000,51262000.0,52618000.0,133887000.0,19864000,,0.56920685961188,0.12857927201125982,0.09167729278181262,0.18577966474532198,0.23944437787598116,0.035524906242790484
MANH,Manhattan Associates,2019,617949000.0,2019-12-31,284967000.0,332982000.0,87608000,56860000.0,64603000.0,115924000.0,31841000,,0.5388502934708204,0.1417722174483655,0.09201406588569606,0.1965582920273356,0.18759476914761575,0.05152690594207612
MANH,Manhattan Associates,2020,586372000.0,2020-12-31,269887000.0,316485000.0,84276000,47758000.0,61444000.0,114061000.0,33355000,,0.5397341619313337,0.14372446160457866,0.08144659021917827,0.18623331264112203,0.19451986111205855,0.05688368475984529
MANH,Manhattan Associates,2021,663643000.0,2021-12-31,297827000.0,365816000.0,97628000,57855000.0,68086000.0,134333000.0,43259000,,0.5512240768003279,0.14710921383936845,0.08717789534433423,0.18977221186692242,0.20241756486544724,0.06518414267912115
MANH,Manhattan Associates,2022,767084000.0,2022-12-31,358237000.0,408847000.0,111877000,64537000.0,73070000.0,152700000.0,59361000,,0.5329885644857669,0.14584713017088088,0.08413289809199515,0.17938974088887266,0.19906555214292046,0.07738526680259268
MANH,Manhattan Associates,2023,928725000.0,2023-12-31,430614000.0,498111000.0,126814000,74490000.0,81174000.0,209881000.0,71571000,,0.5363385286279577,0.1365463404129317,0.08020673503997416,0.1676104336590487,0.22598831731675145,0.07706371638536703
MANH,Manhattan Associates,2024,1042352000.0,2024-12-31,470980000.0,571372000.0,137689000,75976000.0,89810000.0,261596000.0,93206000,,0.5481564768907241,0.13209453236526625,0.07288900486591861,0.1590499178780297,0.25096704376256773,0.08941892949790474
MANH,Manhattan Associates,2025,1081392000.0,2025-12-31,472339000.0,609053000.0,145062000,81175000.0,93762000.0,279800000.0,111263000,,0.5632120452157959,0.13414377025167562,0.07506528622368207,0.1617701998905115,0.25874058620740675,0.10288868421441993
MDB,MongoDB,2016,65271000.0,2016-01-31,20861000.0,44410000.0,43465000,56613000.0,17070000.0,-72738000.0,12787000,,0.6803940494247063,0.6659159504220864,0.8673530358045687,1.1288780622328447,-1.1143999632302248,0.19590629835608464
MDB,MongoDB,2017,114805000.0,2017-01-31,29867000.0,84938000.0,51772000,75413000.0,27082000.0,-69329000.0,21004000,,0.7398458255302469,0.45095596881668915,0.6568790557902531,0.8927747049344541,-0.6038848482208963,0.182953704106964
MDB,MongoDB,2018,166028000.0,2018-01-31,42859000.0,123169000.0,62202000,109073000.0,36775000.0,-84881000.0,21235000,,0.7418567952393572,0.37464764979401066,0.6569554532970342,0.8784542366347845,-0.511245091189438,0.12790011323391234
MDB,MongoDB,2019,267016000.0,2019-01-31,73568000.0,193448000.0,89854000,148296000.0,53063000.0,-97765000.0,37403000,,0.724480929981724,0.3365116697126764,0.5553824489918208,0.7541083680378704,-0.36613910776882286,0.1400777481499236
MDB,MongoDB,2020,421720000.0,2020-01-31,125356000.0,296364000.0,149033000,223893000.0,71304000.0,-147866000.0,75776000,,0.7027506402352272,0.3533932467039742,0.53090439153941,0.6999834013089253,-0.3506260077776724,0.17968320212463246
MDB,MongoDB,2021,590380000.0,2021-01-31,177076000.0,413304000.0,205161000,325100000.0,92347000.0,-209304000.0,149313000,,0.7000643653240286,0.34750669060605033,0.5506622853077678,0.7070818794674616,-0.3545242047494834,0.25290999017581894
MDB,MongoDB,2022,873782000.0,2022-01-31,259492000.0,614290000.0,308820000,471890000.0,122944000.0,-289364000.0,251069000,,0.703024324144924,0.353429116186875,0.540054613164382,0.680757900712077,-0.3311626927540279,0.2873359716725682
MDB,MongoDB,2023,1284040000.0,2023-01-31,349304000.0,934736000.0,421692000,699201000.0,160498000.0,-346655000.0,381454000,,0.7279648609077599,0.3284103298962649,0.5445321018036822,0.6695266502601165,-0.2699721192486215,0.29707329989719944
MDB,MongoDB,2024,1683011000.0,2024-01-31,424485000.0,1258526000.0,515940000,782760000.0,193558000.0,-233732000.0,456907000,,0.7477823971441661,0.306557711149838,0.46509499937908905,0.5801019720013714,-0.13887728600704333,0.27148188573930887
MDB,MongoDB,2025,2006443000.0,2025-01-31,535296000.0,1471147000.0,596837000,871148000.0,219226000.0,-216064000.0,493940000,,0.7332114592839168,0.29746023186305315,0.43417530425733497,0.5434363198954568,-0.1076850924745931,0.24617694098461806
MDB,MongoDB,2026,2463797000.0,2026-01-31,696058000.0,1767739000.0,716303000,944389000.0,244015000.0,-136968000.0,550454000,,0.7174856532417241,0.2907313386614238,0.3833063357086643,0.4823465569606587,-0.055592242380358446,0.22341694547075103
MSFT,Microsoft,2008,60420000000.0,2008-06-30,11598000000.0,48822000000.0,8164000000,13260000000.0,5127000000.0,22271000000.0,1479000000,,0.808043694141013,0.1351208209202251,0.21946375372393248,0.30431976166832175,0.36860311155246606,0.024478649453823238
MSFT,Microsoft,2009,58437000000.0,2009-06-30,12155000000.0,46282000000.0,9010000000,12879000000.0,4030000000.0,20363000000.0,1708000000,,0.7919982203056283,0.15418313739582798,0.22039119051286,0.28935434741687627,0.348460735492924,0.029228057566267947
MSFT,Microsoft,2010,62484000000.0,2010-06-30,12395000000.0,50089000000.0,8714000000,13214000000.0,4063000000.0,24098000000.0,1891000000,,0.8016292170795724,0.139459701683631,0.21147813840343127,0.2765027847128865,0.38566673068305485,0.030263747519364958
MSFT,Microsoft,2011,69943000000.0,2011-06-30,15577000000.0,54366000000.0,9043000000,13940000000.0,4222000000.0,27161000000.0,2166000000,,0.777290079064381,0.1292909940951918,0.1993051484780464,0.25966858727821224,0.38833049769097694,0.030968074003116824
MSFT,Microsoft,2012,73723000000.0,2012-06-30,17530000000.0,56193000000.0,9811000000,13857000000.0,4569000000.0,21763000000.0,2244000000,,0.762218032364391,0.13307922900587332,0.18796033802205553,0.24993556963227215,0.2951995984970769,0.03043826214342878
MSFT,Microsoft,2013,77849000000.0,2013-06-30,20385000000.0,57464000000.0,10411000000,15276000000.0,5013000000.0,26764000000.0,2406000000,,0.7381469254582589,0.13373325283561768,0.1962260273092782,0.2606199180464746,0.3437937545761667,0.03090598466261609
MSFT,Microsoft,2014,86833000000.0,2014-06-30,27078000000.0,59755000000.0,11381000000,15811000000.0,4677000000.0,27759000000.0,2446000000,,0.6881600313244964,0.13106768164177213,0.18208515195835684,0.23594716294496332,0.3196826091462923,0.028169014084507043
MSFT,Microsoft,2015,93580000000.0,2015-06-30,33038000000.0,60542000000.0,12046000000,15713000000.0,4611000000.0,18161000000.0,2574000000,,0.646954477452447,0.12872408634323573,0.16790980978841633,0.21718315879461422,0.19406924556529173,0.027505877324214577
MSFT,Microsoft,2016,91154000000.0,2016-06-30,32780000000.0,58374000000.0,11988000000,14635000000.0,4563000000.0,26078000000.0,2668000000,,0.6403887925927552,0.13151370208657875,0.16055247164139808,0.21061061500318143,0.28608728086534874,0.02926914891282884
MSFT,Microsoft,2017,96571000000.0,2017-06-30,34261000000.0,62310000000.0,13037000000,15461000000.0,4481000000.0,29025000000.0,3266000000,,0.6452247569146017,0.13499911981857907,0.16009982292820826,0.2065009164241853,0.3005560675565128,0.033819676714541634
MSFT,Microsoft,2018,110360000000.0,2018-06-30,38353000000.0,72007000000.0,14726000000,17469000000.0,4754000000.0,35058000000.0,3940000000,,0.652473722363175,0.1334360275462124,0.15829104748097136,0.2013682493657122,0.3176694454512505,0.03570134106560348
MSFT,Microsoft,2019,125843000000.0,2019-06-30,42910000000.0,82933000000.0,16876000000,18213000000.0,4885000000.0,42959000000.0,4652000000,,0.6590195720063889,0.13410360528595155,0.1447279546736807,0.1835461646654959,0.3413698020549415,0.036966696598142126
MSFT,Microsoft,2020,143015000000.0,2020-06-30,46078000000.0,96937000000.0,19269000000,19598000000.0,5111000000.0,52959000000.0,5289000000,,0.6778100199279796,0.1347341187987274,0.13703457679264414,0.17277208684403733,0.37030381428521486,0.036982134741111075
MSFT,Microsoft,2021,168088000000.0,2021-06-30,52232000000.0,115856000000.0,20716000000,20117000000.0,5107000000.0,69916000000.0,6118000000,,0.689258007710247,0.12324496692208843,0.1196813573842273,0.15006425205844556,0.415948788729713,0.036397601256484696
MSFT,Microsoft,2022,198270000000.0,2022-06-30,62650000000.0,135620000000.0,24512000000,21825000000.0,5900000000.0,83383000000.0,7502000000,,0.684016744842891,0.12362939426035205,0.11007716749886519,0.13983456902204064,0.4205527815604983,0.037837292580824126
MSFT,Microsoft,2023,211915000000.0,2023-06-30,65863000000.0,146052000000.0,27195000000,22759000000.0,7575000000.0,88523000000.0,9611000000,,0.6892008588349102,0.12832975485454073,0.10739683363612769,0.1431422976193285,0.417728806361041,0.04535308968218389
MSFT,Microsoft,2024,245122000000.0,2024-06-30,74114000000.0,171008000000.0,29510000000,24456000000.0,7609000000.0,109433000000.0,10734000000,,0.6976444382797138,0.12038903076835208,0.09977072641378579,0.13081241177862452,0.44644299573273716,0.04379043904667879
MSFT,Microsoft,2025,281724000000.0,2025-06-30,87831000000.0,193893000000.0,32488000000,25654000000.0,7223000000.0,128528000000.0,11974000000,,0.6882374238616519,0.11531853871164686,0.09106075449730942,0.11669932274140649,0.4562195624085985,0.042502591188539135
MSFT,Microsoft,2026,331839000000.0,2026-06-30,106374000000.0,225465000000.0,35562000000,26710000000.0,7956000000.0,155237000000.0,12405000000,,0.6794409337058032,0.10716642709265638,0.08049084043768213,0.10446632252387453,0.4678081840892722,0.0373825861336371
NET,Cloudflare,2017,134915000.0,2017-12-31,28788000.0,106127000.0,33650000,61899000.0,20308000.0,-9730000.0,2755000,,0.7866212059444836,0.2494162991513175,0.45879998517585147,0.6093243894303821,-0.07211948263721603,0.020420264611051404
NET,Cloudflare,2018,192674000.0,2018-12-31,43537000.0,149137000.0,54463000,94394000.0,85179000.0,-84899000.0,27347000,,0.774038012393992,0.2826691717616284,0.48991560874845597,0.9320043181747407,-0.4406354775423773,0.1419340440329261
NET,Cloudflare,2019,287022000.0,2019-12-31,63423000.0,223599000.0,90669000,159298000.0,81578000.0,-107946000.0,36627000,,0.7790308756820035,0.3158956456299517,0.5550027524022548,0.8392248677801701,-0.3760896377281184,0.12761042707527645
NET,Cloudflare,2020,431059000.0,2020-12-31,101055000.0,330004000.0,127144000,217875000.0,91753000.0,-106768000.0,56334000,,0.7655657346210147,0.2949573028286151,0.5054412505016714,0.7182961033176433,-0.24768767152524365,0.1306874464980432
NET,Cloudflare,2021,656426000.0,2021-12-31,147134000.0,509292000.0,189408000,328065000.0,119503000.0,-127684000.0,90137000,,0.7758559228306009,0.28854432944459846,0.49977453665759736,0.6818255218409996,-0.1945139284549972,0.13731479252802295
NET,Cloudflare,2022,975241000.0,2022-12-31,232610000.0,742631000.0,298303000,465762000.0,179769000.0,-201203000.0,202777000,,0.7614845971406042,0.3058761885523681,0.47758656578220154,0.6619194640094089,-0.2063110554211728,0.20792501545771763
NET,Cloudflare,2023,1296745000.0,2023-12-31,307005000.0,989740000.0,358143000,599117000.0,217965000.0,-185485000.0,273989000,,0.7632495209158315,0.2761861429965028,0.4620160478737146,0.6301022945914578,-0.14303891667212906,0.21128980639987044
NET,Cloudflare,2024,1669626000.0,2024-12-31,378702000.0,1290924000.0,421374000,745791000.0,278520000.0,-154761000.0,338461000,,0.773181538859601,0.25237628067603163,0.44668147237764627,0.6134972742398597,-0.09269201605629045,0.20271665630506472
NET,Cloudflare,2025,2167937000.0,2025-12-31,552525000.0,1615412000.0,512489000,920817000.0,389311000.0,-207205000.0,451454000,,0.745137889154528,0.23639478453479046,0.4247434311974933,0.604320143989424,-0.09557703936968648,0.2082412911445305
NOW,ServiceNow,2010,43329000.0,2010-06-30,16190000.0,27139000.0,7194000,19334000.0,28810000.0,-28199000.0,545000,,0.6263472501096263,0.16603198781416603,0.4462138521544462,1.1111264972651111,-0.6508112349696508,0.012578180895012578
NOW,ServiceNow,2011,92641000.0,2011-06-30,31575000.0,61066000.0,7004000,34123000.0,9379000.0,10560000.0,2954000,,0.6591681868719034,0.07560367439902418,0.3683358340259712,0.46957610561198604,0.11398840686089312,0.0318865297222612
NOW,ServiceNow,2012,243712000.0,2012-12-31,104009000.0,139703000.0,39333000,103837000.0,34117000.0,-37584000.0,27937000,,0.5732298778886554,0.16139131433823528,0.4260643710609244,0.5660533744747899,-0.15421481092436976,0.11463120404411764
NOW,ServiceNow,2013,424650000.0,2013-12-31,155259000.0,269391000.0,78678000,195190000.0,61790000.0,-66267000.0,65581000,,0.6343836100317909,0.18527728717767572,0.45964912280701753,0.6051571882726952,-0.15605086541858001,0.15443541740256683
NOW,ServiceNow,2014,682563000.0,2014-12-31,248776000.0,433787000.0,148258000,341119000.0,96245000.0,-151835000.0,154319000,,0.6355266839837495,0.21720778887809625,0.4997619267378982,0.6407672258824461,-0.22244833077679277,0.22608755528793678
NOW,ServiceNow,2015,1005480000.0,2015-12-31,329413000.0,676067000.0,217389000,498439000.0,126604000.0,-166365000.0,257713000,,0.6723823447507657,0.21620420097863707,0.4957224410231929,0.6216364323507181,-0.16545828857858932,0.2563084298046704
NOW,ServiceNow,2016,1390513000.0,2016-12-31,398995000.0,991990000.0,285239000,659983000.0,158936000.0,-382168000.0,317654000,,0.7133985802362149,0.20513220660288684,0.4746327434551133,0.5889330053009213,-0.2748395735962195,0.2284437470199847
NOW,ServiceNow,2017,1933026000.0,2017-12-31,499862000.0,1418632000.0,377518000,894977000.0,210533000.0,-64396000.0,394004000,,0.7338918359090876,0.19529897683735242,0.46299273781107964,0.5719064306429401,-0.03331357157120494,0.20382757396951723
NOW,ServiceNow,2018,2608816000.0,2018-12-31,622658000.0,1986158000.0,529501000,1203056000.0,296027000.0,-42426000.0,543953000,,0.7613254441861749,0.20296601983428497,0.4611501922711299,0.5746219741062613,-0.01626254975437133,0.2085056976038172
NOW,ServiceNow,2019,3460000000.0,2019-12-31,796000000.0,2664000000.0,749000000,1534000000.0,339000000.0,42000000.0,662000000,,0.7699421965317919,0.21647398843930635,0.44335260115606934,0.5413294797687861,0.012138728323699421,0.19132947976878611
NOW,ServiceNow,2020,4519000000.0,2020-12-31,987000000.0,3532000000.0,1024000000,1855000000.0,454000000.0,199000000.0,870000000,,0.7815888470900642,0.22659880504536403,0.41048904624917015,0.5109537508298296,0.04403629121487054,0.19252046913033857
NOW,ServiceNow,2021,5896000000.0,2021-12-31,1353000000.0,4543000000.0,1397000000,2292000000.0,597000000.0,257000000.0,1131000000,,0.7705223880597015,0.23694029850746268,0.3887381275440977,0.4899932157394844,0.04358887381275441,0.19182496607869742
NOW,ServiceNow,2022,7245000000.0,2022-12-31,1573000000.0,5672000000.0,1768000000,2814000000.0,735000000.0,355000000.0,1401000000,,0.7828847481021394,0.24403036576949622,0.3884057971014493,0.48985507246376814,0.04899930986887509,0.19337474120082815
NOW,ServiceNow,2023,8971000000.0,2023-12-31,1921000000.0,7050000000.0,2124000000,3301000000.0,863000000.0,762000000.0,1604000000,,0.7858655668264407,0.23676290268643407,0.36796343774384127,0.46416230074685094,0.08494036339315572,0.17879835023966112
NOW,ServiceNow,2024,10984000000.0,2024-12-31,2287000000.0,8697000000.0,2543000000,3854000000.0,936000000.0,1364000000.0,1746000000,,0.791788055353241,0.2315185724690459,0.3508739985433358,0.4360888565185725,0.12418062636562273,0.15895848506919155
NOW,ServiceNow,2025,13278000000.0,2025-12-31,2983000000.0,10295000000.0,2960000000,4388000000.0,1123000000.0,1824000000.0,1955000000,,0.7753426720891701,0.2229251393282121,0.3304714565446603,0.41504744690465434,0.13737008585630367,0.14723602952251846
OKTA,Okta,2016,85907000.0,2016-01-31,36024000.0,49883000.0,28761000,77915000.0,19195000.0,-75988000.0,9832000,,0.5806628097826719,0.33479227536754863,0.9069691643288673,1.1304084649679305,-0.884537930552807,0.11444934638620834
OKTA,Okta,2017,160806000.0,2017-01-31,55949000.0,104857000.0,38659000,110769000.0,30099000.0,-74670000.0,17127000,,0.6520714401203935,0.24040769623024016,0.6888362374538264,0.8760120891011529,-0.4643483452109996,0.10650721987985523
OKTA,Okta,2018,256547000.0,2018-01-31,80755000.0,175792000.0,70821000,165020000.0,51803000.0,-111852000.0,49860000,,0.6852233703765782,0.27605468003913514,0.6432349627943418,0.8451589767177164,-0.4359902863802734,0.19435035295676817
OKTA,Okta,2019,399254000.0,2019-01-31,113421000.0,285833000.0,102385000,227960000.0,75110000.0,-119622000.0,76320000,,0.7159176864852951,0.2564407620211695,0.5709648494442134,0.7590907041632645,-0.2996137796991389,0.19115650688534117
OKTA,Okta,2020,586067000.0,2020-01-31,159382000.0,426685000.0,159269000,340356000.0,112892000.0,-185832000.0,126624000,,0.7280481583163699,0.27175903096403653,0.5807458874156026,0.7733723277372724,-0.3170832003849389,0.216057208476164
OKTA,Okta,2021,835000000.0,2021-01-31,218000000.0,617000000.0,223000000,427000000.0,171000000.0,-204000000.0,195000000,,0.7389221556886227,0.26706586826347306,0.511377245508982,0.7161676646706587,-0.24431137724550897,0.23353293413173654
OKTA,Okta,2022,1300000000.0,2022-01-31,396000000.0,904000000.0,469000000,771000000.0,432000000.0,-768000000.0,566000000,,0.6953846153846154,0.3607692307692308,0.5930769230769231,0.9253846153846154,-0.5907692307692308,0.43538461538461537
OKTA,Okta,2023,1858000000.0,2023-01-31,546000000.0,1312000000.0,620000000,1066000000.0,409000000.0,-812000000.0,677000000,,0.7061356297093649,0.333692142088267,0.573735199138859,0.7938643702906351,-0.4370290635091496,0.3643702906350915
OKTA,Okta,2024,2263000000.0,2024-01-31,581000000.0,1682000000.0,656000000,1036000000.0,450000000.0,-516000000.0,684000000,,0.7432611577551922,0.2898806893504198,0.45779938135218734,0.6566504639858595,-0.22801590808661068,0.30225364560318163
OKTA,Okta,2025,2610000000.0,2025-01-31,618000000.0,1992000000.0,642000000,965000000.0,448000000.0,-74000000.0,565000000,,0.7632183908045977,0.24597701149425288,0.36973180076628354,0.5413793103448276,-0.028352490421455937,0.2164750957854406
OKTA,Okta,2026,2919000000.0,2026-01-31,661000000.0,2258000000.0,639000000,1018000000.0,448000000.0,149000000.0,544000000,,0.7735525865022268,0.21891058581706063,0.3487495717711545,0.5022267899965742,0.05104487838300788,0.18636519355943817
ORCL,Oracle,2008,22430000000.0,2008-05-31,,,2741000000,4679000000.0,808000000.0,7844000000.0,369000000,,,0.12220240748996879,0.20860454748105217,0.24462773071778868,0.34971020954079357,0.01645118145341061
ORCL,Oracle,2009,23252000000.0,2009-05-31,,,2767000000,4638000000.0,785000000.0,8321000000.0,355000000,,,0.11900051608463788,0.1994667125408567,0.2332272492688801,0.357861689317048,0.015267503870634785
ORCL,Oracle,2010,26820000000.0,2010-05-31,,,3254000000,5080000000.0,911000000.0,9062000000.0,436000000,,,0.12132736763609246,0.1894108873974646,0.22337807606263982,0.3378821774794929,0.016256524981357195
ORCL,Oracle,2011,35622000000.0,2011-05-31,,,4519000000,6579000000.0,970000000.0,12033000000.0,510000000,,,0.12685980573802705,0.18468923698837797,0.21191960024703835,0.3377968671045983,0.014316995115378137
ORCL,Oracle,2012,37121000000.0,2012-05-31,,,4523000000,6990000000.0,1126000000.0,13706000000.0,659000000,,,0.12184477788852671,0.188303116834137,0.2186363513913957,0.36922496699981144,0.01775275450553595
ORCL,Oracle,2013,37180000000.0,2013-05-31,,,4850000000,7062000000.0,1072000000.0,14684000000.0,755000000,,,0.13044647660032274,0.18994082840236687,0.21877353415814954,0.3949435180204411,0.020306616460462616
ORCL,Oracle,2014,38275000000.0,2014-05-31,,,5151000000,7567000000.0,1038000000.0,14759000000.0,805000000,,,0.134578706727629,0.1977008491182234,0.2248203788373612,0.3856041802743305,0.021032005225342914
ORCL,Oracle,2015,38226000000.0,2015-05-31,,,5524000000,7655000000.0,1077000000.0,13871000000.0,933000000,,,0.14450897295034792,0.20025637000994087,0.22843091089834144,0.36286820488672633,0.02440747135457542
ORCL,Oracle,2016,37047000000.0,2016-05-31,,,5787000000,7884000000.0,1155000000.0,12604000000.0,1037000000,,,0.1562069803222933,0.21281075390719897,0.2439873673981699,0.34021648176640484,0.027991470294490783
ORCL,Oracle,2017,37792000000.0,2017-05-31,,,6153000000,8085000000.0,1172000000.0,12913000000.0,1350000000,,,0.16281223539373413,0.21393416596104997,0.24494602032176122,0.3416860711261643,0.035721845893310754
ORCL,Oracle,2018,39383000000.0,2018-05-31,,,6084000000,8433000000.0,1282000000.0,13264000000.0,1607000000,,,0.1544828987126425,0.21412792321560065,0.24668003961099966,0.33679506386004116,0.0408044079932966
ORCL,Oracle,2019,39506000000.0,2019-05-31,,,6026000000,8509000000.0,1265000000.0,13535000000.0,1653000000,,,0.15253379233534148,0.21538500480939604,0.24740545739887612,0.3426061864020655,0.04184174555763681
ORCL,Oracle,2020,39068000000.0,2020-05-31,,,6067000000,8094000000.0,1181000000.0,13896000000.0,1590000000,,,0.15529333469847445,0.20717722944609399,0.23740657315449984,0.355687519197297,0.040698269683628545
ORCL,Oracle,2021,40479000000.0,2021-05-31,,,6527000000,7682000000.0,1254000000.0,15213000000.0,1837000000,,,0.16124410187998717,0.18977741544998641,0.22075644161169988,0.3758245015934188,0.04538155586847501
ORCL,Oracle,2022,42440000000.0,2022-05-31,,,7219000000,8047000000.0,1317000000.0,10926000000.0,2613000000,,,0.17009896324222432,0.18960885956644674,0.22064090480678605,0.2574458058435438,0.06156927426955702
ORCL,Oracle,2023,49954000000.0,2023-05-31,,,8623000000,8833000000.0,1579000000.0,13093000000.0,3547000000,,,0.1726188093045602,0.1768226768627137,0.2084317572166393,0.262101133042399,0.071005324898907
ORCL,Oracle,2024,52961000000.0,2024-05-31,,,8915000000,8274000000.0,1548000000.0,15353000000.0,3974000000,,,0.16833141368176582,0.15622816789713184,0.18545722323974245,0.2898925624516153,0.0750363475009913
ORCL,Oracle,2025,57399000000.0,2025-05-31,,,9860000000,8651000000.0,1602000000.0,17678000000.0,4674000000,,,0.17177999616718062,0.15071691144445026,0.17862680534504086,0.30798445965957594,0.0814299900695134
ORCL,Oracle,2026,67357000000.0,2026-05-31,,,10272000000,8331000000.0,1618000000.0,20606000000.0,4811000000,,,0.1525008536603471,0.12368424959543922,0.1477055094496489,0.30592217586887777,0.07142539008566295
PANW,Palo Alto Networks,2011,118597000.0,2011-07-31,32273000.0,86324000.0,21366000,62254000.0,13108000.0,-10404000.0,4733000,,0.7278767591085777,0.18015632773173015,0.5249205291870789,0.6354460905419193,-0.08772565916507163,0.03990826074858555
PANW,Palo Alto Networks,2012,255138000.0,2012-07-31,70553000.0,184585000.0,38570000,115917000.0,26207000.0,3891000.0,13837000,,0.7234712194968997,0.15117309064114323,0.4543305975589681,0.5570475585761431,0.015250570279613386,0.05423339526060406
PANW,Palo Alto Networks,2013,396107000.0,2013-07-31,109756000.0,286351000.0,62482000,199771000.0,42719000.0,-18621000.0,43704000,,0.7229132532371304,0.1577402065603486,0.5043359496297718,0.6121830717457657,-0.047010025068983885,0.11033382394151076
PANW,Palo Alto Networks,2014,598200000.0,2014-07-31,159600000.0,438600000.0,104800000,334800000.0,73100000.0,-215300000.0,99800000,,0.7331995987963892,0.17519224339685724,0.559679037111334,0.6818789702440655,-0.3599130725509863,0.16683383483784686
PANW,Palo Alto Networks,2015,928100000.0,2015-07-31,251500000.0,676600000.0,185800000,489000000.0,101600000.0,-99800000.0,221300000,,0.7290162697985131,0.20019394461803686,0.5268828790001078,0.6363538411809072,-0.10753151600043098,0.23844413317530438
PANW,Palo Alto Networks,2016,1378500000.0,2016-07-31,370000000.0,1008500000.0,284200000,743200000.0,138400000.0,-157300000.0,392800000,,0.7315923104824085,0.20616612259702574,0.5391367428364164,0.6395357272397534,-0.1141095393543707,0.2849474066013783
PANW,Palo Alto Networks,2017,1761600000.0,2017-07-31,476400000.0,1278700000.0,347400000,898800000.0,198300000.0,-165800000.0,474500000,,0.7258742052679382,0.19720708446866486,0.5102179836512262,0.6227861035422343,-0.09411898274296095,0.26935740236148953
PANW,Palo Alto Networks,2018,2273100000.0,2018-07-31,645100000.0,1628500000.0,400700000,1074200000.0,257800000.0,-104200000.0,496700000,,0.7164225067088997,0.1762790902292024,0.4725704984382561,0.585983898640623,-0.04584048216092561,0.21851216400510318
PANW,Palo Alto Networks,2019,2899600000.0,2019-07-31,808400000.0,2091200000.0,539500000,1344000000.0,261800000.0,-54100000.0,567700000,,0.7212029245413161,0.1860601462270658,0.46351220858049386,0.5538005242102358,-0.018657745895985654,0.19578562560353152
PANW,Palo Alto Networks,2020,3408400000.0,2020-07-31,999500000.0,2408900000.0,768100000,1520200000.0,299600000.0,-179000000.0,658400000,,0.7067539021241638,0.2253550052810703,0.446015725853773,0.5339162070179556,-0.05251731017486211,0.1931698157493252
PANW,Palo Alto Networks,2021,4256100000.0,2021-07-31,1274900000.0,2981200000.0,1140400000,1753800000.0,391100000.0,-304100000.0,894500000,,0.7004534667888442,0.2679448321233054,0.41206738563473605,0.5039590235191842,-0.07145038885364535,0.21016893400061087
PANW,Palo Alto Networks,2022,5501500000.0,2022-07-31,1718700000.0,3782800000.0,1417700000,2148900000.0,405000000.0,-188800000.0,1011100000,,0.6875942924656911,0.2576933563573571,0.3906025629373807,0.4642188494047078,-0.034317913296373716,0.1837862401163319
PANW,Palo Alto Networks,2023,6892700000.0,2023-07-31,1909700000.0,4983000000.0,1604000000,2544000000.0,447700000.0,387300000.0,1074500000,,0.722938761298185,0.232709968517417,0.36908613460617756,0.43403891073164363,0.05618988204912444,0.15588956432167367
PANW,Palo Alto Networks,2024,8027000000.0,2024-07-31,2059000000.0,5968000000.0,1810000000,2794000000.0,680000000.0,684000000.0,1076000000,,0.7434907188239691,0.22548897471035256,0.3480752460445995,0.43278933599103026,0.08521240812258628,0.13404758938582284
PANW,Palo Alto Networks,2025,9221000000.0,2025-07-31,2451000000.0,6770000000.0,1984000000,3100000000.0,443000000.0,1243000000.0,1295000000,,0.7341936883201388,0.2151610454397571,0.33618913349962043,0.384231645157792,0.13480099772258974,0.14044029931677693
PANW,Palo Alto Networks,2026,11480000000.0,2026-07-31,3403000000.0,8077000000.0,2552000000,3931000000.0,899000000.0,695000000.0,1774000000,,0.7035714285714286,0.22229965156794426,0.3424216027874564,0.42073170731707316,0.06054006968641115,0.15452961672473867
PATH,UiPath,2020,336156000.0,2020-01-31,59405000.0,276751000.0,131066000,483344000.0,179624000.0,-517283000.0,137862000,,0.8232814526588845,0.3898963576434751,1.4378562334154381,1.972203381763229,-1.5388182867478195,0.41011316174633206
PATH,UiPath,2021,607643000.0,2021-01-31,65857000.0,541786000.0,109920000,380154000.0,162035000.0,-110323000.0,86167000,,0.8916189275610844,0.18089569039715755,0.6256206358009555,0.8922821459310812,-0.1815589087671544,0.14180530344297557
PATH,UiPath,2022,892252000.0,2022-01-31,168868000.0,723384000.0,276657000,697682000.0,249991000.0,-500946000.0,515583000,,0.8107395668488274,0.31006599032560306,0.7819338034546294,1.062113618125821,-0.5614400416025965,0.5778445999560662
PATH,UiPath,2023,1058581000.0,2023-01-31,180051000.0,878530000.0,285750000,701558000.0,239505000.0,-348283000.0,369840000,,0.829912873932179,0.2699368305306821,0.6627343585422372,0.8889853492552766,-0.32900930585377974,0.3493733592422309
PATH,UiPath,2024,1308072000.0,2024-01-31,195924000.0,1112148000.0,332101000,713130000.0,231637000.0,-164720000.0,371955000,,0.8502192539860192,0.2538858717257154,0.5451764123075794,0.7222591722779785,-0.12592579001767487,0.2843536135625562
PATH,UiPath,2025,1429664000.0,2025-01-31,246942000.0,1182722000.0,380682000,738493000.0,226116000.0,-162569000.0,358151000,,0.8272727018376346,0.26627375383306845,0.5165500425274749,0.6747102815766501,-0.11371133357208407,0.25051410681111086
PATH,UiPath,2026,1610572000.0,2026-01-31,270984000.0,1339588000.0,385208000,683329000.0,214291000.0,56760000.0,290676000,,0.8317467334586718,0.23917465347714972,0.42427721331303414,0.5573299424055553,0.0352421375759668,0.18047997854178516
PCTY,Paylocity,2012,55096000.0,2012-06-30,29094000.0,26002000.0,1788000,12828000.0,8618000.0,2768000.0,203000,,0.47193988674313925,0.03245244663859445,0.23282996950776827,0.38924785828372294,0.05023958182082184,0.0036844780020328155
PCTY,Paylocity,2013,77294000.0,2013-06-30,39666000.0,37628000.0,6825000,18693000.0,12079000.0,31000.0,523000,,0.4868165704970632,0.08829922115558776,0.24184283385515046,0.39811628328201415,0.0004010660594612777,0.006766372551556395
PCTY,Paylocity,2014,108687000.0,2014-06-30,55094000.0,53593000.0,10355000,28276000.0,21980000.0,-7018000.0,4929000,,0.4930948503500879,0.09527358377726867,0.2601599087287348,0.46239200640370975,-0.06457073983089054,0.04535040989262745
PCTY,Paylocity,2015,152698000.0,2015-06-30,70896000.0,81802000.0,19864000,43035000.0,32824000.0,-13921000.0,13169000,,0.5357110112771615,0.13008683807253532,0.28183080328491533,0.49679105161822684,-0.0911668784136007,0.08624212497871615
PCTY,Paylocity,2016,230701000.0,2016-06-30,98085000.0,132616000.0,26736000,61832000.0,47598000.0,-3550000.0,17563000,,0.5748392941513041,0.11589026488831865,0.2680179106289093,0.4743369122803976,-0.015387883017412148,0.07612884209431255
PCTY,Paylocity,2017,300010000.0,2017-06-30,123987000.0,176023000.0,29098000,77506000.0,62123000.0,7296000.0,26734000,,0.5867237758741375,0.096990100329989,0.25834472184260526,0.4654144861837939,0.024319189360354654,0.0891103629879004
PCTY,Paylocity,2018,377527000.0,2018-06-30,149197000.0,228330000.0,37645000,95484000.0,79252000.0,15949000.0,30354000,,0.6048044245842019,0.09971472239071642,0.2529196587263957,0.46284371713811195,0.042245985055373525,0.08040219639919793
PCTY,Paylocity,2019,467633000.0,2019-06-30,153851000.0,313782000.0,50329000,112599000.0,94630000.0,56224000.0,38765000,,0.6710005495762703,0.10762499652505277,0.24078497454200196,0.44314451717479303,0.12023103587642446,0.08289620279150531
PCTY,Paylocity,2020,561329000.0,2020-06-30,182010000.0,379319000.0,62766000,145134000.0,105248000.0,66171000.0,47493000,,0.6757516536647848,0.11181677768296311,0.2585542524971986,0.4460521369820551,0.11788273899976663,0.08460813533596162
PCTY,Paylocity,2021,635627000.0,2021-06-30,219298000.0,416329000.0,76707000,161808000.0,119771000.0,58043000.0,63052000,,0.6549894828256194,0.12067926629926042,0.25456439075117954,0.44299408300780174,0.09131613351855726,0.09919654136781478
PCTY,Paylocity,2022,852651000.0,2022-06-30,287002000.0,565649000.0,102908000,214455000.0,163692000.0,84594000.0,96202000,,0.6634003830406578,0.12069181880980612,0.251515567330596,0.44349563889563254,0.09921292533521922,0.11282693622595881
PCTY,Paylocity,2023,1174598000.0,2023-06-30,367039000.0,807559000.0,163994000,296716000.0,191823000.0,155026000.0,147300000,,0.6875194747479563,0.13961712858356645,0.25261068042002455,0.4159201701348036,0.13198217602958628,0.12540460651218543
PCTY,Paylocity,2024,1402515000.0,2024-06-30,441729000.0,960786000.0,178333000,334954000.0,187406000.0,260093000.0,146032000,,0.6850450797317675,0.12715229427136251,0.23882382719614406,0.3724452144896846,0.18544757097072045,0.10412152454697454
PCTY,Paylocity,2025,1595221000.0,2025-06-30,498223000.0,1096998000.0,205851000,374216000.0,212907000.0,304024000.0,142820000,,0.6876777575019386,0.1290423082444376,0.23458567809726677,0.36805119792179264,0.19058425133570833,0.08952991466386162
PCTY,Paylocity,2026,1771326000.0,2026-06-30,545824000.0,1225502000.0,221389000,393878000.0,224242000.0,385993000.0,138657000,,0.691855705838451,0.12498489831911234,0.2223633594267797,0.34895891552430214,0.2179118919950365,0.07827864548931139
PLTR,Palantir,2018,595409000.0,2018-12-31,165401000.0,430008000.0,285451000,461762000.0,306235000.0,-623440000.0,248503000,,0.7222060801902558,0.4794200289212961,0.7755374876765383,1.2898646140720076,-1.047078562803048,0.417365206102024
PLTR,Palantir,2019,742555000.0,2019-12-31,242373000.0,500182000.0,305563000,450120000.0,320943000.0,-576444000.0,241970000,,0.6735958952535502,0.41150217828982366,0.6061773201985038,1.038391768959875,-0.7762980519961484,0.3258613840052252
PLTR,Palantir,2020,1092673000.0,2020-12-31,352547000.0,740126000.0,560660000,683701000.0,669444000.0,-1173679000.0,1270702000,,0.6773536089937245,0.5131086793578683,0.6257141889659578,1.238380558501949,-1.0741356288660926,1.1629298060810507
PLTR,Palantir,2021,1541889000.0,2021-12-31,339404000.0,1202485000.0,387487000,614512000.0,611532000.0,-411046000.0,778215000,,0.7798777992449522,0.2513066764209356,0.3985449017406571,0.7951571092341926,-0.2665859864101761,0.504715319974395
PLTR,Palantir,2022,1905871000.0,2022-12-31,408549000.0,1497322000.0,359679000,702511000.0,596333000.0,-161201000.0,564798000,,0.7856365934525474,0.1887215871378493,0.3686036463118438,0.6814962817525425,-0.08458127543784442,0.29634639490290793
PLTR,Palantir,2023,2225012000.0,2023-12-31,431105000.0,1793907000.0,404624000,744992000.0,524325000.0,119966000.0,475903000,,0.8062459887856784,0.18185250236852654,0.3348260593650731,0.5704764738347479,0.05391701258240405,0.21388783521167526
PLTR,Palantir,2024,2865507000.0,2024-12-31,565990000.0,2299517000.0,507878000,887755000.0,593481000.0,310403000.0,691638000,,0.8024817248745161,0.1772384433191055,0.30980730460613076,0.5169193444650458,0.10832393709036481,0.24136671102181917
PLTR,Palantir,2025,4475446000.0,2025-12-31,789177000.0,3686269000.0,557677000,1056859000.0,657718000.0,1414015000.0,684033000,,0.8236651721415028,0.12460813961334803,0.23614607348630728,0.38310751598835063,0.3159495165398041,0.15284130341422955
PTC,PTC,2008,1070330000.0,2008-09-30,300663000.0,769667000.0,182022000,306880000.0,87829000.0,125245000.0,44396000,,0.7190931768706847,0.17006156979623108,0.28671531210000656,0.368773182102716,0.11701531303429784,0.04147879625909766
PTC,PTC,2009,938185000.0,2009-09-30,279797000.0,658388000.0,188501000,301369000.0,80670000.0,19295000.0,43328000,,0.701767775012391,0.20092092710925882,0.32122555785905765,0.40721073135895375,0.020566306218922706,0.046182789108757866
PTC,PTC,2010,1010049000.0,2010-09-30,307695000.0,702354000.0,201567000,317532000.0,92875000.0,74775000.0,48911000,,0.6953662644089544,0.19956160542706344,0.31437286705892487,0.40632385161511964,0.07403106185937514,0.0484243833714998
PTC,PTC,2011,1166949000.0,2011-09-30,356768000.0,810181000.0,211406000,353051000.0,110291000.0,117114000.0,45402000,,0.6942728431148234,0.1811613018221019,0.30254192771063687,0.39705419859822494,0.10035914165914706,0.03890658460652522
PTC,PTC,2012,1255679000.0,2012-09-30,372128000.0,883551000.0,214960000,377796000.0,117468000.0,128096000.0,51305000,,0.7036440045584899,0.17119024846318207,0.3008698879251783,0.39441927435276053,0.10201333302539901,0.04085837224322458
PTC,PTC,2013,1293541000.0,2013-09-30,373039000.0,920502000.0,221918000,360640000.0,131937000.0,127324000.0,48787000,,0.7116140887687363,0.17155853583303507,0.27880059464678736,0.3807973616607436,0.09843058704749212,0.037715851295011135
PTC,PTC,2014,1356967000.0,2014-09-30,373683000.0,983284000.0,226496000,367454000.0,132225000.0,196576000.0,50889000,,0.724618947992103,0.16691341793868236,0.2707906677170484,0.3682322414620252,0.1448642450405942,0.03750201736667141
PTC,PTC,2015,1255242000.0,2015-09-30,334734000.0,920508000.0,227513000,346794000.0,158715000.0,41616000.0,50182000,,0.7333311026877686,0.18125030870541298,0.27627660642330326,0.4027183602843117,0.03315376636537019,0.03997794847527409
PTC,PTC,2016,1140533000.0,2016-09-30,325665000.0,814868000.0,229331000,367465000.0,145615000.0,-37014000.0,65996000,,0.7144624486972319,0.2010735331638804,0.3221870827060681,0.44985984622978903,-0.03245324773592698,0.057864174030913616
PTC,PTC,2017,1164039000.0,2017-09-30,329019000.0,835537000.0,236028000,372702000.0,144991000.0,41766000.0,76708000,,0.717791242389645,0.20276640215662878,0.3201799939692742,0.4447385353927145,0.03588024112594165,0.06589813571538411
PTC,PTC,2018,1241824000.0,2018-09-30,326194000.0,915322000.0,249786000,414764000.0,143045000.0,72613000.0,82939000,,0.7370786842579947,0.2011444455897132,0.3339957997268534,0.4491852307573376,0.05847285927796531,0.06678804725951504
PTC,PTC,2019,1255631000.0,2019-09-30,325378000.0,930253000.0,246888000,417449000.0,127919000.0,63042000.0,86400000,,0.7408649515661847,0.1966246452978622,0.332461527311766,0.4343377951006307,0.05020742558920575,0.06881002460117662
PTC,PTC,2020,1458415000.0,2020-09-30,334271000.0,1124144000.0,256575000,435451000.0,159826000.0,210863000.0,115149000,,0.7707984352876239,0.17592729092885084,0.2985782510465128,0.40816708550035485,0.14458367474278583,0.07895489281171683
PTC,PTC,2021,1807159000.0,2021-09-30,371102000.0,1436057000.0,299917000,517779000.0,206006000.0,380748000.0,177289000,,0.7946489489856731,0.1659604937916365,0.2865154643282633,0.4005098610581581,0.21068871084392685,0.09810370863880821
PTC,PTC,2022,1933347000.0,2022-09-30,385980000.0,1547367000.0,338822000,485247000.0,204732000.0,447362000.0,174863000,,0.8003565836862188,0.17525151977373954,0.25098805336031244,0.3568831668603722,0.2313925022254153,0.09044573995252791
PTC,PTC,2023,2097053000.0,2023-09-30,441006000.0,1656047000.0,394370000,530125000.0,233516000.0,458474000.0,206459000,,0.7897020246984697,0.1880591477659363,0.25279523216628286,0.36414959469312413,0.2186277600041582,0.09845197045568232
PTC,PTC,2024,2298472000.0,2024-09-30,444816000.0,1853656000.0,433047000,558954000.0,232377000.0,588062000.0,223461000,,0.8064731700016359,0.18840647177777237,0.24318503771201042,0.3442856819661062,0.25584910323031995,0.09722154544410373
PTC,PTC,2025,2739226000.0,2025-09-30,444983000.0,2294243000.0,457693000,566516000.0,226058000.0,982385000.0,216205000,,0.8375515565345831,0.1670884403112412,0.20681608600385656,0.28934231786643383,0.35863597965264643,0.07892923037383553
S,SentinelOne,2020,46474000.0,2020-01-31,18331000.0,28143000.0,36683000,51322000.0,15122000.0,-74984000.0,4346000,,0.6055644016008951,0.7893230623574472,1.1043163919610965,1.4297026294272066,-1.6134612901837586,0.09351465335456384
S,SentinelOne,2021,93056000.0,2021-01-31,39332000.0,53724000.0,62444000,77740000.0,29059000.0,-115519000.0,15912000,,0.577329779917469,0.6710367950481431,0.8354109353507565,1.147685264786795,-1.241392279917469,0.17099381017881707
S,SentinelOne,2022,204799000.0,2022-01-31,81677000.0,123122000.0,136274000,160576000.0,93504000.0,-267232000.0,87889000,,0.601184576096563,0.6654036396662093,0.7840663284488694,1.2406310577688369,-1.304850121338483,0.4291476032597815
S,SentinelOne,2023,422179000.0,2023-01-31,144177000.0,278002000.0,207008000,310848000.0,162722000.0,-402576000.0,164466000,,0.6584931983826765,0.4903322998064802,0.7362943206554565,1.1217279874176593,-0.953567088841463,0.38956461595673875
S,SentinelOne,2024,621154000.0,2024-01-31,179281000.0,441873000.0,218176000,397160000.0,198247000.0,-378416000.0,216870000,,0.7113743129723064,0.35124300898005967,0.6393905537113179,0.9585497316285494,-0.6092144621140652,0.34914047080112176
S,SentinelOne,2025,821461000.0,2025-01-31,211106000.0,610355000.0,267002000,487225000.0,185487000.0,-329359000.0,267531000,,0.74301153676194,0.32503308130270336,0.5931200629122989,0.8189214095373973,-0.4009429540781607,0.325677055879707
S,SentinelOne,2026,1001278000.0,2026-01-31,259177000.0,742101000.0,323853000,525151000.0,202141000.0,-321309000.0,297587000,,0.741153805436652,0.32343964413479576,0.5244807136479579,0.7263637071822211,-0.32089889121702464,0.2972071692377142
SHOP,Shopify,2013,50252000.0,2013-12-31,13513000.0,36739000.0,13682000,23351000.0,3975000.0,-4269000.0,1766000,,0.7310952797898591,0.2722677704369975,0.4646780227652631,0.5437793520655895,-0.08495184271272785,0.0351428798853777
SHOP,Shopify,2014,105018000.0,2014-12-31,43223000.0,61795000.0,25915000,45929000.0,11566000.0,-21615000.0,4443000,,0.5884229370203203,0.24676722085737682,0.4373440743491592,0.5474775752728104,-0.2058218591098669,0.042307033080043424
SHOP,Shopify,2015,205233000.0,2015-12-31,94162000.0,111071000.0,39722000,70374000.0,18731000.0,-17756000.0,8158000,,0.5411946421871726,0.193545872252513,0.34289807194749383,0.43416507091939405,-0.08651630098473442,0.03974994274799862
SHOP,Shopify,2022,5600000000.0,2022-12-31,2846000000.0,2754000000.0,1503000000,1230000000.0,708000000.0,-822000000.0,549000000,,0.49178571428571427,0.26839285714285716,0.21964285714285714,0.3460714285714286,-0.1467857142857143,0.09803571428571428
SHOP,Shopify,2023,7060000000.0,2023-12-31,3545000000.0,3515000000.0,1730000000,1220000000.0,491000000.0,-1418000000.0,615000000,,0.4978753541076487,0.24504249291784702,0.17280453257790368,0.2423512747875354,-0.2008498583569405,0.08711048158640226
SHOP,Shopify,2024,8880000000.0,2024-12-31,4408000000.0,4472000000.0,1367000000,1393000000.0,410000000.0,1075000000.0,430000000,,0.5036036036036036,0.15394144144144145,0.15686936936936938,0.20304054054054055,0.12105855855855856,0.04842342342342342
SHOP,Shopify,2025,11556000000.0,2025-12-31,6001000000.0,5555000000.0,1536000000,1663000000.0,471000000.0,1468000000.0,449000000,,0.48070266528210454,0.13291796469366562,0.143907926618207,0.18466597438560056,0.12703357563170647,0.03885427483558325
SNOW,Snowflake,2019,96666000.0,2019-01-31,51753000.0,44913000.0,68681000,125642000.0,36055000.0,-185465000.0,22409000,,0.4646204456582459,0.7104980034345064,1.299753791405458,1.6727391223387746,-1.9186166801150353,0.23181884012993192
SNOW,Snowflake,2020,264748000.0,2020-01-31,116557000.0,148191000.0,105160000,293577000.0,107542000.0,-358088000.0,78399000,,0.5597436052396997,0.39720791091906266,1.108892229591914,1.5150973756175683,-1.3525616812969314,0.2961268829226283
SNOW,Snowflake,2021,592049000.0,2021-01-31,242588000.0,349461000.0,237946000,479317000.0,176135000.0,-543937000.0,301441000,,0.5902568875211343,0.4019025452285199,0.8095900846044838,1.1070907982278493,-0.9187364559352351,0.5091487359998919
SNOW,Snowflake,2022,1219327000.0,2022-01-31,458433000.0,760894000.0,466932000,743965000.0,265033000.0,-715036000.0,605095000,,0.6240278448685217,0.3829423936318969,0.6101439564612282,0.8275040247612002,-0.5864185735245755,0.49625326102021855
SNOW,Snowflake,2023,2065659000.0,2023-01-31,717540000.0,1348119000.0,788058000,1106507000.0,295821000.0,-842267000.0,861533000,,0.6526338567982422,0.38150440125887186,0.5356677941518905,0.6788768136463956,-0.4077473581070254,0.41707416374145007
SNOW,Snowflake,2024,2806489000.0,2024-01-31,898558000.0,1907931000.0,1287949000,1391747000.0,323008000.0,-1094773000.0,1168015000,,0.6798284261937246,0.45891824268685893,0.4959032442314935,0.6109965155751546,-0.3900863320682889,0.41618370854117015
SNOW,Snowflake,2025,3626396000.0,2025-01-31,1214673000.0,2411723000.0,1783379000,1672092000.0,412262000.0,-1456010000.0,1479314000,,0.6650467847416554,0.49177723558044956,0.4610891915830483,0.5747728598862342,-0.4015033107250284,0.40792952562268436
SNOW,Snowflake,2026,4683946000.0,2026-01-31,1537805000.0,3146141000.0,1969472000,2062137000.0,549697000.0,-1435165000.0,1599547000,,0.6716860100436683,0.4204728235551819,0.4402563564994131,0.5576140288551577,-0.3064008423666712,0.3414956107521308
TEAM,Atlassian,2021,2089132000.0,2021-06-30,331850000.0,1757282000.0,932994000,371644000.0,311238000.0,141406000.0,340817000,,0.8411541252539332,0.44659408787955956,0.17789397702012127,0.3268735532268904,0.06768648414748327,0.16313808797146376
TEAM,Atlassian,2022,2802882000.0,2022-06-30,452914000.0,2349968000.0,1291877000,535815000.0,452193000.0,70083000.0,524803000,,0.8384113209189684,0.4609102345371657,0.19116573583903995,0.3524971796886205,0.025003906693182233,0.18723692256755725
TEAM,Atlassian,2023,3534647000.0,2023-06-30,633765000.0,2900882000.0,1869881000,769861000.0,606362000.0,-345222000.0,948087000,,0.8206992098503755,0.5290149200188873,0.2178042107175059,0.38935231721866426,-0.09766802738717614,0.2682267847397491
TEAM,Atlassian,2024,4358603000.0,2024-06-30,803495000.0,3555108000.0,2184111000,877497000.0,610577000.0,-117077000.0,1081433000,,0.8156530888452103,0.5011034498897927,0.20132528702430572,0.3414107685421223,-0.02686112958670473,0.24811459084481885
TEAM,Atlassian,2025,5215304000.0,2025-06-30,894851000.0,4320453000.0,2669312000,1134535000.0,646998000.0,-130392000.0,1362222000,,0.828418247526894,0.5118228966135052,0.21753957199810403,0.34159715330113066,-0.025001802387741922,0.2611970462316291
TEAM,Atlassian,2026,6572308000.0,2026-06-30,996830000.0,5575478000.0,3269257000,1541178000.0,754688000.0,10355000.0,1606561000,,0.8483287758273045,0.4974290614499503,0.23449570531387148,0.3493241643574829,0.0015755500198712537,0.24444396093427148
TWLO,Twilio,2014,88846000.0,2014-12-31,41423000.0,47423000.0,21824000,33322000.0,18960000.0,-26683000.0,3978000,,0.5337662922360039,0.24563852058618282,0.37505346329604033,0.5884564302275848,-0.30032865857776375,0.04477410350494113
TWLO,Twilio,2015,166919000.0,2015-12-31,74454000.0,92465000.0,42559000,49308000.0,35991000.0,-35393000.0,8877000,,0.5539513177049946,0.2549679784805804,0.2954007632444479,0.5110203152427225,-0.2120369760183083,0.053181483234383146
TWLO,Twilio,2016,277335000.0,2016-12-31,120520000.0,156815000.0,77926000,65267000.0,51077000.0,-41315000.0,24225000,,0.5654353038743758,0.28098148448627114,0.23533632610380947,0.4195070943083275,-0.14897146050804982,0.08734923468008005
TWLO,Twilio,2017,399020000.0,2017-12-31,182895000.0,216125000.0,120739000,100669000.0,60791000.0,-66074000.0,49619000,,0.5416395168161997,0.30258884266452807,0.2522906119993985,0.4046413713598316,-0.16559069720816,0.1243521627988572
TWLO,Twilio,2018,650067000.0,2018-12-31,300841000.0,349226000.0,171358000,175555000.0,117548000.0,-115235000.0,93273000,,0.5372153947208519,0.2636005211770479,0.27005677876280443,0.4508812168591853,-0.17726634331538133,0.14348213338009774
TWLO,Twilio,2019,1134468000.0,2019-12-31,525551000.0,608917000.0,391355000,369079000.0,218268000.0,-369785000.0,264318000,,0.536742332088697,0.3449678615879866,0.32533222620646857,0.5177290148333844,-0.325954544332674,0.23298850209966257
TWLO,Twilio,2020,1761776000.0,2020-12-31,846115000.0,915661000.0,530548000,567407000.0,310607000.0,-492901000.0,360936000,,0.5197374694626331,0.30114384575564657,0.3220653476945991,0.4983686915930289,-0.2797750678860423,0.20487053972809255
TWLO,Twilio,2021,2841839000.0,2021-12-31,1451126000.0,1390713000.0,789219000,1044618000.0,472460000.0,-915584000.0,632285000,,0.48937079123764576,0.27771418437145806,0.36758521506672265,0.5338367162953285,-0.32218010942914077,0.22249149230480686
TWLO,Twilio,2022,3826321000.0,2022-12-31,2012744000.0,1813577000.0,1079081000,1248032000.0,517414000.0,-1205308000.0,798560000,,0.47397408633515065,0.28201528308785384,0.3261702298369635,0.46139516261181435,-0.31500441285506364,0.2087017790718552
TWLO,Twilio,2023,4153945000.0,2023-12-31,2110015000.0,2043930000.0,942790000,1022985000.0,468459000.0,-876541000.0,675857000,,0.492045513361395,0.2269625620945872,0.24626830639307934,0.35904278944473267,-0.21101410827538641,0.1627024430992707
TWLO,Twilio,2024,4458036000.0,2024-12-31,2179824000.0,2278212000.0,1008747000,860821000.0,449079000.0,-53708000.0,616607000,,0.5110349041595895,0.22627610005841137,0.19309422355494663,0.2938289417133464,-0.01204745766970029,0.13831359818538927
TWLO,Twilio,2025,5067220000.0,2025-12-31,2588486000.0,2478734000.0,1020159000,873216000.0,410678000.0,157802000.0,600407000,,0.4891703932333706,0.20132518422330192,0.1723264432963242,0.253372460639167,0.03114173057416098,0.1184884413939004
TYL,Tyler Technologies,2009,290286000.0,2009-12-31,161523000.0,128763000.0,11159000,,,44784000.0,5045000,70115000.0,0.4435728901841632,0.03844139917185121,,0.24153765596687404,0.15427543870527685,0.017379412028137767
TYL,Tyler Technologies,2010,288628000.0,2010-12-31,160311000.0,128317000.0,13971000,,,41641000.0,6132000,69480000.0,0.44457571683966907,0.04840486716465485,,0.24072508557728287,0.14427221198220547,0.021245340022451046
TYL,Tyler Technologies,2011,309391000.0,2011-12-31,167479000.0,141912000.0,16414000,,,46517000.0,6253000,75650000.0,0.4586817328235146,0.05305260980442224,,0.24451260702476801,0.15035020411065608,0.020210671932926298
TYL,Tyler Technologies,2012,363304000.0,2012-12-31,195602000.0,167702000.0,20140000,,,56577000.0,7411000,86706000.0,0.4616024045978024,0.05543566820073547,,0.23865963490630437,0.15572908638495586,0.020398894589654944
TYL,Tyler Technologies,2013,416643000.0,2013-12-31,223440000.0,193203000.0,23269000,,,67128000.0,11653000,98289000.0,0.4637135389290112,0.05584877221026154,,0.2359069995175726,0.16111635140876002,0.027968788627194024
TYL,Tyler Technologies,2014,493101000.0,2014-12-31,259730000.0,233371000.0,25743000,,,94822000.0,14819000,108260000.0,0.4732722099529305,0.052206343122402916,,0.21954934181841043,0.19229731839927316,0.030052666695058416
TYL,Tyler Technologies,2015,591022000.0,2015-12-31,313835000.0,277187000.0,29922000,,,108043000.0,20182000,133317000.0,0.46899607798017673,0.05062755701141413,,0.22557028333970647,0.1828070697875883,0.0341476290222699
TYL,Tyler Technologies,2016,759880000.0,2016-12-31,400692000.0,359188000.0,43154000,,,137656000.0,29747000,165176000.0,0.47269042480391643,0.05679054587566458,,0.21737116386797917,0.18115491919776808,0.03914697057430121
TYL,Tyler Technologies,2017,840899000.0,2017-12-31,441522000.0,399377000.0,47324000,,,162758000.0,37348000,175914000.0,0.474940510096932,0.056277864523563474,,0.2091975373974758,0.19355237668257425,0.04441437081028756
TYL,Tyler Technologies,2018,935282000.0,2018-12-31,495704000.0,439578000.0,63264000,,,152492000.0,52740000,207605000.0,0.46999514584905944,0.06764163108025173,,0.22197048590692434,0.16304387339861132,0.056389409825058114
TYL,Tyler Technologies,2019,1086427000.0,2019-12-31,569527000.0,516900000.0,81342000,,,156367000.0,59967000,257746000.0,0.47577978087805256,0.07487111421199952,,0.237241894761452,0.1439277558455377,0.055196529541331356
TYL,Tyler Technologies,2020,1116663000.0,2020-12-31,574151000.0,542512000.0,88363000,98466000.0,161095000.0,172926000.0,67365000,259561000.0,0.4858332370643605,0.07913130461025394,0.0881787970050051,0.23244344981431284,0.1548596129718635,0.06032706376050787
TYL,Tyler Technologies,2021,1592287000.0,2021-12-31,882643000.0,709644000.0,93481000,118624000.0,271955000.0,180735000.0,104726000,390579000.0,0.4456759365616877,0.05870863732480388,0.07449913238002948,0.2452943470618048,0.11350654750054481,0.06577080639357101
TYL,Tyler Technologies,2022,1850204000.0,2022-12-31,1066341000.0,783863000.0,105184000,135743000.0,267324000.0,214249000.0,102985000,,0.4236630122948605,0.05684994735715629,0.07336650445032007,0.21785003167218317,0.11579750124851097,0.05566142976666357
TYL,Tyler Technologies,2023,1951751000.0,2023-12-31,1090652000.0,861099000.0,109585000,149770000.0,308575000.0,218537000.0,108338000,,0.44119306202481773,0.05614701875392916,0.07673622301205431,0.2348378456063299,0.11196971334970496,0.055508105285971415
TYL,Tyler Technologies,2024,2137803000.0,2024-12-31,1202042000.0,935761000.0,117939000,157731000.0,300938000.0,299526000.0,122813000,,0.43772087512273117,0.05516831999955094,0.07378182180490905,0.21455157467736738,0.1401092617046566,0.0574482307303339
TYL,Tyler Technologies,2025,2332340000.0,2025-12-31,1248640000.0,1083700000.0,204588000,148570000.0,316447000.0,357676000.0,151276000,,0.46464066131010057,0.08771791419775847,0.06369997513227059,0.19937787801092466,0.15335499969987224,0.06486018333519127
VEEV,Veeva,2012,61262000.0,2012-01-31,29056000.0,32206000.0,7750000,12279000.0,5539000.0,6638000.0,434000,,0.5257092488002351,0.12650582742972805,0.20043420064640396,0.29084913976037347,0.10835428161013352,0.007084326336064771
VEEV,Veeva,2013,129548000.0,2013-01-31,57016000.0,72532000.0,14638000,19490000.0,8371000.0,30033000.0,715000,,0.5598851390990213,0.11299286750856825,0.15044616667181276,0.21506314261895204,0.2318291289715009,0.005519189798375891
VEEV,Veeva,2014,210151000.0,2014-01-31,82602000.0,127549000.0,26327000,41507000.0,20411000.0,39304000.0,6950000,,0.606939771878316,0.12527658683518042,0.1975103615971373,0.29463576190453533,0.18702742313860035,0.03307145814200266
VEEV,Veeva,2015,313222000.0,2015-01-31,115658000.0,197564000.0,41156000,56203000.0,30239000.0,69966000.0,14325000,,0.6307475209276487,0.13139562355134696,0.17943503329906585,0.2759767832400023,0.22337511413629949,0.04573433539151145
VEEV,Veeva,2016,409221000.0,2016-01-31,142214000.0,267007000.0,65976000,80984000.0,41458000.0,78589000.0,24258000,,0.6524762903174568,0.16122339762622154,0.19789795733845525,0.2992075186757278,0.1920453740155075,0.059278482775810624
VEEV,Veeva,2017,550542000.0,2017-01-31,173681000.0,376861000.0,96743000,110634000.0,48796000.0,120688000.0,40798000,,0.6845272476940906,0.17572319641371595,0.2009546955545626,0.2895873521002939,0.21921669918008072,0.07410515455678222
VEEV,Veeva,2018,690559000.0,2018-01-31,211439000.0,479137000.0,132017000,128781000.0,60410000.0,157929000.0,54049000,,0.6938393388544642,0.19117410677436686,0.18648804808857752,0.27396790136686366,0.22869733071323378,0.07826847524976142
VEEV,Veeva,2019,862210000.0,2019-01-31,245281000.0,616929000.0,158783000,148867000.0,86413000.0,222866000.0,76425000,,0.7155205808329758,0.18415815172637756,0.17265747323737837,0.2728801568063465,0.25848227230025167,0.08863849874160587
VEEV,Veeva,2020,1104081000.0,2020-01-31,303369000.0,800712000.0,209895000,190331000.0,114267000.0,286219000.0,115906000,,0.7252293989299698,0.19010833444285338,0.17238862003784142,0.27588374403689586,0.2592373204502206,0.10497961653175808
VEEV,Veeva,2021,1465069000.0,2021-01-31,408928000.0,1056141000.0,294220000,235014000.0,149113000.0,377794000.0,185001000,,0.7208814055856755,0.20082330593303113,0.16041155740787635,0.26219038147691337,0.25786771817573095,0.12627459867077934
VEEV,Veeva,2022,1850777000.0,2022-01-31,503678000.0,1347099000.0,382035000,288061000.0,171507000.0,505496000.0,234636000,,0.7278559221343252,0.2064187095473955,0.15564327847169054,0.24831084458041136,0.27312636800651835,0.12677702392022377
VEEV,Veeva,2023,2155060000.0,2023-01-31,609405000.0,1545655000.0,520278000,348691000.0,217595000.0,459091000.0,351907000,,0.7172213302645866,0.24142158454985013,0.16180106354347443,0.26277041010459107,0.21302933561014542,0.1632933653819383
VEEV,Veeva,2024,2363673000.0,2024-01-31,677291000.0,1686382000.0,629031000,381472000.0,246545000.0,429334000.0,393733000,,0.7134582490894468,0.2661243750721864,0.16138949846277384,0.2656953817215833,0.1816384922956771,0.16657676421400083
VEEV,Veeva,2025,2746619000.0,2025-01-31,699636000.0,2046983000.0,693078000,396726000.0,265744000.0,691435000.0,437350000,,0.7452737347262216,0.2523386024781741,0.14444158436244706,0.24119471976273374,0.25174041248531376,0.1592321323052087
VEEV,Veeva,2026,3195311000.0,2026-01-31,782019000.0,2413292000.0,767386000,428798000.0,300739000.0,916369000.0,472703000,,0.7552604425672493,0.2401600345005541,0.13419601409690637,0.22831486512580465,0.2867855429408906,0.14793646064498886
WDAY,Workday,2010,68055000.0,2010-12-31,39864000.0,28191000.0,39175000,36524000.0,8553000.0,-56061000.0,1702000,,0.4142384835794578,0.5756373521416501,0.536683564763794,0.6623613253985747,-0.823760193960767,0.025009183748438763
WDAY,Workday,2012,134427000.0,2012-01-31,65368000.0,69059000.0,62014000,70356000.0,15133000.0,-78444000.0,4182000,,0.5137286408236441,0.46132101437955175,0.5233770001562186,0.6359511110119247,-0.5835434845678323,0.0311098216876074
WDAY,Workday,2013,273657000.0,2013-01-31,116535000.0,157122000.0,102665000,123440000.0,48880000.0,-117863000.0,15328000,,0.5741566998103466,0.3751594148879802,0.45107561655649225,0.629693375283658,-0.4306960903612917,0.056011722703968835
WDAY,Workday,2014,468938000.0,2014-01-31,,,182116000,197373000.0,65921000.0,-153282000.0,61851000,,,0.3883583757341056,0.4208935936093897,0.5614686802946232,-0.3268705031368752,0.13189590095065873
WDAY,Workday,2015,787860000.0,2015-01-31,,,316868000,315840000.0,106051000.0,-215702000.0,156048000,,,0.4021882060264514,0.4008834056812124,0.5354898078338791,-0.2737821440357424,0.19806564618079353
WDAY,Workday,2016,1156690000.0,2016-01-31,,,469944000,413530000.0,148578000.0,-249789000.0,249970000,,,0.40628344673162214,0.35751151994051994,0.48596253101522446,-0.21595155140962574,0.21610803240280455
WDAY,Workday,2017,1574440000.0,2017-01-31,,,680531000,565328000.0,198122000.0,-353086000.0,372272000,,,0.4322368588196438,0.3590660806381952,0.48490256853230357,-0.22426132466146692,0.2364472447346358
WDAY,Workday,2018,2143050000.0,2018-01-31,,,910584000,683367000.0,222909000.0,-303223000.0,478425000,,,0.4249009589136978,0.3188759011688948,0.422890739833415,-0.14149133244674647,0.22324490795828375
WDAY,Workday,2019,2822180000.0,2019-01-31,,,1211832000,891345000.0,347337000.0,-463284000.0,652465000,,,0.4293957153689701,0.31583563061179654,0.43890963723079324,-0.16415820394163377,0.23119184460239955
WDAY,Workday,2020,3627206000.0,2020-01-31,,,1549906000,1146548000.0,367724000.0,-502230000.0,859571000,,,0.42730024156334107,0.3160967422307969,0.4174761510650346,-0.13846194564080452,0.23697882061289047
WDAY,Workday,2021,4317996000.0,2021-01-31,,,1721222000,1233173000.0,414068000.0,-248599000.0,1004854000,,,0.3986159320203168,0.28558919461713256,0.38148275264729287,-0.057572772184133564,0.2327130455887407
WDAY,Workday,2022,5139000000.0,2022-01-31,,,1879000000,1462000000.0,486000000.0,-116000000.0,1101000000,,,0.3656353376143219,0.2844911461373808,0.3790620743335279,-0.02257248491924499,0.21424401634559254
WDAY,Workday,2023,6216000000.0,2023-01-31,,,2247000000,1842000000.0,599000000.0,-222000000.0,1295000000,,,0.3614864864864865,0.29633204633204635,0.3926962676962677,-0.03571428571428571,0.20833333333333334
WDAY,Workday,2024,7259000000.0,2024-01-31,,,2464000000,2139000000.0,702000000.0,183000000.0,1416000000,,,0.3394406943105111,0.29466868714698996,0.3913762226201956,0.025210084033613446,0.1950681912109106
WDAY,Workday,2025,8446000000.0,2025-01-31,,,2626000000,2432000000.0,820000000.0,415000000.0,1519000000,,,0.3109164101349751,0.2879469571394743,0.385034335780251,0.0491356855316126,0.1798484489699266
WDAY,Workday,2026,9552000000.0,2026-01-31,,,2679000000,2616000000.0,912000000.0,721000000.0,1626000000,,,0.28046482412060303,0.27386934673366836,0.3693467336683417,0.07548157453936348,0.17022613065326633
ZM,Zoom,2018,151478000.0,2018-01-31,30780000.0,120698000.0,15733000,82707000.0,27091000.0,-4833000.0,10329000,,0.7968021758935291,0.10386326727313537,0.5460000792194246,0.7248445318792168,-0.03190562325882306,0.06818811972695706
ZM,Zoom,2019,330517000.0,2019-01-31,61001000.0,269516000.0,33014000,185821000.0,44514000.0,6167000.0,8941000,,0.8154376325574781,0.09988593627559247,0.5622131388098041,0.6968930493741623,0.018658646907723356,0.027051558618769986
ZM,Zoom,2020,622658000.0,2020-01-31,115396000.0,507262000.0,67079000,340646000.0,86841000.0,12696000.0,73109000,,0.8146719386886542,0.10773008617892968,0.5470836317850248,0.6865518470813834,0.02039000542834108,0.11741437514654915
ZM,Zoom,2021,2651368000.0,2021-01-31,821989000.0,1829379000.0,164080000,684904000.0,320547000.0,659848000.0,275818000,,0.6899755145268405,0.06188503444259718,0.258320987505318,0.37921970846747793,0.24887077161676538,0.1040285618593873
ZM,Zoom,2022,4099864000.0,2022-01-31,1054554000.0,3045310000.0,362990000,1135959000.0,482770000.0,1063591000.0,477287000,,0.7427831752467887,0.08853708318129577,0.2770723614246716,0.3948250478552459,0.259421044210247,0.11641532499614621
ZM,Zoom,2023,4392960000.0,2023-01-31,1100451000.0,3292509000.0,774059000,1696590000.0,576431000.0,245429000.0,1285752000,,0.7494966947115385,0.17620442708333334,0.3862065668706294,0.5174235595134032,0.055868708114801865,0.29268465909090907
ZM,Zoom,2024,4527224000.0,2024-01-31,1077801000.0,3449423000.0,803187000,1541307000.0,579650000.0,525279000.0,1057161000,,0.7619289436528875,0.17741269263460346,0.34045300166282916,0.46848952028881274,0.11602673072947131,0.23351197113286198
ZM,Zoom,2025,4665433000.0,2025-01-31,1129627000.0,3535806000.0,852415000,1427384000.0,442712000.0,813295000.0,931309000,,0.7578730634434145,0.18270865748152423,0.3059488797717168,0.4008408222773749,0.17432358368451545,0.19961898499024636
ZM,Zoom,2026,4868769000.0,2026-01-31,1119036000.0,3749733000.0,844875000,1388297000.0,392928000.0,1123633000.0,760776000,,0.7701603834562699,0.1735294896923637,0.28514332883733035,0.3658470960524108,0.23078379771149546,0.15625633502020736
ZS,Zscaler,2016,80325000.0,2016-07-31,20127000.0,60198000.0,20940000,56702000.0,9399000.0,-26843000.0,3617000,,0.7494304388422035,0.26069094304388424,0.7059072517896048,0.8229193899782135,-0.3341798941798942,0.04502956738250856
ZS,Zscaler,2017,125717000.0,2017-07-31,27472000.0,98245000.0,33561000,79236000.0,20521000.0,-35073000.0,9919000,,0.7814774453733385,0.2669567361613783,0.6302727554745977,0.7935044584264658,-0.2789837492145056,0.0788994328531543
ZS,Zscaler,2018,190174000.0,2018-07-31,37875000.0,152299000.0,39379000,116409000.0,31135000.0,-34624000.0,11224000,,0.8008402831091527,0.20706826380051951,0.6121183758032118,0.7758368651866185,-0.18206484587798544,0.05901963465037282
ZS,Zscaler,2019,302836000.0,2019-07-31,59669000.0,243167000.0,61969000,169913000.0,46598000.0,-35313000.0,46423000,,0.8029659617746899,0.2046289080558454,0.561072659789457,0.714944722556103,-0.11660766883725845,0.15329419223606175
ZS,Zscaler,2020,431269000.0,2020-07-31,95733000.0,335536000.0,97879000,277981000.0,73632000.0,-113956000.0,121395000,,0.7780202147615526,0.22695579788948428,0.6445652249524079,0.8152985723527543,-0.2642341554806861,0.2814832505930174
ZS,Zscaler,2021,673100000.0,2021-07-31,150317000.0,522783000.0,174653000,459407000.0,96535000.0,-207812000.0,258535000,,0.7766795424156886,0.2594755608379141,0.6825241420294161,0.8259426533947407,-0.3087386718169663,0.3840959738523251
ZS,Zscaler,2022,1090946000.0,2022-07-31,242282000.0,848664000.0,289139000,735219000.0,151735000.0,-327429000.0,409562000,,0.7779156805194758,0.26503511631189813,0.6739279487710665,0.8130136597045133,-0.3001330954969357,0.3754191316527124
ZS,Zscaler,2023,1616952000.0,2023-07-31,362832000.0,1254120000.0,350786000,959102000.0,178855000.0,-234623000.0,444834000,,0.7756074391818681,0.216942741652195,0.5931542803991707,0.7037667166372286,-0.14510201910755546,0.2751064966678046
ZS,Zscaler,2024,2167771000.0,2024-07-31,477129000.0,1690642000.0,499828000,1100239000.0,212052000.0,-121477000.0,527676000,,0.7798987992735396,0.2305723252133182,0.5075439241506599,0.6053642197446133,-0.05603774568439194,0.24341870059152926
ZS,Zscaler,2025,2673115000.0,2025-07-31,618178000.0,2054937000.0,672485000,1259158000.0,251754000.0,-128460000.0,661350000,,0.7687424596397835,0.25157353873664245,0.47104520381652115,0.5652252147775161,-0.048056293874375024,0.24740798656249358
ZS,Zscaler,2026,3352523000.0,2026-07-31,777629000.0,2574894000.0,903399000,1495812000.0,308950000.0,-133267000.0,821923000,,0.7680466323422688,0.2694683973831052,0.44617501505582513,0.5383294909535297,-0.03975125599436603,0.24516550669451037
